edge_id,length_cm,oneway
0,64798,True
1,1883,True
2,38595,True
3,1146,True
4,7985,True
5,10044,True
6,1725,True
7,19541,True
8,19498,True
9,11192,True
10,2456,True
11,905,True
12,11192,True
13,20684,True
14,12646,True
15,6216,True
16,1379,True
17,167870,True
18,58999,True
19,51846,True
20,3082,True
21,17406,True
22,24008,True
23,9843,True
24,2964,True
25,2256,True
26,1161,True
27,1565,True
28,34584,True
29,12864,True
30,17596,True
31,19304,True
32,2434,True
33,1420,True
34,15847,True
35,1265,True
36,13525,True
37,10207,True
38,17839,True
39,1290,True
40,5345,True
41,1639,True
42,19351,True
43,14589,True
44,10602,True
45,13541,True
46,1797,True
47,707,True
48,7575,True
49,45954,True
50,1467,True
51,93616,True
52,61621,True
53,1457,True
55,956,True
56,50515,True
57,1959,True
58,71334,True
59,65290,True
60,3110,True
61,40353,True
62,27338,True
63,26588,True
64,25408,True
65,4575,True
66,52120,True
67,1040,True
68,115365,True
70,861,True
71,114711,True
72,2610,True
73,65421,True
74,1226,True
75,46781,True
76,1002,True
77,1100,True
78,92751,True
79,200279,True
80,71654,True
81,21642,True
82,47963,True
83,200279,True
84,217088,True
85,145246,True
86,47963,True
89,4073,True
90,7767,True
91,14067,True
92,14188,True
93,14067,True
94,7668,True
95,13745,True
96,14402,True
97,14188,True
98,13747,True
99,7566,True
100,14402,True
101,7463,True
102,13803,True
103,16947,True
104,13946,True
105,28005,True
106,7033,True
107,16947,True
108,9604,True
109,14215,True
110,8126,True
111,13370,True
112,7454,True
113,6724,True
114,13043,True
115,14397,True
116,3407,True
117,13369,True
118,7454,True
119,6796,True
120,10976,True
121,3407,True
122,16405,True
123,1083,True
124,9430,True
125,1109,True
126,5857,True
127,19816,True
128,1275,True
129,32437,True
130,1470,True
131,932,True
132,2364,True
133,52074,True
134,184981,True
135,1844,True
136,175694,True
138,4283,True
139,7922,True
140,18516,True
141,51636,True
142,1325,True
143,10515,True
144,20019,True
145,9526,True
146,21758,True
147,14564,True
148,846,True
149,1717,True
150,54166,True
151,1103,True
152,23285,True
153,1462,True
154,2417,True
155,17703,True
156,15470,True
157,14636,True
158,154620,True
159,12938,True
160,23889,True
161,3699,True
162,22520,True
163,6425,True
164,11434,True
165,7456,True
166,10806,True
167,1123,True
168,34354,True
169,16065,True
170,13655,True
171,32934,True
172,1423,True
173,1105,True
174,87358,True
175,1796,True
176,25387,True
177,25982,True
178,1681,True
179,5818,True
180,51289,True
181,45671,True
182,84728,True
183,32007,True
184,22647,True
185,2165,True
186,13673,True
187,3341,True
188,17653,True
189,3446,True
190,13871,True
191,15617,True
192,3081,True
193,8611,True
194,5507,True
195,536,True
196,16203,True
197,585,True
198,15595,True
199,8365,True
200,26851,True
201,11167,True
202,96038,True
203,3830,True
204,4064,True
205,4401,True
206,3221,True
207,9503,True
208,28266,True
209,71581,True
210,5577,True
211,23027,True
212,71073,True
213,95484,True
214,38001,True
215,50468,True
216,66872,True
217,95238,True
218,104997,True
219,22171,True
220,12070,True
221,1810,True
222,1348,True
223,10436,True
224,14300,True
225,2149,True
226,19519,True
227,3206,True
228,2570,True
229,9872,True
230,934,True
231,927,True
232,2171,True
233,19129,True
234,18421,True
235,2116,True
236,8362,True
237,866,True
238,21248,True
239,7199,True
240,983,True
241,9319,True
242,3261,True
243,19801,True
244,48518,True
245,18867,True
246,1725,True
247,48518,True
248,18176,True
249,43917,True
250,18378,True
251,2456,True
252,11224,True
253,10925,True
254,2116,True
255,17278,True
256,11056,True
257,1139,True
258,2840,True
259,12789,True
260,10992,True
261,983,True
262,13744,True
263,14446,True
264,1295,True
265,6009,True
266,8943,True
267,11375,True
268,6640,True
269,15084,True
270,9490,True
271,26359,True
272,29498,True
273,1149,True
274,13224,True
275,1686,True
276,34013,True
277,16601,True
278,1565,True
279,5011,True
280,6729,True
281,17013,True
282,19301,True
283,5896,True
284,1593,True
285,1725,True
286,66098,True
287,826,True
288,9498,True
289,1885,True
290,12627,True
291,1533,True
292,6681,True
293,10476,True
294,22025,True
295,1305,True
296,8789,True
297,3684,True
298,20009,True
299,1639,True
300,8395,True
301,15146,True
302,4629,True
303,17264,True
304,5218,True
305,13288,True
306,17473,True
307,16806,True
308,14832,True
309,997,True
310,13151,True
311,30483,True
312,1447,True
313,19017,True
314,28323,True
315,6819,True
316,10805,True
317,11052,True
318,23963,True
319,17648,True
320,10818,True
321,19058,True
322,6157,True
323,20975,True
324,4781,True
325,20247,True
326,1961,True
327,11422,True
328,2437,True
329,13221,True
330,24339,True
331,26240,True
332,13945,True
333,43505,True
334,20974,True
335,2603,True
336,15757,True
337,4395,True
338,29923,True
339,2911,True
340,1676,True
341,10016,True
342,10645,True
343,16940,True
344,100933,True
345,1129,True
346,1768,True
347,149678,True
348,28497,True
349,65117,True
350,17292,True
351,2326,True
352,7751,True
353,32885,True
354,1292,True
355,19195,True
356,32326,True
357,1096,True
358,1114,True
359,13652,True
360,3157,True
361,21021,True
362,2706,True
363,44249,True
364,3288,True
365,44080,True
366,1835,True
367,23130,True
368,20671,True
369,27469,True
370,21360,True
371,6882,True
372,35817,True
373,19492,True
374,16651,True
375,8093,True
376,6091,True
377,4593,True
378,36310,True
379,6031,True
380,33607,True
381,1259,True
382,94443,True
383,36338,True
384,9380,True
385,30961,True
386,5809,True
387,16317,True
388,4994,True
389,10056,True
390,8233,True
391,7003,True
392,29717,True
393,14573,True
394,10417,True
395,15450,True
396,18400,True
397,1821,True
398,17689,True
399,1821,True
400,6121,True
401,24736,True
402,25865,True
403,6334,True
404,7634,True
405,1791,True
406,1075,True
407,46757,True
408,34346,True
409,2450,True
410,108230,True
411,1083,True
412,111283,True
413,68159,True
414,2948,True
415,2505,True
416,110466,True
417,2123,True
418,34449,True
419,2408,True
420,25641,True
421,1054,True
422,3015,True
423,9563,True
424,25900,True
425,84650,True
426,14863,True
427,3465,True
428,13423,True
429,8894,True
430,15646,True
431,2131,True
432,7863,True
433,1119,True
434,9936,True
435,2233,True
436,2640,True
437,36424,True
438,21724,True
439,1138,True
440,19627,True
441,8717,True
442,2314,True
443,8891,True
444,38133,True
445,1315,True
446,22327,True
447,5203,True
448,23073,True
449,9748,True
450,1608,True
451,4305,True
452,27800,True
453,34319,True
454,33672,True
455,16335,True
456,19474,True
457,5149,True
458,5028,True
459,28498,True
460,1196,True
461,33268,True
462,14749,True
463,117055,True
464,21383,True
465,11194,True
466,4982,True
467,145724,True
468,19170,True
469,31516,True
470,2957,True
471,48257,True
472,49442,True
473,51580,True
474,37218,True
475,4017,True
476,3545,True
477,39856,True
478,2907,True
479,70782,True
480,5110,True
481,26361,True
482,24607,True
483,2101,True
484,4018,True
485,2422,True
486,1471,True
487,13565,True
488,9048,True
489,11647,True
490,1968,True
491,7946,True
492,2005,True
493,9389,True
494,26446,True
495,971,True
496,26465,True
497,985,True
498,11501,True
499,1954,True
500,25269,True
501,29194,True
502,31586,True
503,11665,True
504,1030,True
505,1733,True
506,12207,True
507,6275,True
508,1911,True
509,2052,True
510,8849,True
511,1941,True
512,18025,True
513,1341,True
514,34235,True
515,7952,True
516,112498,True
517,10612,True
518,9452,True
519,10251,True
520,6130,True
521,25798,True
522,5948,True
523,3341,True
524,820,True
525,4676,True
526,56836,True
527,14934,True
528,15117,True
529,14901,True
530,8110,True
531,16697,True
532,1216,True
533,14969,True
534,3527,True
535,2931,True
536,15110,True
537,22460,True
538,8457,True
539,3719,True
540,7798,True
541,1008,True
542,4009,True
543,16761,True
544,15664,True
545,14936,True
546,17915,True
547,114001,True
548,15913,True
549,3374,True
550,9980,True
551,990,True
552,11925,True
553,884,True
554,54424,True
555,15239,True
556,86746,True
557,1368,True
558,867,True
559,54457,True
560,3999,True
561,22102,True
562,2401,True
563,20912,True
564,15542,True
565,12716,True
566,12718,True
567,13775,True
568,14008,True
569,12527,True
570,9974,True
571,15217,True
572,9636,True
573,12061,True
574,13775,True
575,1094,True
576,5763,True
577,4636,True
578,17489,True
579,12589,True
580,28574,True
581,4772,True
582,10954,True
583,22416,True
584,37938,True
585,1717,True
586,30570,True
587,16230,True
588,31943,True
589,25064,True
590,19220,True
591,1325,True
592,16979,True
593,78856,True
594,1089,True
595,30583,True
596,1162,True
597,2221,True
598,7404,True
599,5878,True
600,14569,True
601,725,True
602,1973,True
603,25763,True
604,1973,True
605,35474,True
606,25763,True
607,531,True
608,24574,True
609,11737,True
610,845,True
611,1093,True
612,472,True
613,13544,True
614,12060,True
615,11051,True
616,2230,True
617,16965,True
618,24506,True
619,31354,True
620,24506,True
621,11166,True
622,11618,True
623,16965,True
624,16066,True
625,8728,True
626,22315,True
627,35607,True
628,28922,True
629,8385,True
630,23917,True
631,35607,True
632,7466,True
633,7922,True
634,9284,True
635,35514,True
636,22041,True
637,13931,True
638,8577,True
639,9912,True
640,30563,True
641,19369,True
642,16315,True
643,26648,True
644,20153,True
645,17430,True
646,31233,True
647,25481,True
648,4606,True
649,39099,True
650,12657,True
651,1945,True
652,14906,True
653,18871,True
654,7302,True
655,11809,True
656,12079,True
657,15514,True
658,1122,True
659,15677,True
660,35033,True
661,1010,True
662,31233,True
663,36194,True
664,12208,True
665,34837,True
666,11688,True
667,13388,True
668,10771,True
669,16809,True
670,1298,True
671,23386,True
672,17447,True
673,5742,True
674,3891,True
675,3845,True
676,97300,True
677,1358,True
678,1104,True
679,8333,True
680,87381,True
681,2869,True
682,34231,True
683,2567,True
684,4141,True
685,16372,True
686,30563,True
687,20132,True
688,11916,True
689,8383,True
690,9903,True
691,30284,True
692,8902,True
693,8886,True
694,11655,True
695,2785,True
696,9544,True
697,9139,True
698,32005,True
699,1495,True
700,1249,True
701,29833,True
702,996,True
703,1529,True
704,1512,True
705,53103,True
706,1480,True
707,1224,True
708,30575,True
709,1211,True
710,1257,True
711,64101,True
712,1423,True
713,1204,True
714,56002,True
715,1426,True
716,16238,True
717,1462,True
718,1107,True
719,2207,True
720,34184,True
721,49109,True
722,9243,True
723,603,True
724,26749,True
725,15661,True
726,12000,True
727,11526,True
728,18029,True
729,25056,True
730,17520,True
731,19919,True
732,1130,True
733,2212,True
734,1319,True
735,505,True
736,1156,True
737,35543,True
738,8549,True
739,56833,True
740,34935,True
741,1245,True
742,25391,True
743,1245,True
744,44906,True
745,1798,True
746,7174,True
747,3416,True
748,6245,True
749,2023,True
750,3568,True
751,11157,True
752,8923,True
753,11347,True
754,92025,True
755,7874,True
756,21296,True
757,47212,True
758,8783,True
759,60433,True
760,96168,True
761,42788,True
762,7628,True
763,111462,True
764,90294,True
765,37681,True
766,45651,True
767,17107,True
768,40944,True
769,2605,True
770,22825,True
771,33102,True
772,20871,True
773,27427,True
774,28311,True
775,8028,True
776,41985,True
777,25605,True
778,1103,True
779,1077,True
780,28887,True
781,46017,True
782,25374,True
783,50892,True
784,1954,True
785,23340,True
786,50892,True
787,208525,True
788,917,True
789,12251,True
790,38336,True
791,20198,True
792,917,True
793,27242,True
794,568,True
795,6757,True
796,1162,True
797,16666,True
798,1546,True
799,10733,True
800,17690,True
801,32662,True
802,19624,True
803,10820,True
804,18159,True
805,19624,True
806,11224,True
807,10302,True
808,17189,True
809,18159,True
810,10536,True
811,10925,True
812,1004,True
813,17189,True
814,10354,True
815,17936,True
816,1004,True
817,11058,True
818,8362,True
819,17449,True
820,6779,True
821,10099,True
822,10536,True
823,16998,True
824,18346,True
825,1546,True
826,10099,True
827,18657,True
828,14225,True
829,16560,True
830,10733,True
831,7889,True
832,27242,True
833,20198,True
834,6588,True
835,11640,True
836,4557,True
837,11546,True
838,1331,True
839,6151,True
840,13872,True
841,1313,True
842,10727,True
843,1625,True
844,12027,True
845,1407,True
846,10276,True
847,18867,True
848,1584,True
849,19120,True
850,10605,True
851,832,True
852,10076,True
853,13414,True
854,13603,True
855,14029,True
856,1935,True
857,1065,True
858,28946,True
859,32482,True
860,13803,True
861,1254,True
862,5822,True
863,1065,True
864,832,True
865,14167,True
866,1346,True
867,22401,True
868,1260,True
869,14283,True
870,16415,True
871,9906,True
872,15418,True
873,11096,True
874,8935,True
875,14604,True
876,10772,True
877,9647,True
878,11096,True
879,14283,True
880,18299,True
881,14931,True
882,17988,True
883,11391,True
884,14931,True
885,12758,True
886,9596,True
887,10433,True
888,9146,True
889,9952,True
890,10499,True
891,9209,True
892,7846,True
893,17858,True
894,20522,True
895,8588,True
896,17198,True
897,22143,True
898,13007,True
899,10433,True
900,12058,True
901,8793,True
902,13007,True
903,7754,True
904,12677,True
905,19850,True
906,19850,True
907,6042,True
908,10276,True
909,13585,True
910,16659,True
911,10076,True
912,7754,True
913,12810,True
914,15350,True
915,17685,True
916,11664,True
917,18846,True
918,10065,True
919,11809,True
920,12666,True
921,17858,True
922,7487,True
923,10065,True
924,17198,True
925,13047,True
926,8100,True
927,7487,True
928,13809,True
929,6137,True
930,8100,True
931,6137,True
932,28323,True
933,9209,True
934,12810,True
935,8793,True
936,10772,True
937,10499,True
938,9877,True
939,10299,True
940,12721,True
941,14604,True
942,20486,True
943,19125,True
944,9678,True
945,12721,True
946,21061,True
947,20481,True
948,18331,True
949,9678,True
950,11086,True
951,1379,True
952,11842,True
953,1824,True
954,10708,True
955,12379,True
956,15157,True
957,6299,True
958,8119,True
959,26668,True
960,5476,True
961,8119,True
962,2009,True
963,28713,True
964,30432,True
965,1276,True
966,12395,True
967,23553,True
968,1194,True
969,3219,True
970,25733,True
971,6278,True
972,25733,True
973,36328,True
974,10614,True
975,36328,True
976,43177,True
977,43280,True
978,14368,True
979,32934,True
980,56656,True
981,16436,True
982,22899,True
983,11608,True
984,6372,True
985,11608,True
986,31260,True
987,29717,True
988,44344,True
989,7469,True
990,10491,True
991,8712,True
992,1699,True
993,26545,True
994,5174,True
995,1629,True
996,9174,True
997,13616,True
998,1510,True
999,9291,True
1000,13661,True
1001,30852,True
1002,1680,True
1003,14700,True
1004,719,True
1005,690,True
1006,20139,True
1007,17426,True
1008,1024,True
1009,1476,True
1010,8433,True
1011,5994,True
1012,28476,True
1013,12238,True
1014,10408,True
1015,31867,True
1016,28476,True
1017,4875,True
1018,4518,True
1019,21462,True
1020,739,True
1021,11899,True
1022,24797,True
1023,1539,True
1024,18848,True
1025,898,True
1026,45520,True
1027,2079,True
1028,743,True
1029,3811,True
1030,23535,True
1031,1158,True
1032,1458,True
1033,13618,True
1034,7854,True
1035,13705,True
1036,785,True
1037,970,True
1038,34936,True
1039,3616,True
1040,24665,True
1041,1160,True
1042,15957,True
1043,1122,True
1044,23922,True
1045,9856,True
1046,3441,True
1047,23833,True
1048,8875,True
1049,23833,True
1050,9413,True
1051,20536,True
1052,23922,True
1053,8881,True
1054,25849,True
1055,6239,True
1056,22563,True
1057,7170,True
1058,2331,True
1059,22563,True
1060,1681,True
1061,4764,True
1062,117960,True
1063,1830,True
1064,82278,True
1065,2364,True
1066,28184,True
1067,20220,True
1068,1844,True
1071,46451,True
1072,103115,True
1073,54175,True
1074,21642,True
1075,59689,True
1076,1340,True
1077,13149,True
1078,25339,True
1079,1544,True
1080,1135,True
1081,52379,True
1082,1970,True
1083,7296,True
1084,67056,True
1085,41349,True
1086,675,True
1087,58714,True
1088,66670,True
1089,2206,True
1090,120839,True
1092,795,True
1093,949,True
1094,33225,True
1095,4467,True
1096,902,True
1097,10067,True
1098,1880,True
1099,30351,True
1100,2265,True
1101,3956,True
1102,27248,True
1103,4421,True
1104,73107,True
1105,4495,True
1106,28041,True
1107,4705,True
1108,1955,True
1109,18460,True
1110,1846,True
1111,6273,True
1112,6444,True
1113,1846,True
1115,15583,True
1116,17455,True
1117,15583,True
1118,45596,True
1119,1322,True
1120,23584,True
1121,8766,True
1122,1534,True
1123,18177,True
1124,29505,True
1125,9503,True
1126,1772,True
1127,53747,True
1128,20211,True
1129,11589,True
1130,1530,True
1131,16680,True
1132,1530,True
1133,20922,True
1134,20922,True
1135,17861,True
1136,14544,True
1137,5353,True
1138,23584,True
1139,14544,True
1141,36506,True
1142,31342,True
1143,36506,True
1144,18526,True
1145,1944,True
1146,19333,True
1147,1906,True
1148,3346,True
1149,22896,True
1150,1792,True
1151,3146,True
1153,1797,True
1154,3334,True
1155,4549,True
1156,19368,True
1157,1586,True
1158,4597,True
1159,3684,True
1160,23079,True
1161,5659,True
1162,19329,True
1163,3515,True
1164,19045,True
1165,1788,True
1166,23079,True
1167,24434,True
1168,5353,True
1169,16591,True
1170,1639,True
1171,53747,True
1172,24434,True
1173,22915,True
1174,1639,True
1175,3304,True
1176,6273,True
1177,4359,True
1178,10291,True
1179,3372,True
1180,10291,True
1181,3372,True
1183,6317,True
1184,17455,True
1185,6444,True
1186,10293,True
1187,62967,True
1188,207869,True
1189,7473,True
1190,62967,True
1191,1752,True
1194,96397,True
1198,23320,True
1199,8432,True
1200,14478,True
1201,152709,True
1202,40527,True
1203,39186,True
1204,40527,True
1205,14054,True
1206,6119,True
1207,1424,True
1208,6285,True
1209,14201,True
1210,6506,True
1211,14315,True
1212,14213,True
1213,6575,True
1214,6610,True
1215,11810,True
1216,16729,True
1217,1336,True
1218,1489,True
1219,21602,True
1220,16350,True
1221,1438,True
1222,84412,True
1223,39961,True
1224,49397,True
1225,9169,True
1226,701,True
1227,26630,True
1229,9802,True
1230,35633,True
1231,38890,True
1232,13527,True
1233,121759,True
1234,35633,True
1235,17802,True
1236,121759,True
1237,7094,True
1238,6034,True
1239,50689,True
1240,17802,True
1241,13486,True
1242,11985,True
1243,50689,True
1244,902,True
1245,14166,True
1246,14462,True
1247,13565,True
1248,15109,True
1249,14462,True
1250,12399,True
1251,13369,True
1252,15109,True
1253,11487,True
1254,18111,True
1255,13369,True
1256,17049,True
1257,13852,True
1258,11044,True
1259,1489,True
1260,31083,True
1261,21024,True
1262,16350,True
1263,11430,True
1264,2069,True
1265,613,True
1266,29846,True
1267,17895,True
1268,14400,True
1269,4130,True
1270,12172,True
1271,1371,True
1272,3469,True
1273,30436,True
1274,45344,True
1275,26559,True
1276,46441,True
1277,37413,True
1278,16472,True
1279,1524,True
1280,1632,True
1281,13730,True
1282,28389,True
1283,14795,True
1284,19841,True
1285,797,True
1286,6648,True
1287,94803,True
1288,40877,True
1289,112025,True
1290,92123,True
1291,38852,True
1292,36081,True
1293,28424,True
1294,35123,True
1295,38852,True
1297,65167,True
1298,93838,True
1299,142524,True
1309,40877,True
1359,44702,True
1360,28857,True
1361,22486,True
1362,8507,True
1363,86921,True
1364,77979,True
1365,62281,True
1366,77979,True
1367,51681,True
1368,86921,True
1369,61711,True
1370,17442,True
1371,51681,True
1372,11386,True
1373,18658,True
1374,9731,True
1375,12955,True
1376,87186,True
1377,61734,True
1378,72414,True
1379,11942,True
1380,48782,True
1381,61734,True
1382,100782,True
1383,11942,True
1384,24699,True
1385,94803,True
1386,65167,True
1388,64946,True
1389,40143,True
1390,41454,True
1391,1096,True
1392,9903,True
1393,1270,True
1394,1862,True
1395,2361,True
1396,124699,True
1397,7399,True
1398,1108,True
1399,4708,True
1400,7519,True
1401,95419,True
1402,1311,True
1403,4711,True
1404,1533,True
1405,173400,True
1406,29866,True
1407,2707,True
1408,26062,True
1409,1395,True
1410,115705,True
1411,2654,True
1412,29790,True
1413,35648,True
1414,187521,True
1415,2504,True
1416,21421,True
1417,2530,True
1418,26736,True
1419,9920,True
1420,2637,True
1421,28039,True
1422,2430,True
1423,6331,True
1424,19676,True
1425,2928,True
1426,21526,True
1427,2497,True
1428,37488,True
1429,4862,True
1430,2430,True
1431,980,True
1432,1235,True
1433,2764,True
1434,25763,True
1435,10199,True
1436,17631,True
1437,10199,True
1438,13634,True
1439,43347,True
1440,3325,True
1441,32694,True
1442,34482,True
1443,2913,True
1444,25734,True
1445,88449,True
1446,47283,True
1447,2753,True
1448,67566,True
1449,3051,True
1450,18731,True
1451,976,True
1452,17327,True
1453,24654,True
1454,14441,True
1455,7097,True
1456,22955,True
1457,34888,True
1458,2697,True
1459,3022,True
1460,7940,True
1461,2913,True
1462,4824,True
1463,19610,True
1464,23353,True
1465,2681,True
1466,76483,True
1467,530,True
1468,15084,True
1469,753,True
1470,38371,True
1471,82415,True
1472,52045,True
1473,2646,True
1474,2223,True
1475,34364,True
1476,37964,True
1477,2178,True
1478,3686,True
1479,3679,True
1480,2804,True
1481,4375,True
1482,33175,True
1483,3126,True
1484,38458,True
1485,37789,True
1486,58281,True
1487,1452,True
1488,27891,True
1489,22138,True
1490,25010,True
1491,17249,True
1492,13056,True
1493,11443,True
1494,9517,True
1495,57885,True
1496,46274,True
1497,4118,True
1498,23321,True
1499,34159,True
1500,30088,True
1501,2475,True
1502,48530,True
1503,1593,True
1504,23659,True
1505,13946,True
1506,12771,True
1507,7214,True
1508,23177,True
1509,18117,True
1510,10741,True
1511,24639,True
1512,11005,True
1513,16629,True
1514,19635,True
1515,18286,True
1516,19105,True
1517,19105,True
1518,19741,True
1519,12980,True
1520,18117,True
1521,64608,True
1522,24523,True
1523,6647,True
1524,24523,True
1525,1583,True
1526,1289,True
1527,41358,True
1528,53181,True
1529,3055,True
1530,19259,True
1531,26030,True
1532,22164,True
1533,2749,True
1534,14471,True
1535,10627,True
1536,16613,True
1537,14471,True
1538,19704,True
1539,3293,True
1540,5641,True
1541,16310,True
1542,7370,True
1543,15495,True
1544,10600,True
1545,8851,True
1546,1744,True
1547,9102,True
1548,14090,True
1549,9959,True
1550,18788,True
1551,1925,True
1552,19024,True
1553,18005,True
1554,18788,True
1555,17324,True
1556,18005,True
1557,17569,True
1558,19387,True
1559,14262,True
1560,27654,True
1561,11658,True
1562,27654,True
1563,12902,True
1564,24473,True
1565,13832,True
1566,27954,True
1567,12802,True
1568,5276,True
1569,13556,True
1570,5752,True
1571,1257,True
1572,20897,True
1573,4866,True
1574,493,True
1575,53688,True
1576,5531,True
1577,1048,True
1578,694,True
1579,18834,True
1580,592,True
1581,18156,True
1582,982,True
1583,9593,True
1584,11114,True
1585,1067,True
1586,43505,True
1587,1952,True
1588,3015,True
1589,28773,True
1590,1731,True
1591,1519,True
1592,8982,True
1593,1291,True
1594,19933,True
1595,8788,True
1596,13451,True
1597,8160,True
1598,8492,True
1599,13451,True
1600,11907,True
1601,14903,True
1602,9231,True
1603,11907,True
1604,13761,True
1605,15255,True
1606,9774,True
1607,13006,True
1608,9418,True
1609,8492,True
1610,11293,True
1611,13006,True
1612,9231,True
1613,8256,True
1614,13956,True
1615,11293,True
1616,9774,True
1617,7564,True
1618,15157,True
1619,13956,True
1620,10160,True
1621,7016,True
1622,11960,True
1623,1979,True
1624,9418,True
1625,1980,True
1626,11583,True
1627,11960,True
1628,8256,True
1629,1935,True
1630,18299,True
1631,20947,True
1632,16659,True
1633,1221,True
1634,14276,True
1635,13299,True
1636,11842,True
1637,1257,True
1638,10799,True
1639,17283,True
1640,8268,True
1641,14832,True
1642,11006,True
1643,2386,True
1644,12646,True
1645,20975,True
1646,14903,True
1647,2386,True
1648,12907,True
1649,12281,True
1650,1570,True
1651,1980,True
1652,1570,True
1653,3077,True
1654,10618,True
1655,8160,True
1656,12907,True
1657,15255,True
1658,13556,True
1659,12646,True
1660,3811,True
1661,10386,True
1662,8788,True
1663,18652,True
1664,22712,True
1665,18774,True
1666,5268,True
1667,10008,True
1668,1351,True
1669,30262,True
1670,1560,True
1671,4887,True
1672,1396,True
1673,14904,True
1674,1938,True
1675,4778,True
1676,10041,True
1677,142174,True
1678,10222,True
1679,14795,True
1680,13229,True
1681,30153,True
1682,10559,True
1683,10222,True
1684,13744,True
1685,13729,True
1686,5037,True
1687,10559,True
1688,14356,True
1689,14076,True
1690,14561,True
1691,5207,True
1692,8146,True
1693,12948,True
1694,32524,True
1695,928,True
1696,8176,True
1697,32524,True
1698,10510,True
1699,1013,True
1700,13229,True
1701,15084,True
1702,1013,True
1703,1172,True
1704,10292,True
1705,14076,True
1706,15313,True
1707,5035,True
1708,10713,True
1709,20226,True
1710,10654,True
1711,8146,True
1712,18637,True
1713,16319,True
1714,22327,True
1715,22188,True
1716,20226,True
1717,16319,True
1718,9303,True
1719,21768,True
1720,18637,True
1721,16048,True
1722,8945,True
1723,21768,True
1724,4206,True
1725,18940,True
1726,12517,True
1727,7433,True
1728,1060,True
1729,11096,True
1730,16048,True
1731,13729,True
1732,16170,True
1733,10713,True
1734,16930,True
1735,1254,True
1736,24802,True
1737,14588,True
1738,5391,True
1739,1725,True
1740,52714,True
1741,1029,True
1742,24178,True
1743,21791,True
1744,1583,True
1745,5535,True
1746,73086,True
1747,8170,True
1748,3164,True
1749,34140,True
1750,24439,True
1751,9081,True
1752,12515,True
1753,21946,True
1754,11413,True
1755,2705,True
1756,11292,True
1757,7158,True
1758,11367,True
1759,10915,True
1760,9610,True
1761,1052,True
1762,9832,True
1763,2083,True
1764,1365,True
1765,10071,True
1766,11264,True
1767,14890,True
1768,14248,True
1769,29814,True
1770,13215,True
1771,15943,True
1772,20224,True
1773,4159,True
1774,15420,True
1775,13131,True
1776,21947,True
1777,20492,True
1778,9171,True
1779,1200,True
1780,15169,True
1781,13948,True
1782,10451,True
1783,3136,True
1784,609,True
1785,123235,True
1786,4446,True
1787,12255,True
1788,14302,True
1789,5905,True
1790,844,True
1791,25144,True
1792,15434,True
1793,9993,True
1794,4600,True
1795,1994,True
1796,1377,True
1797,15943,True
1798,20124,True
1799,14939,True
1800,787,True
1801,9862,True
1802,1532,True
1803,19066,True
1804,14043,True
1805,2165,True
1806,404,True
1807,2028,True
1808,4884,True
1809,13152,True
1810,4153,True
1811,9007,True
1812,9781,True
1813,10632,True
1814,15915,True
1815,10614,True
1816,3136,True
1817,12289,True
1818,6655,True
1819,1064,True
1820,960,True
1821,42201,True
1822,19035,True
1823,14693,True
1824,4477,True
1825,8354,True
1826,62153,True
1827,5965,True
1828,18388,True
1829,3858,True
1830,12406,True
1831,1148,True
1832,19136,True
1833,25168,True
1834,1365,True
1835,11927,True
1836,1008,True
1837,11453,True
1838,119316,True
1839,14258,True
1840,14870,True
1841,25786,True
1842,37570,True
1843,48013,True
1844,7846,True
1845,17874,True
1846,14870,True
1847,1064,True
1848,9781,True
1849,1511,True
1850,54393,True
1851,3027,True
1852,11691,True
1853,37711,True
1854,1525,True
1855,24000,True
1856,6817,True
1857,2603,True
1858,7095,True
1859,3027,True
1860,11726,True
1861,28854,True
1862,2420,True
1863,1994,True
1864,92683,True
1865,15259,True
1866,15047,True
1867,25166,True
1868,26116,True
1869,6138,True
1870,3206,True
1871,1541,True
1872,3943,True
1873,14941,True
1874,960,True
1875,9829,True
1876,16701,True
1877,30364,True
1878,15259,True
1879,49526,True
1880,25977,True
1881,5430,True
1882,4722,True
1883,15047,True
1884,14258,True
1885,25937,True
1886,5905,True
1887,8034,True
1888,14248,True
1889,18039,True
1890,11104,True
1891,1594,True
1892,14890,True
1893,7095,True
1894,2851,True
1895,824,True
1896,24845,True
1897,2877,True
1898,8501,True
1899,23870,True
1900,24035,True
1901,4023,True
1902,31115,True
1903,14103,True
1904,1354,True
1905,10776,True
1906,4693,True
1907,7512,True
1908,62766,True
1909,8874,True
1910,21398,True
1911,11675,True
1912,2399,True
1913,12098,True
1914,740,True
1915,90340,True
1916,2399,True
1917,8580,True
1918,31172,True
1919,8406,True
1920,9503,True
1921,44182,True
1922,12343,True
1923,12372,True
1924,885,True
1925,14107,True
1926,1846,True
1927,4415,True
1928,4434,True
1929,19005,True
1930,1292,True
1931,13279,True
1932,21462,True
1933,3861,True
1934,62153,True
1935,9503,True
1936,13641,True
1937,13553,True
1938,14632,True
1939,16244,True
1940,1845,True
1941,13277,True
1942,34452,True
1943,4645,True
1944,831,True
1945,5455,True
1946,36350,True
1947,23970,True
1948,19782,True
1949,1340,True
1950,24386,True
1951,1362,True
1952,29475,True
1953,1029,True
1954,20585,True
1955,26304,True
1956,16516,True
1957,1319,True
1958,1531,True
1959,13375,True
1960,3798,True
1961,4112,True
1962,19607,True
1963,37786,True
1964,3035,True
1965,12987,True
1966,10471,True
1967,13172,True
1968,36701,True
1969,6038,True
1970,7825,True
1971,6750,True
1972,12543,True
1973,1445,True
1974,13655,True
1975,14007,True
1976,1345,True
1977,4074,True
1978,6170,True
1979,21770,True
1980,1261,True
1981,1183,True
1982,16664,True
1983,6578,True
1984,21601,True
1985,17881,True
1986,23116,True
1987,7174,True
1988,3278,True
1989,2010,True
1990,4211,True
1991,1491,True
1992,1474,True
1993,3187,True
1994,38909,True
1995,1244,True
1996,64086,True
1997,30765,True
1998,111429,True
1999,5367,True
2000,6026,True
2001,13843,True
2002,3696,True
2003,21008,True
2004,26145,True
2005,48751,True
2006,7408,True
2007,31949,True
2008,8019,True
2009,1432,True
2010,20028,True
2011,13137,True
2012,2077,True
2013,30593,True
2014,22782,True
2015,8361,True
2016,46642,True
2017,22867,True
2018,64018,True
2019,49017,True
2020,54339,True
2021,26145,True
2022,50325,True
2023,3331,True
2024,33040,True
2025,64018,True
2026,11899,True
2027,34724,True
2028,54975,True
2029,5702,True
2030,20166,True
2031,7046,True
2032,3577,True
2033,41322,True
2034,843,True
2035,4088,True
2036,18343,True
2037,18178,True
2038,6192,True
2039,5086,True
2040,6689,True
2041,6257,True
2042,5200,True
2043,4715,True
2044,31588,True
2045,1013,True
2046,21459,True
2047,26385,True
2048,15529,True
2049,28136,True
2050,16502,True
2051,26542,True
2052,36408,True
2053,45314,True
2054,12384,True
2055,14812,True
2056,3331,True
2057,50432,True
2058,17280,True
2059,2996,True
2060,2936,True
2061,1844,True
2062,7171,True
2063,7670,True
2064,10243,True
2065,1951,True
2066,27065,True
2067,7492,True
2068,13339,True
2069,10135,True
2070,8753,True
2071,16326,True
2072,28136,True
2073,11953,True
2074,26752,True
2075,15231,True
2076,1097,True
2077,2889,True
2078,48751,True
2079,20179,True
2080,10381,True
2081,2889,True
2082,16692,True
2083,7121,True
2084,5563,True
2085,1986,True
2086,22432,True
2087,21879,True
2088,14975,True
2089,3935,True
2090,7461,True
2091,9433,True
2092,2240,True
2093,675,True
2094,149490,True
2095,14961,True
2096,14888,True
2097,7511,True
2098,26203,True
2099,28176,True
2100,38812,True
2101,98185,True
2102,3145,True
2103,19729,True
2104,11497,True
2105,32012,True
2106,16847,True
2107,10125,True
2108,6203,True
2109,1177,True
2110,13870,True
2111,22472,True
2112,38812,True
2113,4171,True
2114,14010,True
2115,6329,True
2116,15177,True
2117,6795,True
2118,19504,True
2119,24837,True
2120,24594,True
2121,69091,True
2122,18761,True
2123,32203,True
2124,2630,True
2125,43165,True
2126,26779,True
2127,19859,True
2128,34354,True
2129,20084,True
2130,10851,True
2131,570,True
2132,15241,True
2133,4839,True
2134,1116,True
2135,13851,True
2136,4395,True
2137,4327,True
2138,7702,True
2139,30880,True
2140,19504,True
2141,9417,True
2142,22243,True
2143,48139,True
2144,118910,True
2145,13547,True
2146,30880,True
2147,9513,True
2148,20280,True
2149,9417,True
2150,32934,True
2151,5549,True
2152,16065,True
2153,4327,True
2154,13547,True
2155,2898,True
2156,3813,True
2157,3370,True
2158,3836,True
2159,3330,True
2160,8956,True
2161,34747,True
2162,56267,True
2163,3330,True
2164,30013,True
2165,13787,True
2166,1672,True
2167,66190,True
2168,1567,True
2169,32992,True
2170,3964,True
2171,18256,True
2172,36939,True
2173,27801,True
2174,4078,True
2175,21872,True
2176,16912,True
2177,1182,True
2178,38378,True
2179,18387,True
2180,1832,True
2181,14906,True
2182,85908,True
2183,11820,True
2184,14238,True
2185,12679,True
2186,38378,True
2187,23438,True
2188,39937,True
2189,18929,True
2190,25759,True
2191,25582,True
2192,25481,True
2193,41904,True
2194,25582,True
2195,29379,True
2196,25688,True
2197,34227,True
2198,12258,True
2199,12258,True
2200,24758,True
2201,24099,True
2202,4078,True
2203,6239,True
2204,11931,True
2205,1742,True
2206,24758,True
2207,17430,True
2208,20717,True
2209,32995,True
2210,17666,True
2211,22934,True
2212,4491,True
2213,3353,True
2214,5665,True
2215,2310,True
2216,37752,True
2217,8170,True
2218,18888,True
2219,23917,True
2220,21623,True
2221,1028,True
2222,10090,True
2223,8023,True
2224,9222,True
2225,22454,True
2226,3937,True
2227,17100,True
2228,27545,True
2229,10036,True
2230,2400,True
2231,12912,True
2232,7595,True
2233,10142,True
2234,26401,True
2235,2409,True
2236,5591,True
2237,3937,True
2238,19928,True
2239,8406,True
2240,17304,True
2241,1111,True
2242,3344,True
2243,61192,True
2244,29197,True
2245,5883,True
2246,7124,True
2247,67997,True
2248,3174,True
2249,12776,True
2250,6911,True
2251,13523,True
2252,7040,True
2253,21510,True
2254,10780,True
2255,7663,True
2256,7643,True
2257,12742,True
2258,3404,True
2259,9829,True
2260,988,True
2261,19641,True
2265,39173,True
2266,32921,True
2267,742,True
2268,1864,True
2269,4861,True
2270,2120,True
2271,34551,True
2272,1243,True
2273,74736,True
2274,1998,True
2275,53333,True
2276,70005,True
2277,1980,True
2278,1564,True
2280,1005,True
2281,74839,True
2282,11578,True
2283,23988,True
2284,3914,True
2285,39345,True
2286,1621,True
2287,656,True
2288,1005,True
2289,24267,True
2290,1281,True
2291,74737,True
2292,1195,True
2293,34403,True
2294,2162,True
2295,34485,True
2296,1979,True
2297,58476,True
2298,81477,True
2299,34742,True
2300,2352,True
2303,4745,True
2304,2021,True
2306,39242,True
2307,29651,True
2308,2295,True
2309,1728,True
2310,5771,True
2311,2043,True
2313,822,True
2318,1575,True
2320,1964,True
2321,34252,True
2322,1239,True
2323,64291,True
2324,4422,True
2325,1975,True
2326,1387,True
2327,1979,True
2328,4987,True
2329,31699,True
2330,58088,True
2331,48536,True
2332,33977,True
2333,33977,True
2334,58088,True
2335,17726,True
2336,96051,True
2337,21863,True
2338,17726,True
2339,96051,True
2340,48536,True
2358,2653,True
2359,60584,True
2360,3538,True
2361,42106,True
2362,2539,True
2363,11834,True
2364,22814,True
2365,7881,True
2366,6457,True
2367,3174,True
2368,3633,True
2369,6283,True
2370,3638,True
2371,8036,True
2372,5256,True
2373,6973,True
2374,3075,True
2375,31554,True
2376,8068,True
2377,702,True
2378,7369,True
2379,791,True
2380,1574,True
2381,61139,True
2382,7611,True
2383,6519,True
2384,8085,True
2385,22632,True
2386,6519,True
2387,9620,True
2388,22672,True
2389,8632,True
2390,59393,True
2391,7187,True
2392,7570,True
2393,8712,True
2394,28832,True
2395,20159,True
2396,15455,True
2397,18286,True
2398,13511,True
2399,14314,True
2400,594,True
2401,34831,True
2402,91213,True
2403,7716,True
2404,7999,True
2405,33379,True
2406,10536,True
2407,2167,True
2408,5865,True
2409,10536,True
2410,1320,True
2411,8637,True
2415,4654,True
2416,9971,True
2417,52294,True
2418,1029,True
2419,18500,True
2420,22350,True
2421,1157,True
2422,8135,True
2423,19292,True
2424,1219,True
2425,1934,True
2426,1580,True
2427,26102,True
2428,25699,True
2429,995,True
2430,8395,True
2431,61248,True
2432,8048,True
2433,25900,True
2434,18635,True
2435,6224,True
2436,7065,True
2437,24744,True
2438,6665,True
2439,1733,True
2440,990,True
2441,6193,True
2442,26102,True
2443,6764,True
2444,25251,True
2445,24744,True
2446,6755,True
2447,19727,True
2448,5206,True
2449,25513,True
2450,6822,True
2451,64608,True
2454,4948,True
2455,21326,True
2456,2714,True
2457,15957,True
2458,136573,True
2459,68998,True
2460,53272,True
2461,4018,True
2462,36958,True
2463,44667,True
2464,1310,True
2465,91276,True
2466,13029,True
2467,80338,True
2468,17740,True
2469,46814,True
2470,32662,True
2471,5095,True
2472,4534,True
2473,5486,True
2474,14466,True
2475,17951,True
2476,23645,True
2477,7329,True
2478,743,True
2479,15548,True
2480,25209,True
2481,152709,True
2482,23645,True
2483,8083,True
2484,3875,True
2485,25209,True
2486,11980,True
2487,8835,True
2488,40918,True
2489,662,True
2490,58650,True
2491,28344,True
2492,79012,True
2493,73595,True
2494,4152,True
2495,10706,True
2496,12094,True
2497,11600,True
2498,26321,True
2499,15856,True
2500,8906,True
2501,7177,True
2502,7228,True
2503,17263,True
2504,23849,True
2505,15856,True
2506,23849,True
2507,35958,True
2508,2399,True
2509,10256,True
2510,79777,True
2511,1627,True
2512,1382,True
2513,1944,True
2514,58400,True
2515,1580,True
2516,1396,True
2517,1674,True
2518,1394,True
2519,1896,True
2520,119847,True
2521,2188,True
2522,1728,True
2523,1551,True
2524,2065,True
2525,42666,True
2526,1296,True
2527,22489,True
2529,36946,True
2530,36307,True
2531,17961,True
2532,11577,True
2533,4274,True
2534,101734,True
2535,4834,True
2537,2716,True
2538,32532,True
2539,53644,True
2540,2134,True
2542,17829,True
2543,4922,True
2548,2761,True
2549,8155,True
2550,9613,True
2552,1656,True
2555,4109,True
2557,11967,True
2558,1925,True
2561,3781,True
2562,19748,True
2563,1356,True
2564,29050,True
2565,1007,True
2566,7082,True
2567,26281,True
2568,1690,True
2569,59813,True
2570,22080,True
2571,9149,True
2572,868,True
2573,18312,True
2574,977,True
2575,6701,True
2576,25900,True
2577,6860,True
2578,960,True
2579,25699,True
2580,16451,True
2581,9945,True
2582,1696,True
2583,10788,True
2584,9617,True
2585,14953,True
2586,19017,True
2587,11084,True
2588,20707,True
2589,6882,True
2590,72895,True
2591,4253,True
2592,80265,True
2593,4286,True
2594,19496,True
2595,46017,True
2596,62218,True
2597,35464,True
2598,10683,True
2599,41291,True
2600,46478,True
2602,62577,True
2603,1355,True
2604,24257,True
2605,31833,True
2606,1583,True
2607,1712,True
2608,39865,True
2609,1009,True
2610,31001,True
2611,58321,True
2612,52246,True
2613,49656,True
2614,5294,True
2615,24754,True
2616,1913,True
2618,1387,True
2619,74839,True
2620,12328,True
2621,1946,True
2622,74266,True
2623,1397,True
2624,1710,True
2625,1905,True
2626,58004,True
2627,1593,True
2628,1756,True
2629,1708,True
2630,74369,True
2631,1399,True
2632,8812,True
2633,6417,True
2634,1751,True
2635,16009,True
2636,41655,True
2637,7441,True
2638,7561,True
2639,6964,True
2640,2165,True
2641,1741,True
2642,4080,True
2643,16394,True
2644,1887,True
2645,61451,True
2646,14316,True
2647,47153,True
2648,1854,True
2649,120133,True
2650,1626,True
2651,2082,True
2652,6845,True
2653,6781,True
2654,1547,True
2655,5956,True
2656,2086,True
2657,52432,True
2658,6605,True
2659,2012,True
2660,1541,True
2661,1500,True
2662,1551,True
2663,47109,True
2664,1514,True
2665,48204,True
2666,2011,True
2667,52444,True
2668,2065,True
2669,20681,True
2670,7296,True
2671,2011,True
2672,45653,True
2673,1808,True
2674,684,True
2675,3991,True
2676,665,True
2677,18160,True
2678,40919,True
2679,722,True
2680,2532,True
2681,64518,True
2682,1753,True
2683,6013,True
2684,24455,True
2685,2060,True
2686,6067,True
2687,3026,True
2688,666,True
2689,1208,True
2690,1667,True
2691,11271,True
2692,36318,True
2693,3249,True
2694,14730,True
2695,2648,True
2696,38852,True
2697,16629,True
2698,931,True
2699,23456,True
2702,3158,True
2703,38239,True
2704,31283,True
2705,1251,True
2706,2796,True
2707,9715,True
2708,21867,True
2709,1388,True
2710,4311,True
2711,40402,True
2712,1547,True
2713,1682,True
2714,62099,True
2715,22812,True
2716,26099,True
2717,2453,True
2718,50468,True
2719,239882,True
2720,1549,True
2721,1478,True
2722,1651,True
2723,9069,True
2724,77177,True
2725,25587,True
2726,5509,True
2727,165835,True
2728,1502,True
2729,31940,True
2730,28089,True
2731,1959,True
2732,55045,True
2733,9407,True
2734,1981,True
2735,11909,True
2736,34572,True
2737,154341,True
2738,65485,True
2739,6715,True
2740,40165,True
2741,1421,True
2742,1626,True
2744,54609,True
2745,1806,True
2746,4293,True
2747,13706,True
2749,1388,True
2750,1588,True
2751,31748,True
2752,31940,True
2754,2424,True
2755,41725,True
2756,13347,True
2757,6122,True
2758,5829,True
2759,9117,True
2760,8237,True
2761,10690,True
2762,11825,True
2763,33764,True
2764,2859,True
2765,45178,True
2766,4953,True
2767,1745,True
2768,3470,True
2769,32681,True
2770,2418,True
2771,62959,True
2772,1892,True
2773,98195,True
2774,1649,True
2775,51580,True
2776,11491,True
2777,754,True
2778,45367,True
2779,1216,True
2780,713750,True
2781,2070,True
2782,20906,True
2783,529,True
2784,20277,True
2785,40079,True
2786,1212,True
2787,5270,True
2788,1878,True
2789,2489,True
2790,58211,True
2791,2866,True
2792,32321,True
2793,2299,True
2794,4478,True
2795,32201,True
2796,1975,True
2797,6737,True
2798,34245,True
2799,2646,True
2800,21597,True
2801,2270,True
2802,32019,True
2803,24912,True
2804,13674,True
2805,11577,True
2806,10629,True
2807,13690,True
2808,1234,True
2809,2464,True
2810,6181,True
2811,2080,True
2812,2054,True
2813,1468,True
2816,26911,True
2817,63144,True
2818,1256,True
2819,34222,True
2820,9759,True
2821,44344,True
2822,1567,True
2823,38702,True
2824,1449,True
2825,37807,True
2826,11757,True
2827,4013,True
2828,7777,True
2829,2771,True
2830,81374,True
2831,42863,True
2832,24178,True
2833,44457,True
2834,48499,True
2835,16250,True
2836,22987,True
2837,1232,True
2838,3872,True
2839,2403,True
2840,2895,True
2841,5796,True
2844,45345,True
2845,2640,True
2846,42328,True
2847,6398,True
2848,21589,True
2849,1790,True
2850,57229,True
2851,2631,True
2852,12010,True
2853,2293,True
2854,1311,True
2857,4343,True
2858,2420,True
2859,13499,True
2860,11548,True
2861,11059,True
2862,5338,True
2863,12419,True
2864,2293,True
2865,54107,True
2866,10756,True
2867,366,True
2868,4661,True
2869,12685,True
2870,1663,True
2871,28715,True
2872,2269,True
2873,45864,True
2874,15584,True
2875,11846,True
2876,13581,True
2877,3024,True
2878,4035,True
2879,1725,True
2880,85233,True
2881,2301,True
2882,1712,True
2883,4611,True
2884,48675,True
2885,16773,True
2886,1213,True
2887,12282,True
2888,857,True
2889,16431,True
2890,11376,True
2891,13688,True
2892,30192,True
2893,53444,True
2895,62681,True
2896,1497,True
2897,16389,True
2898,1452,True
2899,38460,True
2900,2647,True
2901,38436,True
2902,1560,True
2903,16367,True
2904,36136,True
2905,8279,True
2906,3911,True
2909,876,True
2910,6130,True
2911,1843,True
2912,1626,True
2913,3171,True
2914,2374,True
2915,2694,True
2916,77588,True
2917,2872,True
2918,3555,True
2919,95613,True
2920,52115,True
2921,2885,True
2922,44340,True
2923,1547,True
2924,23209,True
2925,25513,True
2926,11135,True
2927,31449,True
2928,16213,True
2929,17330,True
2930,1906,True
2931,17586,True
2932,10797,True
2933,31449,True
2934,1265,True
2935,17819,True
2936,25251,True
2937,985,True
2938,26891,True
2939,4374,True
2940,561,True
2941,16967,True
2942,1097,True
2943,19951,True
2944,37754,True
2945,10850,True
2946,10799,True
2947,16213,True
2948,12961,True
2949,10605,True
2950,17586,True
2951,61248,True
2952,1116,True
2953,10519,True
2954,4637,True
2955,3758,True
2956,17902,True
2957,10872,True
2958,37754,True
2959,17819,True
2960,11044,True
2961,3406,True
2962,5351,True
2963,12873,True
2964,10493,True
2965,1173,True
2966,21839,True
2969,8144,True
2970,95512,True
2971,95625,True
2975,8144,True
2976,21839,True
2983,1546,True
2984,2056,True
2990,2129,True
2991,53417,True
2992,1314,True
2993,2061,True
2994,16284,True
2995,23425,True
2996,31863,True
2997,20300,True
2998,20300,True
2999,41969,True
3000,41969,True
3001,16284,True
3002,20300,True
3003,20300,True
3004,23425,True
3005,2175,True
3006,168750,True
3007,46095,True
3008,2200,True
3009,14462,True
3010,1231,True
3012,66115,True
3013,8937,True
3014,23326,True
3015,29856,True
3016,2338,True
3018,24979,True
3019,2206,True
3022,636,True
3023,59464,True
3026,1493,True
3027,64656,True
3028,1674,True
3029,75190,True
3030,1696,True
3034,2094,True
3035,4103,True
3036,1899,True
3037,32053,True
3038,6640,True
3039,11495,True
3040,25071,True
3041,1449,True
3042,38089,True
3043,1250,True
3044,1710,True
3045,39438,True
3046,793,True
3047,17036,True
3048,1898,True
3049,66785,True
3051,2326,True
3052,1610,True
3053,32135,True
3054,2788,True
3055,2772,True
3056,37810,True
3057,1438,True
3058,6958,True
3060,1017,True
3061,14726,True
3062,32573,True
3063,31241,True
3064,32225,True
3065,12018,True
3071,64232,True
3074,17490,True
3075,39406,True
3076,22473,True
3077,39406,True
3078,20176,True
3079,723,True
3080,60189,True
3081,40450,True
3082,760,True
3083,22965,True
3084,1623,True
3085,144577,True
3086,21132,True
3087,1304,True
3088,8107,True
3089,14490,True
3090,12933,True
3091,846,True
3092,13618,True
3093,8253,True
3094,13428,True
3095,19496,True
3096,1434,True
3097,5726,True
3098,1430,True
3099,1240,True
3100,2670,True
3101,26684,True
3102,57219,True
3103,4191,True
3104,63965,True
3105,9803,True
3106,19030,True
3107,623,True
3108,32214,True
3109,2613,True
3110,3941,True
3111,1612,True
3112,3837,True
3113,1119,True
3114,22014,True
3115,1911,True
3116,51457,True
3117,38460,True
3118,51168,True
3119,41349,True
3120,62403,True
3121,2016,True
3122,57694,True
3123,17253,True
3124,1141,True
3125,15282,True
3126,71277,True
3127,1795,True
3128,3671,True
3129,2091,True
3130,36058,True
3131,56061,True
3132,30216,True
3133,28485,True
3134,41985,True
3135,35464,True
3136,14419,True
3137,1224,True
3138,64203,True
3139,1339,True
3140,28485,True
3141,1313,True
3142,2032,True
3143,31426,True
3144,45593,True
3145,1890,True
3146,85534,True
3147,1224,True
3148,50141,True
3149,1591,True
3150,15042,True
3152,34633,True
3154,20280,True
3155,6185,True
3156,6185,True
3157,10798,True
3158,23458,True
3159,27641,True
3160,6034,True
3161,4442,True
3162,7391,True
3163,4956,True
3164,4442,True
3165,5953,True
3166,15754,True
3167,28606,True
3168,18281,True
3169,755,True
3170,4956,True
3171,6492,True
3172,5953,True
3176,34633,True
3177,23458,True
3178,15754,True
3179,6034,True
3183,20280,True
3184,6492,True
3185,5133,True
3186,7119,True
3189,12442,True
3190,10798,True
3191,23835,True
3192,6185,True
3193,6185,True
3194,7391,True
3196,1550,True
3197,2562,True
3198,3822,True
3199,2855,True
3200,1392,True
3201,60560,True
3202,3807,True
3203,38299,True
3204,2194,True
3205,3411,True
3206,21097,True
3207,42664,True
3208,2691,True
3209,4179,True
3210,1381,True
3211,1066,True
3212,35897,True
3213,2896,True
3214,39718,True
3215,1371,True
3216,42072,True
3217,6425,True
3218,1317,True
3221,39883,True
3222,2371,True
3223,38657,True
3224,3266,True
3227,4171,True
3228,1725,True
3229,1081,True
3230,48662,True
3231,11710,True
3233,1734,True
3234,37821,True
3235,1352,True
3236,52376,True
3237,6577,True
3238,60003,True
3239,12062,True
3240,18032,True
3241,57495,True
3242,55169,True
3243,11874,True
3245,52515,True
3246,1309,True
3247,739,True
3248,36468,True
3249,1716,True
3250,22952,True
3251,1681,True
3252,1058,True
3253,61881,True
3254,42937,True
3255,1137,True
3256,42064,True
3257,1630,True
3258,2973,True
3259,1268,True
3260,37258,True
3261,957,True
3262,44664,True
3263,40220,True
3264,1179,True
3265,6241,True
3266,32990,True
3267,39516,True
3268,2478,True
3271,2749,True
3272,3829,True
3273,1418,True
3274,37837,True
3275,1483,True
3276,43837,True
3277,3476,True
3278,29888,True
3279,2985,True
3280,4240,True
3284,6380,True
3285,29313,True
3286,1330,True
3287,66623,True
3290,1070,True
3291,43251,True
3292,37188,True
3293,38116,True
3294,37912,True
3295,3022,True
3296,57530,True
3297,2261,True
3298,1104,True
3299,33927,True
3300,57495,True
3301,39819,True
3302,18676,True
3303,27693,True
3306,1082,True
3307,36763,True
3308,3813,True
3309,1275,True
3310,3010,True
3311,35435,True
3314,24908,True
3315,5437,True
3316,1224,True
3317,48313,True
3318,4033,True
3319,42652,True
3320,3183,True
3321,33311,True
3326,23126,True
3327,532,True
3328,41237,True
3333,6118,True
3334,2334,True
3335,40801,True
3336,4561,True
3337,46417,True
3342,20843,True
3343,28018,True
3344,1395,True
3345,1059,True
3346,32995,True
3347,12764,True
3348,899,True
3349,27985,True
3350,168282,True
3351,6066,True
3352,1993,True
3353,24236,True
3354,1215,True
3355,33732,True
3356,14304,True
3357,6310,True
3358,14316,True
3359,1756,True
3360,19722,True
3361,9682,True
3362,13930,True
3363,14222,True
3364,871,True
3365,871,True
3366,51645,True
3367,1756,True
3368,33406,True
3369,58301,True
3370,144577,True
3371,75536,True
3372,26803,True
3373,42265,True
3374,57481,True
3375,80644,True
3376,42265,True
3377,1099,True
3378,104964,True
3379,1080,True
3380,741,True
3382,85289,True
3384,17352,True
3385,6739,True
3386,90046,True
3387,3469,True
3388,7040,True
3389,33843,True
3390,32370,True
3391,38169,True
3392,38568,True
3393,2675,True
3394,12777,True
3395,7230,True
3396,12433,True
3397,37777,True
3398,868,True
3399,198,True
3400,43194,True
3401,5343,True
3402,59763,True
3403,60025,True
3404,2675,True
3405,17124,True
3406,22668,True
3407,1580,True
3408,36585,True
3409,2455,True
3410,36983,True
3411,724,True
3412,89312,True
3413,35860,True
3414,2151,True
3418,136464,True
3421,3059,True
3424,2461,True
3425,33748,True
3427,46168,True
3430,15174,True
3431,9389,True
3432,2298,True
3433,8844,True
3435,13972,True
3436,6421,True
3437,2112,True
3438,5094,True
3439,10691,True
3440,8944,True
3441,3380,True
3442,42149,True
3443,3069,True
3444,2986,True
3445,3043,True
3446,35532,True
3447,2714,True
3448,2520,True
3449,42347,True
3450,1450,True
3451,85776,True
3452,1993,True
3453,48081,True
3454,79025,True
3455,1801,True
3456,27636,True
3457,1132,True
3458,24993,True
3459,3105,True
3460,44198,True
3461,3008,True
3462,50168,True
3463,40746,True
3464,2132,True
3465,13740,True
3466,5038,True
3467,7740,True
3468,27195,True
3469,32895,True
3470,39831,True
3471,8548,True
3472,26864,True
3473,8573,True
3474,136251,True
3475,13247,True
3476,7552,True
3477,28723,True
3478,12332,True
3479,35713,True
3480,43683,True
3481,11706,True
3482,11366,True
3483,4465,True
3484,12780,True
3485,11624,True
3486,2039,True
3487,16639,True
3488,8782,True
3489,12696,True
3490,78788,True
3491,39305,True
3492,10884,True
3493,2119,True
3494,21725,True
3495,993,True
3496,26766,True
3497,5457,True
3498,32292,True
3499,1699,True
3500,23108,True
3501,5027,True
3502,43587,True
3503,1315,True
3504,56053,True
3505,94523,True
3506,14775,True
3507,7281,True
3508,16802,True
3509,6515,True
3510,8980,True
3511,3579,True
3512,15130,True
3513,20453,True
3514,7410,True
3515,20453,True
3516,3270,True
3517,13909,True
3518,13520,True
3519,3270,True
3520,20163,True
3521,41106,True
3522,20163,True
3523,13856,True
3524,8642,True
3525,16389,True
3526,5476,True
3527,5716,True
3528,10291,True
3529,1057,True
3530,12677,True
3531,1407,True
3532,12844,True
3533,22561,True
3534,3305,True
3535,11512,True
3536,16738,True
3537,8935,True
3538,1260,True
3539,14417,True
3540,15418,True
3541,760,True
3542,20481,True
3543,10152,True
3544,1313,True
3545,11064,True
3546,18331,True
3547,22156,True
3548,744,True
3549,9613,True
3550,2041,True
3551,2066,True
3552,27858,True
3553,2340,True
3554,3245,True
3555,5178,True
3556,729,True
3557,13057,True
3558,39354,True
3559,37147,True
3560,8076,True
3561,3529,True
3562,21315,True
3563,40456,True
3564,990,True
3565,24789,True
3566,14181,True
3567,4130,True
3568,12808,True
3569,4176,True
3570,25067,True
3571,7085,True
3572,1379,True
3573,31242,True
3574,1379,True
3575,16686,True
3576,35958,True
3577,2317,True
3578,6430,True
3579,5107,True
3580,1327,True
3581,15924,True
3582,29018,True
3583,1423,True
3584,41273,True
3587,31699,True
3588,11557,True
3589,34745,True
3590,43771,True
3591,41748,True
3592,39372,True
3593,11831,True
3594,1325,True
3595,21523,True
3596,17196,True
3597,22194,True
3598,730,True
3599,5134,True
3600,30012,True
3601,31979,True
3602,21240,True
3603,1272,True
3604,1409,True
3605,20742,True
3606,1057,True
3607,663,True
3610,33629,True
3612,35308,True
3613,52578,True
3617,90184,True
3618,729,True
3619,88314,True
3620,18499,True
3621,663,True
3622,92412,True
3623,40875,True
3624,15007,True
3625,1584,True
3626,20707,True
3627,11497,True
3628,8704,True
3629,13794,True
3630,14637,True
3631,12281,True
3632,9069,True
3633,21812,True
3634,13794,True
3635,3887,True
3636,8308,True
3637,11774,True
3638,8554,True
3639,1196,True
3640,14433,True
3641,11250,True
3642,19914,True
3643,23100,True
3644,1886,True
3645,14113,True
3646,35581,True
3647,786,True
3648,799,True
3649,654,True
3650,1481,True
3651,33926,True
3652,1232,True
3653,32057,True
3654,31442,True
3655,13067,True
3656,31877,True
3657,1242,True
3658,35462,True
3659,28136,True
3660,24934,True
3661,3964,True
3662,557,True
3663,24003,True
3664,16139,True
3665,69892,True
3666,13694,True
3667,9165,True
3668,48070,True
3669,13694,True
3670,20641,True
3671,23742,True
3672,27606,True
3673,905,True
3674,70834,True
3675,49770,True
3676,103918,True
3677,38947,True
3678,70834,True
3679,13993,True
3680,21464,True
3682,23303,True
3683,36262,True
3684,36436,True
3685,29553,True
3686,37101,True
3687,4580,True
3688,93970,True
3689,14349,True
3690,83342,True
3691,48591,True
3692,8019,True
3693,48591,True
3694,21431,True
3695,11653,True
3696,11858,True
3697,2070,True
3698,41102,True
3699,1814,True
3700,66850,True
3701,20368,True
3702,5215,True
3703,10047,True
3704,1880,True
3705,22375,True
3706,946,True
3707,18981,True
3708,20872,True
3709,8288,True
3710,406,True
3711,3376,True
3712,26854,True
3713,8310,True
3714,8288,True
3715,24788,True
3716,21445,True
3717,14209,True
3718,20531,True
3719,5456,True
3720,1088,True
3721,1000,True
3722,1395,True
3723,5398,True
3724,34067,True
3725,13028,True
3726,19757,True
3727,9928,True
3728,1140,True
3729,29596,True
3730,17325,True
3731,1032,True
3732,4322,True
3733,19850,True
3734,13560,True
3735,18356,True
3736,14890,True
3737,13024,True
3738,9993,True
3739,7857,True
3740,46887,True
3741,28517,True
3742,4326,True
3743,6689,True
3744,110595,True
3745,44181,True
3746,4616,True
3747,32481,True
3749,496,True
3750,1616,True
3751,6718,True
3752,1685,True
3753,42274,True
3754,2297,True
3755,5724,True
3756,1502,True
3757,60108,True
3758,1321,True
3759,1433,True
3760,40437,True
3761,873,True
3762,59453,True
3763,1433,True
3764,13057,True
3765,17848,True
3766,12024,True
3767,1549,True
3768,12940,True
3769,1689,True
3770,26727,True
3771,3278,True
3772,1408,True
3773,42725,True
3774,21176,True
3775,39770,True
3776,21188,True
3777,5225,True
3778,36504,True
3779,42132,True
3780,3817,True
3781,39484,True
3782,2019,True
3783,2012,True
3784,39937,True
3787,34898,True
3788,4643,True
3789,2494,True
3790,35547,True
3791,1547,True
3792,35516,True
3793,42725,True
3794,2789,True
3795,42132,True
3796,1749,True
3797,37391,True
3798,3278,True
3799,4778,True
3800,3878,True
3801,2608,True
3807,26314,True
3808,34140,True
3809,30712,True
3810,26538,True
3811,25014,True
3812,20873,True
3813,30712,True
3814,22726,True
3815,1896,True
3816,80690,True
3817,1476,True
3818,1228,True
3819,70345,True
3820,1228,True
3821,1334,True
3822,115801,True
3823,31595,True
3824,65705,True
3825,3282,True
3826,902,True
3827,902,True
3828,902,True
3829,2505,True
3830,64251,True
3831,75199,True
3832,1166,True
3833,123280,True
3834,3282,True
3835,25391,True
3836,27405,True
3837,88449,True
3838,77221,True
3839,1413,True
3840,13393,True
3841,39599,True
3842,1476,True
3843,32202,True
3844,17058,True
3845,14350,True
3846,87928,True
3847,7507,True
3848,12235,True
3849,1555,True
3850,33076,True
3851,4733,True
3852,35789,True
3853,1312,True
3854,7866,True
3855,1082,True
3856,88654,True
3857,28449,True
3858,1182,True
3859,19740,True
3860,876,True
3861,86074,True
3862,11517,True
3863,23088,True
3864,633,True
3865,44466,True
3866,10362,True
3867,49017,True
3868,30240,True
3869,15593,True
3870,5357,True
3871,5454,True
3872,4803,True
3873,14118,True
3874,1052,True
3875,29303,True
3876,153646,True
3877,25998,True
3878,14570,True
3879,13100,True
3880,16929,True
3881,24379,True
3882,20280,True
3883,19859,True
3884,22243,True
3885,13023,True
3886,11660,True
3887,11739,True
3888,13656,True
3889,13656,True
3890,28863,True
3891,12792,True
3892,7210,True
3893,12449,True
3894,12682,True
3895,16609,True
3896,1621,True
3897,8753,True
3898,20634,True
3899,16979,True
3900,7242,True
3901,29462,True
3902,14293,True
3903,16488,True
3904,31529,True
3905,44776,True
3906,1463,True
3907,34956,True
3908,44776,True
3909,1062,True
3910,44780,True
3912,111111,True
3914,4407,True
3915,31867,True
3916,4890,True
3917,14559,True
3918,13655,True
3919,13553,True
3920,14559,True
3921,1676,True
3922,887,True
3923,22464,True
3924,18798,True
3925,15677,True
3926,7302,True
3927,27614,True
3928,1182,True
3929,19369,True
3930,13931,True
3931,25402,True
3932,21931,True
3933,23320,True
3937,68942,True
3939,79292,True
3940,3464,True
3941,1740,True
3942,16457,True
3943,21770,True
3944,14892,True
3945,46325,True
3946,18582,True
3947,16807,True
3948,22109,True
3949,23386,True
3950,7401,True
3951,64968,True
3952,43305,True
3953,7401,True
3954,43771,True
3955,40143,True
3957,46263,True
3959,1935,True
3961,47312,True
3962,20545,True
3963,5462,True
3964,25974,True
3965,10502,True
3966,36414,True
3967,5997,True
3968,914,True
3969,94273,True
3970,13647,True
3971,7711,True
3972,7609,True
3973,7985,True
3974,10598,True
3975,8704,True
3976,7609,True
3977,12507,True
3978,11532,True
3979,3942,True
3980,15348,True
3981,8290,True
3982,13343,True
3983,3935,True
3984,63241,True
3985,8302,True
3986,29781,True
3987,3887,True
3988,13290,True
3989,10595,True
3990,15150,True
3991,3808,True
3992,15146,True
3993,14726,True
3994,15146,True
3995,7150,True
3996,8410,True
3997,21748,True
3998,14780,True
3999,14635,True
4000,7150,True
4001,8830,True
4002,14571,True
4003,8830,True
4004,7431,True
4005,15021,True
4006,7431,True
4007,7567,True
4008,12696,True
4009,21510,True
4010,6816,True
4011,1277,True
4012,12803,True
4013,9222,True
4014,13523,True
4015,11223,True
4016,21946,True
4017,11457,True
4018,12458,True
4019,11501,True
4020,8615,True
4021,15939,True
4022,28713,True
4023,7342,True
4024,10780,True
4025,3174,True
4026,1586,True
4027,12617,True
4028,12467,True
4029,16431,True
4030,13047,True
4031,12742,True
4032,8615,True
4033,5797,True
4034,5797,True
4035,10534,True
4036,12458,True
4037,12666,True
4038,7994,True
4039,635,True
4040,12776,True
4041,11664,True
4042,10534,True
4043,6120,True
4044,12585,True
4045,12257,True
4046,11264,True
4047,14791,True
4048,18711,True
4049,6345,True
4050,10752,True
4051,12026,True
4052,973,True
4053,13879,True
4054,756,True
4055,12353,True
4056,16071,True
4057,8214,True
4058,15268,True
4059,22846,True
4060,3407,True
4061,13527,True
4062,12403,True
4063,25134,True
4064,8950,True
4065,18846,True
4066,18681,True
4067,955,True
4068,14052,True
4069,7642,True
4070,24173,True
4071,8565,True
4072,12166,True
4073,22632,True
4074,7642,True
4075,7517,True
4076,22143,True
4077,12058,True
4078,11693,True
4079,12724,True
4080,10702,True
4081,7517,True
4082,8947,True
4083,20522,True
4084,22672,True
4085,12467,True
4086,8947,True
4087,7214,True
4088,18681,True
4089,22882,True
4090,12758,True
4091,13585,True
4092,10702,True
4093,9753,True
4094,21433,True
4095,4153,True
4096,16373,True
4097,29485,True
4098,7798,True
4099,15268,True
4100,25163,True
4101,9877,True
4102,3013,True
4103,12166,True
4104,7933,True
4105,3013,True
4106,9784,True
4107,15226,True
4108,709,True
4109,937,True
4110,12306,True
4111,9146,True
4112,9906,True
4113,10299,True
4114,7933,True
4115,10004,True
4116,9647,True
4117,7570,True
4118,7611,True
4119,22456,True
4120,21470,True
4121,14423,True
4122,15623,True
4123,13150,True
4124,14345,True
4125,722,True
4126,988,True
4127,7938,True
4128,9620,True
4129,2911,True
4130,22882,True
4131,1190,True
4132,7938,True
4133,15348,True
4134,7658,True
4135,16467,True
4136,8691,True
4137,10708,True
4138,6396,True
4139,8632,True
4140,14202,True
4141,1040,True
4142,19415,True
4143,14743,True
4144,14140,True
4145,21500,True
4146,14928,True
4147,14679,True
4148,20019,True
4149,15918,True
4150,14824,True
4151,25003,True
4152,14212,True
4153,863,True
4154,9002,True
4155,17696,True
4156,21343,True
4157,15265,True
4158,13421,True
4159,13806,True
4160,1446,True
4161,4998,True
4162,13265,True
4163,10598,True
4164,29050,True
4165,17902,True
4166,17767,True
4167,10261,True
4168,13265,True
4169,10386,True
4170,17767,True
4171,31216,True
4172,17616,True
4173,23963,True
4174,10707,True
4175,10936,True
4176,17616,True
4177,33379,True
4178,30938,True
4179,9302,True
4180,31216,True
4181,22080,True
4182,16806,True
4183,24639,True
4184,31033,True
4185,10991,True
4186,10970,True
4187,30938,True
4188,870,True
4189,821,True
4190,31033,True
4191,6212,True
4192,17814,True
4193,17256,True
4194,7418,True
4195,2891,True
4196,16918,True
4197,24313,True
4198,49585,True
4199,27605,True
4200,678,True
4201,9346,True
4202,1015,True
4203,19182,True
4204,8826,True
4205,7070,True
4206,19182,True
4207,7090,True
4208,24672,True
4209,6439,True
4210,708,True
4211,7090,True
4212,24885,True
4213,5296,True
4214,18297,True
4215,13083,True
4216,18984,True
4217,7888,True
4218,8339,True
4219,16574,True
4220,17570,True
4221,9051,True
4222,7888,True
4223,16915,True
4224,17346,True
4225,9051,True
4226,16476,True
4227,17984,True
4228,11130,True
4229,15305,True
4230,15537,True
4231,11130,True
4232,14245,True
4233,8615,True
4234,15305,True
4235,19539,True
4236,9658,True
4237,12945,True
4238,29330,True
4239,5076,True
4240,692,True
4241,18969,True
4242,1226,True
4243,11626,True
4244,9859,True
4245,1009,True
4246,15789,True
4247,1147,True
4248,8264,True
4249,18250,True
4250,18173,True
4251,15584,True
4252,10297,True
4253,9428,True
4254,1491,True
4255,20839,True
4256,66379,True
4257,2373,True
4258,1491,True
4259,9084,True
4260,14737,True
4261,19026,True
4262,9084,True
4263,1099,True
4264,25069,True
4265,4866,True
4266,26917,True
4267,4668,True
4268,10475,True
4269,32443,True
4270,1915,True
4271,20946,True
4272,16073,True
4273,60914,True
4274,30015,True
4275,23855,True
4276,8385,True
4277,8980,True
4278,27764,True
4279,21431,True
4280,23712,True
4281,8766,True
4282,26464,True
4283,29341,True
4284,21200,True
4285,13211,True
4286,23519,True
4287,18035,True
4288,1093,True
4289,2710,True
4290,13560,True
4291,7491,True
4292,12496,True
4295,8980,True
4296,8537,True
4297,23826,True
4298,24021,True
4299,2990,True
4300,4636,True
4301,24050,True
4302,18035,True
4303,3811,True
4304,21200,True
4305,31042,True
4306,15661,True
4307,15305,True
4308,16148,True
4309,22315,True
4310,2230,True
4311,18226,True
4312,8892,True
4313,1161,True
4314,15165,True
4315,16015,True
4316,9394,True
4317,2785,True
4318,22041,True
4319,9993,True
4320,8275,True
4321,23895,True
4322,23940,True
4323,8338,True
4324,3516,True
4325,23826,True
4326,8766,True
4327,33028,True
4328,26961,True
4331,8823,True
4332,24373,True
4333,28136,True
4334,28922,True
4335,35514,True
4336,5274,True
4337,8170,True
4338,23855,True
4339,12720,True
4340,8267,True
4341,14353,True
4342,24203,True
4343,12539,True
4344,11166,True
4345,17079,True
4346,8979,True
4347,779,True
4348,5604,True
4349,7573,True
4350,22455,True
4351,9938,True
4352,26385,True
4353,7199,True
4354,28396,True
4355,10294,True
4356,27801,True
4357,24373,True
4358,21768,True
4359,14238,True
4360,41904,True
4361,21308,True
4362,26752,True
4363,26203,True
4364,28396,True
4365,12800,True
4366,6039,True
4367,13856,True
4368,1754,True
4369,43301,True
4370,72385,True
4371,9215,True
4372,9776,True
4373,21635,True
4374,685,True
4375,28233,True
4376,43301,True
4377,29341,True
4378,39833,True
4379,438,True
4380,13818,True
4381,5268,True
4382,2895,True
4383,17815,True
4384,21774,True
4385,39099,True
4386,21308,True
4387,10298,True
4388,9929,True
4389,9544,True
4390,21070,True
4391,8823,True
4392,8310,True
4393,63610,True
4394,41981,True
4395,5113,True
4396,35945,True
4397,17815,True
4398,17666,True
4399,22734,True
4400,30832,True
4401,103900,True
4402,76380,True
4403,54726,True
4404,8728,True
4405,8979,True
4406,5581,True
4407,13211,True
4408,7573,True
4409,12560,True
4410,993,True
4411,38327,True
4412,13688,True
4413,5530,True
4414,13164,True
4415,10196,True
4416,14791,True
4417,11882,True
4418,8275,True
4419,9005,True
4420,23921,True
4421,24064,True
4424,8826,True
4425,24064,True
4426,1126,True
4427,9929,True
4428,17172,True
4429,15204,True
4430,908,True
4431,13722,True
4432,8956,True
4433,27764,True
4434,36194,True
4435,29059,True
4436,16015,True
4437,11051,True
4438,11975,True
4439,17079,True
4440,17325,True
4441,16201,True
4442,7066,True
4443,10298,True
4444,11618,True
4445,12841,True
4446,45614,True
4447,26742,True
4448,969,True
4449,1033,True
4450,9220,True
4451,10003,True
4452,21635,True
4453,18045,True
4454,1617,True
4455,63610,True
4456,8445,True
4457,23940,True
4458,1138,True
4459,26917,True
4460,34067,True
4461,5478,True
4462,5398,True
4463,21273,True
4464,3901,True
4465,21273,True
4466,10475,True
4467,5099,True
4468,46232,True
4469,1467,True
4470,1651,True
4471,1074,True
4472,4425,True
4473,38686,True
4474,16475,True
4475,30499,True
4476,8642,True
4477,4676,True
4478,6365,True
4479,9966,True
4480,24110,True
4481,13751,True
4482,8336,True
4483,3798,True
4484,12234,True
4485,15297,True
4486,5398,True
4487,11865,True
4488,12543,True
4489,15297,True
4490,17466,True
4491,12061,True
4492,11725,True
4493,9825,True
4494,11772,True
4495,14456,True
4496,2510,True
4497,13448,True
4498,9914,True
4499,12145,True
4500,13830,True
4501,12125,True
4502,14776,True
4503,13711,True
4504,26326,True
4505,10631,True
4506,10852,True
4507,14746,True
4508,10539,True
4509,10580,True
4510,15461,True
4511,10226,True
4512,10691,True
4513,14742,True
4514,10388,True
4515,10335,True
4516,13344,True
4517,25789,True
4518,1383,True
4519,3975,True
4520,10226,True
4521,14644,True
4522,15517,True
4523,15670,True
4524,10631,True
4525,14528,True
4526,15797,True
4527,10539,True
4528,15517,True
4529,12684,True
4530,15802,True
4531,10388,True
4532,14644,True
4533,12546,True
4534,15428,True
4535,14397,True
4536,18430,True
4537,24905,True
4538,12784,True
4539,12884,True
4540,15428,True
4541,17088,True
4542,10453,True
4543,14397,True
4544,12128,True
4545,13326,True
4546,1476,True
4547,14966,True
4548,25091,True
4549,12784,True
4550,15610,True
4551,15770,True
4552,12716,True
4553,15316,True
4554,12546,True
4555,15770,True
4556,12884,True
4557,25400,True
4558,12718,True
4559,17276,True
4560,4757,True
4561,16307,True
4562,7743,True
4563,16307,True
4564,11315,True
4565,15628,True
4566,6243,True
4567,7743,True
4568,10443,True
4569,15607,True
4570,9207,True
4571,11601,True
4572,11243,True
4573,17593,True
4574,15471,True
4575,46944,True
4576,10719,True
4577,7315,True
4578,14456,True
4579,9712,True
4580,15582,True
4581,998,True
4582,11366,True
4583,15116,True
4584,18158,True
4585,13024,True
4586,10823,True
4587,7315,True
4588,30269,True
4589,13130,True
4590,10408,True
4591,21021,True
4592,21248,True
4593,17716,True
4594,461,True
4595,12238,True
4596,17276,True
4597,10721,True
4598,10721,True
4599,8189,True
4600,11315,True
4601,6243,True
4602,4471,True
4603,11601,True
4604,6795,True
4605,15628,True
4606,4244,True
4607,11047,True
4608,4210,True
4609,6639,True
4610,6639,True
4611,6795,True
4612,15607,True
4613,17716,True
4614,10443,True
4615,8189,True
4616,4471,True
4617,11047,True
4618,11498,True
4619,11498,True
4620,5471,True
4621,4831,True
4622,33364,True
4623,14735,True
4624,22840,True
4625,22840,True
4626,18618,True
4627,14882,True
4628,16420,True
4629,34779,True
4630,14463,True
4631,19256,True
4632,3950,True
4633,8200,True
4634,11223,True
4635,7647,True
4636,11633,True
4637,13642,True
4638,9819,True
4639,12319,True
4640,8567,True
4641,11288,True
4642,15980,True
4643,14309,True
4644,11457,True
4645,11457,True
4646,15947,True
4647,11899,True
4648,4737,True
4649,13433,True
4650,1104,True
4651,21222,True
4652,7596,True
4653,8405,True
4654,11633,True
4655,9819,True
4656,11223,True
4657,7596,True
4658,12319,True
4659,2017,True
4660,2974,True
4661,11734,True
4662,11734,True
4663,14641,True
4664,8405,True
4665,4737,True
4666,10968,True
4667,11128,True
4668,14309,True
4669,16536,True
4670,9646,True
4671,4949,True
4672,14343,True
4673,14014,True
4674,3660,True
4675,21977,True
4676,3660,True
4677,4495,True
4678,13956,True
4679,10968,True
4680,4495,True
4681,8567,True
4682,1333,True
4683,699,True
4684,29710,True
4685,29458,True
4686,1891,True
4687,52290,True
4688,40888,True
4689,7580,True
4690,15177,True
4691,7371,True
4692,8119,True
4693,7580,True
4694,9433,True
4695,12507,True
4696,10243,True
4697,8119,True
4698,14637,True
4699,11774,True
4700,6987,True
4701,15474,True
4702,9359,True
4703,7831,True
4704,7864,True
4705,9574,True
4706,9069,True
4707,7831,True
4708,11532,True
4709,18097,True
4710,12281,True
4711,26948,True
4712,16847,True
4713,7876,True
4714,7717,True
4715,15007,True
4716,9781,True
4717,7876,True
4718,18097,True
4719,16788,True
4720,13554,True
4721,9781,True
4722,20707,True
4723,21812,True
4724,13554,True
4725,26545,True
4726,26948,True
4727,1110,True
4728,12770,True
4729,13290,True
4730,14571,True
4731,8490,True
4732,14635,True
4733,13343,True
4734,7365,True
4735,14977,True
4736,14691,True
4737,17766,True
4738,13504,True
4739,5940,True
4740,8282,True
4741,1211,True
4742,15114,True
4743,14901,True
4744,14780,True
4745,7167,True
4746,14941,True
4747,9681,True
4748,14329,True
4749,7868,True
4750,8257,True
4751,26816,True
4752,17874,True
4753,14329,True
4754,7859,True
4755,18039,True
4756,14072,True
4757,12564,True
4758,25010,True
4759,12289,True
4760,13215,True
4761,8848,True
4762,11137,True
4763,12198,True
4764,25154,True
4765,981,True
4766,10884,True
4767,25154,True
4768,7431,True
4769,12467,True
4770,10451,True
4771,9036,True
4772,16358,True
4773,5141,True
4774,3514,True
4775,573,True
4776,5346,True
4777,18763,True
4778,16523,True
4779,15296,True
4780,1389,True
4781,15348,True
4782,16373,True
4783,12681,True
4784,7474,True
4785,15359,True
4786,11555,True
4787,15325,True
4788,14792,True
4789,14046,True
4790,1271,True
4791,14095,True
4792,20388,True
4793,14699,True
4794,12745,True
4795,13798,True
4796,24859,True
4797,16099,True
4798,16852,True
4799,888,True
4800,11970,True
4801,1761,True
4802,2037,True
4803,11656,True
4804,6566,True
4805,31394,True
4806,9125,True
4807,3734,True
4808,40324,True
4809,972,True
4810,10386,True
4811,6062,True
4812,6928,True
4813,25567,True
4814,15593,True
4815,881,True
4816,12688,True
4817,21553,True
4818,816,True
4819,12945,True
4820,24215,True
4821,14871,True
4822,29283,True
4823,7170,True
4824,13538,True
4825,21384,True
4826,14154,True
4827,6242,True
4828,16488,True
4829,10427,True
4830,21106,True
4831,2140,True
4832,16488,True
4833,7616,True
4834,6241,True
4835,1912,True
4836,16855,True
4837,6777,True
4838,10427,True
4839,893,True
4840,2731,True
4841,21987,True
4842,37318,True
4843,5102,True
4844,6625,True
4845,6931,True
4846,18969,True
4847,18297,True
4848,7777,True
4849,7388,True
4850,17570,True
4851,22156,True
4852,8793,True
4853,4347,True
4854,15537,True
4855,19954,True
4856,19539,True
4857,11405,True
4858,7114,True
4859,19954,True
4860,7348,True
4861,8081,True
4862,8081,True
4863,5166,True
4864,6047,True
4865,7851,True
4866,8756,True
4867,9658,True
4868,11116,True
4869,15285,True
4870,8376,True
4871,17420,True
4872,15285,True
4873,14245,True
4874,7980,True
4875,17984,True
4876,4629,True
4877,17420,True
4878,8395,True
4879,16574,True
4880,7052,True
4881,18337,True
4882,8376,True
4883,20511,True
4884,8458,True
4885,8730,True
4886,8793,True
4887,8561,True
4888,24116,True
4889,16476,True
4890,1639,True
4891,24116,True
4892,8458,True
4893,7367,True
4894,20801,True
4895,12632,True
4896,13337,True
4897,66911,True
4898,18320,True
4899,1647,True
4900,11084,True
4901,27560,True
4902,15369,True
4903,953,True
4904,38357,True
4905,1283,True
4906,21295,True
4907,4194,True
4908,3483,True
4909,21046,True
4910,3483,True
4911,8479,True
4912,14287,True
4913,16855,True
4914,4001,True
4915,13230,True
4916,15587,True
4917,7954,True
4918,16552,True
4919,511,True
4920,1033,True
4921,4001,True
4922,10633,True
4923,20432,True
4924,625,True
4925,10041,True
4926,16127,True
4927,10633,True
4928,7170,True
4929,716,True
4930,6666,True
4931,763,True
4932,9082,True
4933,14946,True
4934,8019,True
4935,7821,True
4936,6931,True
4937,19740,True
4938,18303,True
4939,1397,True
4940,19740,True
4941,7388,True
4942,1458,True
4943,21102,True
4944,1812,True
4945,21102,True
4946,1458,True
4947,7821,True
4948,17800,True
4949,8339,True
4950,8115,True
4951,17800,True
4952,20925,True
4953,7052,True
4954,7980,True
4955,17346,True
4956,8561,True
4957,7777,True
4958,23071,True
4959,16915,True
4960,23071,True
4961,8017,True
4962,12282,True
4963,7795,True
4964,19132,True
4965,9428,True
4966,16658,True
4967,19132,True
4968,16658,True
4969,1424,True
4970,26798,True
4971,14032,True
4972,14215,True
4973,8017,True
4974,13745,True
4975,10906,True
4976,9040,True
4977,1178,True
4978,10847,True
4979,11985,True
4980,13683,True
4981,26336,True
4982,848,True
4983,13722,True
4984,10804,True
4985,13565,True
4986,11079,True
4987,13722,True
4988,14916,True
4989,2198,True
4990,48120,True
4991,66911,True
4992,11151,True
4993,10847,True
4994,13292,True
4995,20262,True
4996,11079,True
4997,11403,True
4998,14876,True
4999,13700,True
5000,10881,True
5001,11033,True
5002,13669,True
5003,14876,True
5004,10840,True
5005,11176,True
5006,20596,True
5007,13669,True
5008,10762,True
5009,19359,True
5010,20596,True
5011,11121,True
5012,10242,True
5013,11134,True
5014,17510,True
5015,19359,True
5016,21705,True
5017,17510,True
5018,8759,True
5019,10774,True
5020,21705,True
5021,5102,True
5022,7970,True
5023,8759,True
5024,23046,True
5025,3165,True
5026,5191,True
5027,4667,True
5028,6484,True
5029,8475,True
5030,16536,True
5031,1619,True
5032,15369,True
5033,11927,True
5034,12105,True
5035,13006,True
5036,9753,True
5037,16451,True
5038,12485,True
5039,20843,True
5040,30848,True
5041,10590,True
5042,28645,True
5043,22416,True
5044,16994,True
5045,10960,True
5046,54475,True
5047,11374,True
5048,16994,True
5049,10107,True
5050,23894,True
5051,10107,True
5052,19805,True
5053,9984,True
5054,18967,True
5055,25417,True
5056,11374,True
5057,23540,True
5058,16330,True
5059,16565,True
5060,25813,True
5061,2891,True
5062,11632,True
5063,11237,True
5064,3338,True
5065,13230,True
5066,9120,True
5067,25567,True
5068,14154,True
5069,10645,True
5070,9579,True
5071,10645,True
5072,8015,True
5073,14735,True
5074,9579,True
5075,5772,True
5076,8479,True
5077,6928,True
5078,14735,True
5079,9120,True
5080,8157,True
5081,3452,True
5082,14287,True
5083,21384,True
5084,13100,True
5085,14779,True
5086,8015,True
5087,3338,True
5088,9125,True
5089,9125,True
5090,3452,True
5091,5772,True
5092,7063,True
5093,9085,True
5094,8115,True
5095,5296,True
5096,18839,True
5097,18303,True
5098,14032,True
5099,1061,True
5100,11740,True
5101,695,True
5102,11872,True
5103,14950,True
5104,11872,True
5105,13774,True
5106,13098,True
5107,15058,True
5108,777,True
5109,11732,True
5110,15241,True
5111,11732,True
5112,13257,True
5113,15058,True
5114,15279,True
5115,13257,True
5116,12234,True
5117,15188,True
5118,15270,True
5119,12004,True
5120,13112,True
5121,15279,True
5122,12527,True
5123,13112,True
5124,12099,True
5125,15270,True
5126,15217,True
5127,10035,True
5128,19247,True
5129,12940,True
5130,7952,True
5131,12720,True
5132,14330,True
5133,15645,True
5134,12748,True
5135,14330,True
5136,12748,True
5137,7885,True
5138,28624,True
5139,1255,True
5140,13119,True
5141,9220,True
5142,14890,True
5143,21544,True
5144,21427,True
5145,28624,True
5146,18544,True
5147,909,True
5148,8489,True
5149,11150,True
5150,8535,True
5151,9474,True
5152,14046,True
5153,11478,True
5154,752,True
5155,8489,True
5156,818,True
5157,8535,True
5158,11478,True
5159,5370,True
5160,752,True
5161,4062,True
5162,4062,True
5163,3895,True
5164,7930,True
5165,11423,True
5166,14130,True
5167,7649,True
5168,718,True
5169,4621,True
5170,7930,True
5171,1191,True
5172,5370,True
5173,3895,True
5174,7420,True
5175,674,True
5176,11423,True
5177,6054,True
5178,6185,True
5179,8151,True
5180,11370,True
5181,6405,True
5182,7649,True
5183,7972,True
5184,7420,True
5185,11370,True
5186,12453,True
5187,12026,True
5188,12453,True
5189,11318,True
5190,8301,True
5191,1471,True
5192,10051,True
5193,7972,True
5194,13372,True
5195,11318,True
5196,6518,True
5197,13372,True
5198,1245,True
5199,53265,True
5200,3587,True
5201,10051,True
5202,8419,True
5203,708,True
5204,7347,True
5205,5294,True
5206,12985,True
5207,15950,True
5208,1414,True
5209,40513,True
5210,15950,True
5211,12968,True
5212,22598,True
5213,22598,True
5214,18411,True
5215,6858,True
5216,1330,True
5217,9569,True
5218,21490,True
5219,11810,True
5220,21490,True
5221,35522,True
5222,10050,True
5223,1404,True
5224,13511,True
5225,16664,True
5226,13849,True
5227,7017,True
5228,13705,True
5229,13432,True
5230,11809,True
5231,13849,True
5232,13432,True
5233,16976,True
5234,14098,True
5235,16976,True
5236,14395,True
5237,16105,True
5238,4427,True
5239,22424,True
5240,19783,True
5241,9619,True
5242,11542,True
5243,8947,True
5244,6428,True
5245,9619,True
5246,16105,True
5247,14220,True
5248,6428,True
5249,6897,True
5250,20028,True
5251,14220,True
5252,20028,True
5253,13592,True
5254,6696,True
5255,22372,True
5256,12940,True
5257,18063,True
5258,19783,True
5259,19247,True
5260,8980,True
5261,6163,True
5262,22372,True
5263,6163,True
5264,15130,True
5265,7253,True
5266,15441,True
5267,6944,True
5268,7253,True
5269,1709,True
5270,15441,True
5271,6715,True
5272,4879,True
5273,1709,True
5274,6651,True
5275,8312,True
5276,4879,True
5277,6543,True
5278,8312,True
5279,18063,True
5280,16201,True
5281,11964,True
5282,4760,True
5283,17325,True
5284,6715,True
5285,8267,True
5286,4760,True
5287,6651,True
5288,8321,True
5289,11519,True
5290,10519,True
5291,13774,True
5292,11865,True
5293,13101,True
5294,15188,True
5295,19654,True
5296,18272,True
5297,18063,True
5298,8233,True
5299,13643,True
5300,4190,True
5301,1175,True
5302,145231,True
5303,4048,True
5304,46386,True
5305,41427,True
5306,248246,True
5307,66896,True
5308,10139,True
5309,73760,True
5310,748,True
5311,97740,True
5312,1048,True
5313,14976,True
5314,3492,True
5315,53932,True
5316,1357,True
5317,18162,True
5318,1170,True
5319,46946,True
5320,2168,True
5321,148004,True
5322,22486,True
5323,2663,True
5324,148813,True
5325,3411,True
5326,64041,True
5327,3856,True
5328,1322,True
5329,21722,True
5330,26491,True
5331,1407,True
5332,25982,True
5333,6418,True
5334,1054,True
5335,905,True
5336,38947,True
5337,78805,True
5338,8142,True
5339,27814,True
5340,63657,True
5341,19511,True
5342,69476,True
5343,25982,True
5344,26446,True
5345,27814,True
5346,44772,True
5347,21662,True
5348,23273,True
5349,1897,True
5350,42826,True
5351,114773,True
5352,20849,True
5353,60858,True
5354,44772,True
5355,22760,True
5356,1156,True
5357,83696,True
5358,918,True
5359,155912,True
5360,7148,True
5361,22638,True
5362,19733,True
5363,3583,True
5364,3232,True
5365,24564,True
5366,4351,True
5367,24553,True
5368,4402,True
5369,11531,True
5370,6559,True
5371,24564,True
5372,4402,True
5375,5261,True
5376,6196,True
5377,1442,True
5378,4813,True
5379,6196,True
5380,4925,True
5381,14464,True
5382,18726,True
5383,4351,True
5384,7743,True
5385,7568,True
5386,2606,True
5387,7492,True
5388,3468,True
5389,6002,True
5390,7105,True
5391,2118,True
5393,3438,True
5395,8181,True
5397,25730,True
5398,2215,True
5399,5122,True
5400,5805,True
5401,3251,True
5404,15474,True
5405,3476,True
5406,4801,True
5407,9044,True
5408,8707,True
5409,3753,True
5410,4813,True
5411,3656,True
5412,3476,True
5413,9065,True
5414,8705,True
5415,3532,True
5416,3753,True
5417,8638,True
5418,8701,True
5419,4079,True
5420,3532,True
5421,8444,True
5422,8697,True
5423,4610,True
5424,4079,True
5425,4522,True
5426,4218,True
5427,7120,True
5429,7714,True
5430,7714,True
5431,4610,True
5433,1801,True
5434,4522,True
5435,7261,True
5436,6942,True
5437,2783,True
5438,8707,True
5439,7019,True
5440,3657,True
5441,3729,True
5442,8705,True
5443,7051,True
5445,3657,True
5446,4155,True
5447,3575,True
5448,8701,True
5449,7083,True
5450,4561,True
5451,4155,True
5452,8697,True
5453,7120,True
5454,7160,True
5456,4561,True
5457,16391,True
5458,6942,True
5459,9057,True
5460,7510,True
5461,7019,True
5462,3577,True
5463,3655,True
5464,9044,True
5465,7051,True
5466,3611,True
5467,3577,True
5468,9065,True
5470,3611,True
5471,7083,True
5472,9088,True
5473,1801,True
5474,8444,True
5475,4006,True
5476,4711,True
5477,8638,True
5478,4006,True
5479,13867,True
5480,4473,True
5481,3468,True
5483,7492,True
5484,9551,True
5486,6715,True
5487,809,True
5488,19186,True
5489,1565,True
5490,10092,True
5491,1506,True
5492,4185,True
5493,1351,True
5494,9261,True
5495,7711,True
5496,2518,True
5497,31151,True
5498,9028,True
5499,9884,True
5500,2685,True
5501,8872,True
5502,4430,True
5503,9803,True
5504,9195,True
5505,9028,True
5506,4430,True
5507,14225,True
5508,7711,True
5509,10128,True
5510,4955,True
5511,14225,True
5512,15694,True
5513,15694,True
5514,1939,True
5515,31151,True
5516,17140,True
5517,7491,True
5518,6269,True
5519,1461,True
5520,22518,True
5521,13464,True
5522,7728,True
5523,6148,True
5524,6872,True
5525,9113,True
5526,7728,True
5527,17078,True
5528,6698,True
5529,9113,True
5530,17615,True
5531,1428,True
5532,22291,True
5533,12508,True
5534,4083,True
5535,26765,True
5536,17078,True
5537,36731,True
5538,55971,True
5539,24610,True
5540,7575,True
5541,31155,True
5542,24610,True
5543,9677,True
5544,36731,True
5545,17868,True
5546,7575,True
5547,15085,True
5548,14617,True
5549,17355,True
5550,1170,True
5551,20197,True
5552,14747,True
5553,15085,True
5554,14123,True
5555,14617,True
5556,15138,True
5557,14123,True
5558,17468,True
5559,17868,True
5560,20424,True
5561,36262,True
5562,26800,True
5563,6680,True
5564,15138,True
5565,14747,True
5566,6680,True
5567,24642,True
5568,1289,True
5569,17468,True
5570,21720,True
5571,19305,True
5572,13977,True
5573,25130,True
5574,9078,True
5575,11691,True
5576,32475,True
5577,13151,True
5578,14824,True
5579,13977,True
5580,10067,True
5581,19305,True
5582,10341,True
5583,30576,True
5584,30576,True
5585,11300,True
5586,20662,True
5587,19268,True
5588,8270,True
5589,14328,True
5590,8257,True
5591,14328,True
5592,11300,True
5593,25974,True
5594,432,True
5595,460,True
5596,24932,True
5597,1170,True
5598,6850,True
5599,16712,True
5600,23853,True
5601,31789,True
5602,30329,True
5603,22397,True
5604,1551,True
5605,12239,True
5606,9343,True
5607,14639,True
5608,9469,True
5609,11810,True
5610,13098,True
5611,9679,True
5612,6511,True
5613,13619,True
5614,13101,True
5615,14395,True
5616,19835,True
5617,10040,True
5618,12457,True
5619,14857,True
5620,49045,True
5621,21890,True
5622,14882,True
5623,14704,True
5624,19199,True
5625,22223,True
5626,22531,True
5627,5728,True
5628,15694,True
5629,13490,True
5630,15802,True
5631,30029,True
5632,15316,True
5633,27470,True
5634,15610,True
5635,744,True
5636,16192,True
5637,867,True
5638,15797,True
5639,12811,True
5640,15542,True
5641,12490,True
5642,15833,True
5643,14890,True
5644,15670,True
5645,14646,True
5646,26326,True
5647,12186,True
5648,10036,True
5649,2437,True
5650,52294,True
5651,9430,True
5652,6796,True
5653,11025,True
5654,7293,True
5655,13369,True
5656,14033,True
5657,1256,True
5658,8812,True
5659,11025,True
5660,6832,True
5661,9040,True
5662,14035,True
5663,6799,True
5664,13043,True
5665,14344,True
5666,8812,True
5667,14035,True
5668,13927,True
5669,10976,True
5670,7340,True
5671,6832,True
5672,14009,True
5673,15991,True
5674,8554,True
5675,14344,True
5676,14057,True
5677,5597,True
5678,7340,True
5679,14397,True
5680,13680,True
5681,10762,True
5682,5345,True
5683,20970,True
5684,19153,True
5685,351,True
5686,14778,True
5687,13927,True
5688,1109,True
5689,13370,True
5690,9682,True
5691,21804,True
5692,14778,True
5693,14057,True
5694,14966,True
5695,11134,True
5696,17119,True
5697,17645,True
5698,10476,True
5699,10840,True
5700,14067,True
5701,20970,True
5702,11189,True
5703,17185,True
5704,14966,True
5705,12808,True
5706,2441,True
5707,2349,True
5708,11121,True
5709,14313,True
5710,14032,True
5711,16119,True
5712,13747,True
5713,11033,True
5714,11044,True
5715,14346,True
5716,14067,True
5717,12456,True
5718,14426,True
5719,17185,True
5720,21269,True
5721,21804,True
5722,14426,True
5723,14313,True
5724,13803,True
5725,11403,True
5726,10602,True
5727,13689,True
5728,14346,True
5729,11176,True
5730,11487,True
5731,13622,True
5732,17978,True
5733,13923,True
5734,3904,True
5735,12399,True
5736,10881,True
5737,14916,True
5738,13622,True
5739,27216,True
5740,13997,True
5741,7795,True
5742,11151,True
5743,13079,True
5744,19234,True
5745,17168,True
5746,1425,True
5747,18650,True
5748,19847,True
5749,1001,True
5750,1194,True
5751,18020,True
5752,19797,True
5753,19242,True
5754,18953,True
5755,17077,True
5756,1148,True
5757,17991,True
5758,19471,True
5759,1343,True
5760,1647,True
5761,9032,True
5762,10558,True
5763,1705,True
5764,27348,True
5765,14641,True
5766,1396,True
5767,753,True
5768,18840,True
5769,8400,True
5770,26727,True
5771,26456,True
5772,7939,True
5773,8542,True
5774,7868,True
5775,14248,True
5776,26456,True
5777,8201,True
5778,17955,True
5779,14248,True
5780,8034,True
5781,7846,True
5782,17955,True
5783,8542,True
5784,14072,True
5785,26727,True
5786,5517,True
5787,28854,True
5788,25130,True
5789,2171,True
5790,43790,True
5791,9656,True
5792,12546,True
5793,20809,True
5794,7985,True
5795,7121,True
5796,7558,True
5797,7864,True
5798,6987,True
5799,11942,True
5800,7558,True
5801,7717,True
5802,7171,True
5803,10491,True
5804,11942,True
5805,19005,True
5806,13641,True
5807,19928,True
5808,21770,True
5809,19928,True
5810,5517,True
5811,37991,True
5812,69627,True
5813,69627,True
5814,13535,True
5815,13078,True
5816,13078,True
5817,10474,True
5818,16712,True
5819,37425,True
5820,0,True
5821,0,True
5822,23073,True
5823,44182,True
5824,4104,True
5825,13326,True
5826,6012,True
5827,3582,True
5828,17088,True
5829,7764,True
5830,11179,True
5831,48317,True
5832,7664,True
5833,7006,True
5834,1676,True
5835,2361,True
5836,16184,True
5837,1615,True
5838,1198,True
5839,2361,True
5840,1004,True
5841,26344,True
5842,32326,True
5843,29008,True
5844,4037,True
5845,3969,True
5846,4345,True
5847,7500,True
5848,3315,True
5849,4773,True
5850,20916,True
5851,2266,True
5852,4837,True
5853,20821,True
5854,4654,True
5855,6525,True
5856,1201,True
5857,21874,True
5858,1048,True
5859,13765,True
5860,32039,True
5861,17451,True
5862,10670,True
5863,16788,True
5864,20662,True
5865,13291,True
5866,1200,True
5867,25786,True
5868,14973,True
5869,998,True
5870,13781,True
5871,1208,True
5872,26139,True
5873,1061,True
5874,13854,True
5875,1971,True
5876,25928,True
5877,1160,True
5878,19079,True
5879,1148,True
5880,21121,True
5881,25086,True
5882,18210,True
5883,12553,True
5884,14725,True
5885,21708,True
5886,8200,True
5887,16634,True
5888,17590,True
5889,5745,True
5890,1242,True
5891,14696,True
5892,702,True
5893,17166,True
5894,14305,True
5895,972,True
5896,2855,True
5897,2945,True
5898,14066,True
5899,6234,True
5900,14710,True
5901,12903,True
5902,14710,True
5903,14894,True
5904,16804,True
5905,14797,True
5906,14894,True
5907,8974,True
5908,14797,True
5909,1357,True
5910,13734,True
5911,9013,True
5912,20981,True
5913,13518,True
5914,16938,True
5915,16938,True
5916,3068,True
5917,3333,True
5918,15170,True
5919,609,True
5920,16984,True
5921,19641,True
5922,1265,True
5923,22534,True
5924,3495,True
5925,12864,True
5926,17596,True
5927,42160,True
5928,2033,True
5929,15847,True
5930,18288,True
5931,20353,True
5932,12243,True
5933,20353,True
5934,5002,True
5935,20221,True
5936,5002,True
5937,2334,True
5938,2473,True
5939,8817,True
5940,22788,True
5941,9997,True
5942,2271,True
5943,17734,True
5944,5407,True
5945,8578,True
5946,2473,True
5947,7783,True
5948,8817,True
5949,9997,True
5951,29498,True
5953,18698,True
5954,10576,True
5955,22788,True
5956,30131,True
5957,10576,True
5958,9577,True
5959,18698,True
5960,12550,True
5961,29498,True
5962,6399,True
5963,4889,True
5964,8578,True
5966,17734,True
5967,12550,True
5968,19722,True
5969,30131,True
5970,8692,True
5971,8692,True
5972,8692,True
5973,8692,True
5974,2334,True
5975,6425,True
5977,7783,True
5978,6399,True
5979,2271,True
5980,4955,True
5981,6425,True
5982,4955,True
5983,5407,True
5985,5650,True
5986,13558,True
5987,17121,True
5988,5362,True
5989,13558,True
5990,7180,True
5991,5362,True
5992,13906,True
5993,10519,True
5994,5650,True
5995,5650,True
5996,13906,True
5997,5165,True
5998,17121,True
5999,7180,True
6000,12508,True
6001,34661,True
6002,1295,True
6003,35465,True
6004,19745,True
6005,1368,True
6006,1979,True
6007,19743,True
6008,31657,True
6009,1651,True
6010,4909,True
6011,8315,True
6012,1527,True
6013,15238,True
6014,948,True
6015,32313,True
6016,4745,True
6017,7481,True
6018,16839,True
6019,1698,True
6020,2518,True
6021,19580,True
6022,15869,True
6023,1681,True
6024,1351,True
6025,9884,True
6026,9271,True
6027,9195,True
6028,1506,True
6029,4198,True
6030,8872,True
6031,1565,True
6032,10165,True
6033,1244,True
6034,14474,True
6035,1068,True
6036,17306,True
6037,2737,True
6038,13408,True
6039,15464,True
6040,11809,True
6041,3064,True
6042,19476,True
6043,16525,True
6044,7671,True
6045,12457,True
6046,15464,True
6047,18802,True
6048,14511,True
6049,11498,True
6050,15462,True
6051,13176,True
6052,1826,True
6053,16525,True
6054,13176,True
6055,8451,True
6056,1826,True
6057,7543,True
6058,7994,True
6059,18802,True
6060,11848,True
6061,5341,True
6062,8451,True
6063,19425,True
6064,9679,True
6065,7994,True
6066,19425,True
6067,11498,True
6068,7671,True
6069,18520,True
6070,11848,True
6071,7543,True
6072,18520,True
6073,14511,True
6074,13572,True
6075,13408,True
6076,6352,True
6077,4083,True
6078,21501,True
6079,17140,True
6080,1068,True
6081,21501,True
6082,11378,True
6083,10495,True
6084,7355,True
6085,7675,True
6086,11655,True
6087,12599,True
6088,6352,True
6089,6269,True
6090,4348,True
6091,10495,True
6092,12599,True
6093,10415,True
6094,14883,True
6095,7620,True
6096,10112,True
6097,11655,True
6098,7675,True
6099,4348,True
6100,11442,True
6101,7620,True
6102,14883,True
6103,11442,True
6104,2685,True
6105,28946,True
6106,11445,True
6107,1589,True
6108,10041,True
6109,15813,True
6110,17077,True
6111,908,True
6112,22301,True
6113,28326,True
6114,28524,True
6115,14867,True
6116,5294,True
6117,8301,True
6118,7424,True
6119,6940,True
6120,9734,True
6121,1471,True
6122,6405,True
6123,7870,True
6124,6399,True
6125,9854,True
6126,7689,True
6127,7469,True
6128,6940,True
6129,7424,True
6130,9846,True
6131,7469,True
6132,6399,True
6133,7870,True
6134,6272,True
6135,9846,True
6136,6054,True
6137,8151,True
6138,6272,True
6139,14130,True
6140,7687,True
6141,14046,True
6142,733,True
6143,674,True
6144,1191,True
6145,11428,True
6146,718,True
6147,7128,True
6148,14123,True
6149,11428,True
6150,14123,True
6151,878,True
6152,752,True
6153,818,True
6154,11473,True
6155,7128,True
6156,752,True
6157,14054,True
6158,11473,True
6159,14054,True
6160,7116,True
6161,1560,True
6162,26533,True
6163,26533,True
6164,11527,True
6165,36893,True
6166,1245,True
6167,11527,True
6168,51716,True
6169,36893,True
6170,9702,True
6171,21875,True
6172,0,True
6173,0,True
6174,21875,True
6175,3899,True
6176,38476,True
6177,9569,True
6178,1414,True
6179,37999,True
6180,1330,True
6181,6521,True
6182,11810,True
6183,1404,True
6184,10452,True
6185,9753,True
6186,8250,True
6187,14362,True
6188,27767,True
6189,4028,True
6190,8397,True
6191,8487,True
6192,33935,True
6193,9057,True
6194,9986,True
6195,25859,True
6196,5549,True
6197,20361,True
6198,4395,True
6199,4255,True
6200,12082,True
6201,21280,True
6202,13655,True
6203,15976,True
6204,21280,True
6205,10806,True
6206,5900,True
6207,15976,True
6208,4415,True
6209,10828,True
6210,12082,True
6211,1123,True
6212,5816,True
6213,26588,True
6214,10326,True
6215,5816,True
6216,3781,True
6217,12014,True
6218,10326,True
6219,5900,True
6220,3841,True
6221,12014,True
6222,8319,True
6223,3781,True
6224,4415,True
6225,12046,True
6226,8319,True
6227,3841,True
6228,4255,True
6229,12046,True
6230,10828,True
6231,15601,True
6232,14875,True
6233,3653,True
6234,1754,True
6235,4278,True
6236,1996,True
6237,16146,True
6238,3626,True
6239,2532,True
6240,769,True
6241,3653,True
6242,25260,True
6243,21360,True
6244,3000,True
6245,6263,True
6246,993,True
6247,10153,True
6248,5412,True
6249,8619,True
6250,21070,True
6251,16134,True
6252,25260,True
6253,4202,True
6254,6652,True
6255,16622,True
6256,9153,True
6257,8428,True
6258,8451,True
6259,7361,True
6260,2707,True
6261,3069,True
6262,10173,True
6263,4202,True
6264,9299,True
6265,9299,True
6266,447,True
6267,2911,True
6268,9299,True
6269,9299,True
6270,5443,True
6271,4085,True
6272,4770,True
6273,5443,True
6274,10173,True
6275,3989,True
6276,4699,True
6277,1990,True
6278,12680,True
6279,3989,True
6280,4459,True
6281,5491,True
6282,447,True
6283,540,True
6284,5771,True
6285,5771,True
6286,4459,True
6287,12702,True
6288,5693,True
6289,2295,True
6290,3742,True
6291,3899,True
6292,5925,True
6293,4271,True
6294,5488,True
6295,6271,True
6296,3321,True
6297,3742,True
6298,6812,True
6299,4271,True
6300,4074,True
6301,3321,True
6302,6812,True
6303,8795,True
6304,540,True
6305,3069,True
6306,5901,True
6307,5901,True
6308,8795,True
6309,13206,True
6310,5535,True
6311,13206,True
6312,4389,True
6313,8474,True
6314,8969,True
6315,8474,True
6316,4085,True
6317,2626,True
6318,5491,True
6319,2626,True
6320,8969,True
6321,4770,True
6322,4074,True
6323,5925,True
6324,3889,True
6325,5488,True
6326,3899,True
6327,6070,True
6328,5412,True
6329,6070,True
6330,3889,True
6331,9824,True
6332,21237,True
6333,7698,True
6334,4138,True
6335,3894,True
6336,11056,True
6337,15471,True
6338,2057,True
6339,17593,True
6340,21544,True
6341,9215,True
6342,7009,True
6343,9806,True
6344,29904,True
6345,29904,True
6346,30111,True
6347,23098,True
6348,9222,True
6349,10491,True
6350,7575,True
6351,13395,True
6352,7522,True
6353,997,True
6354,17277,True
6355,17277,True
6356,950,True
6357,1092,True
6358,1729,True
6359,1764,True
6360,3014,True
6361,2536,True
6362,23174,True
6363,30562,True
6364,37651,True
6365,58880,True
6366,133107,True
6367,1960,True
6368,9351,True
6369,9180,True
6370,14270,True
6371,7138,True
6372,1589,True
6373,19490,True
6374,1176,True
6375,15606,True
6376,2949,True
6377,19014,True
6378,21107,True
6379,19702,True
6380,24313,True
6381,3165,True
6382,13989,True
6383,24885,True
6384,708,True
6385,13083,True
6386,37318,True
6387,6055,True
6388,23506,True
6389,9085,True
6390,17006,True
6391,6055,True
6392,10881,True
6393,6016,True
6394,24633,True
6395,10881,True
6396,24633,True
6397,6439,True
6398,7070,True
6399,5191,True
6400,6016,True
6401,24672,True
6402,5721,True
6403,3684,True
6404,7329,True
6405,13989,True
6406,10774,True
6407,17645,True
6408,20022,True
6409,60186,True
6410,26294,True
6411,2513,True
6412,30287,True
6413,3119,True
6414,2808,True
6415,6300,True
6416,8388,True
6417,7331,True
6418,1846,True
6419,6726,True
6420,2691,True
6421,6295,True
6422,1391,True
6423,15902,True
6424,10335,True
6425,3896,True
6426,1820,True
6427,15627,True
6428,2609,True
6429,15622,True
6430,766,True
6431,33761,True
6432,38551,True
6433,2959,True
6434,2961,True
6435,36789,True
6436,2584,True
6437,33918,True
6438,62139,True
6439,3081,True
6440,5210,True
6441,2247,True
6442,3028,True
6443,2221,True
6444,3005,True
6445,2017,True
6446,76143,True
6447,25037,True
6448,9709,True
6449,12397,True
6450,24900,True
6451,5409,True
6452,3430,True
6453,30603,True
6454,3434,True
6455,144026,True
6456,33022,True
6457,87871,True
6458,2814,True
6459,49054,True
6460,3005,True
6461,45204,True
6462,1811,True
6463,82409,True
6464,3006,True
6465,37868,True
6466,1941,True
6467,70529,True
6468,1846,True
6469,69674,True
6470,3438,True
6471,35867,True
6472,3371,True
6473,36782,True
6474,23578,True
6475,7853,True
6476,26156,True
6477,10337,True
6478,3707,True
6479,62948,True
6480,17845,True
6481,5896,True
6482,16253,True
6483,19267,True
6484,9047,True
6485,19267,True
6490,1194,True
6491,1227,True
6500,1500,True
6502,1141,True
6503,6086,True
6505,17531,True
6508,1325,True
6554,5982,True
6562,13499,True
6563,20240,True
6565,44964,True
6569,13159,True
6570,19600,True
6572,8164,True
6573,13499,True
6582,44964,True
6589,18539,True
6591,8213,True
6592,19611,True
6593,18539,True
6594,5982,True
6595,8164,True
6596,44517,True
6597,19611,True
6601,44517,True
6608,1165,True
6610,20502,True
6613,3555,True
6614,1618,True
6615,76338,True
6616,789,True
6617,35284,True
6618,789,True
6619,2961,True
6620,44438,True
6621,1839,True
6622,3555,True
6623,2455,True
6624,56507,True
6625,851,True
6626,852,True
6627,15718,True
6628,1634,True
6629,1199,True
6630,44866,True
6631,4119,True
6632,34750,True
6633,785,True
6634,8066,True
6635,3940,True
6636,10639,True
6637,744,True
6638,62103,True
6639,516,True
6640,32750,True
6641,649,True
6642,1855,True
6643,13168,True
6644,563,True
6645,21801,True
6646,39186,True
6647,8432,True
6648,14478,True
6650,24087,True
6651,1450,True
6652,21275,True
6653,141436,True
6654,1555,True
6655,56608,True
6656,119670,True
6657,899,True
6658,2091,True
6659,11081,True
6660,61274,True
6661,10950,True
6662,9742,True
6663,5452,True
6664,73045,True
6665,64305,True
6666,12920,True
6667,70342,True
6668,61528,True
6669,2335,True
6670,40809,True
6671,68527,True
6672,5735,True
6673,1326,True
6674,33091,True
6675,1233,True
6676,95319,True
6677,87824,True
6678,30359,True
6679,202380,True
6680,5433,True
6681,12878,True
6682,101304,True
6683,37551,True
6684,113046,True
6685,23573,True
6686,4641,True
6687,23482,True
6688,3858,True
6689,3858,True
6690,3858,True
6691,44870,True
6692,13244,True
6693,4165,True
6694,19945,True
6695,19607,True
6696,4165,True
6697,22438,True
6698,11606,True
6699,10527,True
6700,13522,True
6702,49261,True
6704,4475,True
6705,68799,True
6706,17376,True
6707,234118,True
6708,8747,True
6709,9913,True
6710,9491,True
6711,36544,True
6712,13968,True
6713,4015,True
6714,10544,True
6715,7586,True
6716,7695,True
6717,14078,True
6718,6928,True
6719,13947,True
6720,5412,True
6721,7880,True
6722,45652,True
6723,7696,True
6724,16191,True
6725,1793,True
6726,22235,True
6727,7735,True
6728,12344,True
6729,5663,True
6730,22976,True
6731,28851,True
6732,22931,True
6733,4083,True
6734,9141,True
6735,6801,True
6736,27919,True
6737,8683,True
6738,2306,True
6739,4647,True
6740,15338,True
6741,6410,True
6742,2195,True
6743,25194,True
6744,17249,True
6745,1407,True
6746,5807,True
6747,1022,True
6748,4439,True
6749,845,True
6750,4512,True
6751,1178,True
6752,28467,True
6753,1082,True
6754,36396,True
6755,13325,True
6756,10484,True
6757,1046,True
6758,10910,True
6759,13617,True
6760,11126,True
6761,1510,True
6762,9955,True
6763,11189,True
6764,1629,True
6765,1665,True
6766,8729,True
6767,15040,True
6768,12870,True
6769,1584,True
6770,53820,True
6771,9208,True
6772,29553,True
6773,35326,True
6774,1724,True
6775,41706,True
6776,2513,True
6777,27738,True
6778,3434,True
6779,1330,True
6780,2398,True
6781,36356,True
6782,42321,True
6783,2378,True
6784,3795,True
6786,2691,True
6787,45655,True
6788,1296,True
6789,2409,True
6790,29420,True
6791,2817,True
6792,53374,True
6793,1297,True
6794,39019,True
6795,3230,True
6796,29754,True
6797,32385,True
6798,2916,True
6799,64587,True
6800,2959,True
6801,4132,True
6802,3192,True
6803,31028,True
6804,1536,True
6805,2994,True
6806,62796,True
6807,1270,True
6808,20461,True
6809,3003,True
6810,69100,True
6811,64830,True
6812,2674,True
6813,2465,True
6814,26610,True
6815,5000,True
6816,896,True
6817,36420,True
6818,1358,True
6819,2340,True
6820,36959,True
6821,1476,True
6822,1451,True
6823,14866,True
6824,12758,True
6825,2624,True
6826,1801,True
6827,77309,True
6828,36723,True
6829,1526,True
6830,2704,True
6831,32367,True
6832,627,True
6833,26954,True
6834,554,True
6835,36578,True
6836,1719,True
6837,34291,True
6838,27677,True
6839,565,True
6840,2822,True
6841,39749,True
6842,23240,True
6843,2662,True
6844,1305,True
6845,21719,True
6846,1085,True
6849,5332,True
6850,2899,True
6851,1375,True
6852,52474,True
6853,1166,True
6854,36927,True
6855,1097,True
6856,15893,True
6857,1577,True
6858,129230,True
6859,29684,True
6860,34260,True
6861,2467,True
6862,1246,True
6863,38750,True
6864,5430,True
6865,11818,True
6866,15706,True
6867,23106,True
6868,23827,True
6869,48602,True
6870,2648,True
6871,2717,True
6872,1320,True
6873,3209,True
6874,41343,True
6875,446,True
6876,703,True
6877,1833,True
6878,4930,True
6879,3150,True
6880,80873,True
6881,25481,True
6883,27306,True
6884,3999,True
6885,4426,True
6886,4573,True
6887,4057,True
6888,40801,True
6889,1771,True
6890,2216,True
6891,5308,True
6892,41738,True
6893,1443,True
6894,34965,True
6895,26326,True
6896,4139,True
6897,1316,True
6898,40029,True
6899,26326,True
6900,40029,True
6901,5847,True
6902,3925,True
6903,36438,True
6905,4145,True
6906,25175,True
6907,4145,True
6908,39819,True
6909,42078,True
6910,747,True
6912,885,True
6913,47078,True
6914,54355,True
6915,2439,True
6916,38137,True
6917,23810,True
6918,2622,True
6919,52257,True
6920,2768,True
6921,41441,True
6922,2471,True
6923,23755,True
6924,2829,True
6925,45330,True
6926,43136,True
6927,2254,True
6928,43221,True
6929,1957,True
6930,727,True
6931,45298,True
6932,40220,True
6933,1972,True
6934,40223,True
6935,2123,True
6936,2457,True
6937,49951,True
6940,37188,True
6941,24326,True
6942,46723,True
6943,45345,True
6944,2904,True
6945,25010,True
6946,13056,True
6947,2644,True
6948,40244,True
6949,4493,True
6950,2845,True
6951,38581,True
6952,35257,True
6953,2639,True
6954,2630,True
6955,37076,True
6956,2722,True
6957,4473,True
6958,4545,True
6959,2092,True
6960,2243,True
6961,21308,True
6962,37254,True
6963,19154,True
6964,13131,True
6965,26304,True
6966,16037,True
6967,26304,True
6968,19032,True
6969,24821,True
6970,16037,True
6971,19154,True
6972,19032,True
6973,22392,True
6974,715,True
6975,21442,True
6976,1206,True
6977,36604,True
6978,3081,True
6979,2249,True
6980,5863,True
6981,2917,True
6982,24229,True
6983,8977,True
6984,3803,True
6985,48995,True
6986,3803,True
6987,40559,True
6988,6416,True
6989,24229,True
6990,3465,True
6991,6416,True
6992,15906,True
6993,10253,True
6994,24923,True
6995,25900,True
6996,18171,True
6997,15395,True
6998,24923,True
6999,15395,True
7000,28599,True
7001,18400,True
7002,843,True
7003,16221,True
7004,14411,True
7005,41627,True
7006,25324,True
7007,17863,True
7008,20376,True
7009,26907,True
7010,19657,True
7011,1652,True
7012,19992,True
7013,17556,True
7014,19671,True
7015,16388,True
7016,20628,True
7017,1066,True
7018,20530,True
7019,21070,True
7020,16068,True
7021,27083,True
7022,16765,True
7023,29033,True
7024,8270,True
7025,16765,True
7026,15531,True
7027,12112,True
7028,1272,True
7029,75286,True
7030,1608,True
7031,13156,True
7032,39103,True
7033,2670,True
7034,26674,True
7035,1882,True
7036,43959,True
7037,7185,True
7038,2472,True
7039,2796,True
7040,14795,True
7041,12477,True
7042,104161,True
7043,52717,True
7044,28818,True
7045,10434,True
7046,36906,True
7047,10434,True
7048,101551,True
7049,1377,True
7050,100266,True
7051,965,True
7052,21717,True
7053,1772,True
7054,5419,True
7055,1456,True
7056,12139,True
7057,34008,True
7058,28084,True
7059,56419,True
7060,32091,True
7061,9262,True
7062,9577,True
7063,2742,True
7064,30520,True
7065,1000,True
7066,4550,True
7067,5770,True
7068,5098,True
7069,3726,True
7070,137905,True
7071,4043,True
7072,3590,True
7073,1081,True
7074,24748,True
7075,1805,True
7076,39801,True
7077,4793,True
7078,5852,True
7079,839,True
7080,4875,True
7081,2684,True
7082,706,True
7083,42170,True
7084,56992,True
7085,10777,True
7086,1408,True
7087,114624,True
7088,1049,True
7089,46941,True
7090,13109,True
7091,16210,True
7093,69357,True
7094,1893,True
7095,1893,True
7096,169016,True
7097,181225,True
7098,1893,True
7099,29717,True
7100,15623,True
7101,6309,True
7102,10179,True
7103,182055,True
7104,58390,True
7105,69876,True
7106,29685,True
7107,29627,True
7108,64864,True
7109,26170,True
7110,2010,True
7111,39158,True
7112,51545,True
7113,19779,True
7114,19368,True
7115,9800,True
7116,29486,True
7117,35703,True
7118,44002,True
7119,50363,True
7120,29214,True
7121,42107,True
7122,11214,True
7123,18262,True
7124,23169,True
7125,26421,True
7126,21091,True
7127,19783,True
7128,46210,True
7129,1656,True
7130,1416,True
7131,72053,True
7132,1335,True
7133,218807,True
7134,86318,True
7136,92822,True
7141,932,True
7142,24726,True
7143,23520,True
7144,45787,True
7145,23520,True
7146,2060,True
7147,60061,True
7148,18182,True
7149,55760,True
7150,80798,True
7151,2596,True
7152,6111,True
7153,20960,True
7154,2731,True
7155,30066,True
7156,7216,True
7157,170946,True
7158,52998,True
7159,79777,True
7160,23211,True
7161,23528,True
7162,898,True
7163,744,True
7164,1368,True
7165,86011,True
7166,28793,True
7167,34770,True
7168,69691,True
7170,31864,True
7171,6136,True
7172,6715,True
7173,60318,True
7174,6136,True
7175,3252,True
7176,60318,True
7177,22609,True
7178,40164,True
7179,13092,True
7180,804,True
7181,40164,True
7182,51700,True
7183,32076,True
7184,12746,True
7185,12627,True
7186,13086,True
7187,9692,True
7188,10757,True
7189,11358,True
7190,10757,True
7191,15713,True
7192,6293,True
7193,19974,True
7194,8199,True
7195,6749,True
7196,18602,True
7197,11407,True
7198,5334,True
7199,2910,True
7200,2910,True
7201,39808,True
7202,36493,True
7203,52375,True
7204,25801,True
7205,187582,True
7206,6397,True
7207,1418,True
7208,2061,True
7209,2749,True
7210,5427,True
7211,50366,True
7212,57297,True
7213,3164,True
7214,22188,True
7215,19584,True
7216,15364,True
7217,47649,True
7218,1345,True
7219,46562,True
7220,11079,True
7221,68788,True
7222,1981,True
7223,18291,True
7224,2593,True
7225,1309,True
7226,28556,True
7227,1088,True
7228,3901,True
7229,15526,True
7230,742,True
7231,18738,True
7232,1306,True
7233,2175,True
7234,73887,True
7235,73887,True
7236,1799,True
7237,5713,True
7238,1009,True
7239,11486,True
7240,8943,True
7241,10095,True
7242,1221,True
7243,25703,True
7244,15104,True
7245,921,True
7246,2060,True
7247,10718,True
7248,14731,True
7249,1061,True
7250,5316,True
7251,8238,True
7252,13228,True
7253,15725,True
7254,4816,True
7255,12948,True
7256,29104,True
7257,1532,True
7258,23359,True
7259,1097,True
7260,5231,True
7261,13882,True
7262,1088,True
7263,7086,True
7264,1068,True
7265,67901,True
7266,5418,True
7267,26074,True
7268,30416,True
7269,1138,True
7270,4260,True
7271,38314,True
7272,3889,True
7273,5889,True
7274,13243,True
7275,49470,True
7276,1310,True
7277,9751,True
7278,64042,True
7279,14376,True
7280,31952,True
7281,2372,True
7282,5260,True
7283,26175,True
7284,2106,True
7285,17689,True
7286,3465,True
7287,5291,True
7288,27280,True
7289,659,True
7290,7036,True
7291,981,True
7292,47907,True
7293,8307,True
7294,1898,True
7295,10882,True
7296,18035,True
7297,26539,True
7298,9925,True
7299,5697,True
7300,7259,True
7301,1672,True
7302,22945,True
7303,1090,True
7304,14732,True
7305,1257,True
7306,14414,True
7307,14124,True
7308,1031,True
7309,17006,True
7310,4667,True
7311,1233,True
7312,15783,True
7313,2263,True
7314,32809,True
7315,1103,True
7316,14273,True
7317,49697,True
7318,47361,True
7319,1993,True
7320,49297,True
7321,27149,True
7322,57906,True
7323,6226,True
7324,17660,True
7325,1125,True
7326,45565,True
7327,1099,True
7328,20684,True
7329,5099,True
7330,1407,True
7331,6872,True
7332,6153,True
7333,13509,True
7334,17847,True
7335,8343,True
7336,12612,True
7337,7659,True
7338,8732,True
7339,817,True
7340,3659,True
7341,12929,True
7342,7659,True
7343,11000,True
7344,720,True
7345,18649,True
7346,719,True
7347,14719,True
7348,3659,True
7349,8343,True
7350,12270,True
7351,5816,True
7352,11554,True
7353,5816,True
7354,12270,True
7355,11541,True
7356,12837,True
7357,11541,True
7358,10505,True
7359,11000,True
7360,12301,True
7361,11180,True
7362,11510,True
7363,12301,True
7364,11045,True
7365,12251,True
7366,690,True
7367,11045,True
7368,10162,True
7369,18780,True
7370,9740,True
7371,10505,True
7372,18780,True
7373,12525,True
7374,2865,True
7375,31720,True
7376,75199,True
7377,2034,True
7378,46774,True
7379,35814,True
7380,2528,True
7381,2865,True
7382,65705,True
7383,11953,True
7384,18416,True
7385,25220,True
7386,22962,True
7387,26446,True
7388,38294,True
7389,25056,True
7390,62948,True
7391,18089,True
7392,8763,True
7393,23087,True
7394,26156,True
7395,23578,True
7396,25754,True
7397,18089,True
7398,23087,True
7399,18029,True
7400,25754,True
7401,18464,True
7402,10620,True
7403,1138,True
7404,17686,True
7405,26749,True
7406,16290,True
7407,1568,True
7408,10358,True
7409,9731,True
7410,25084,True
7411,44517,True
7412,27023,True
7413,10426,True
7414,22876,True
7415,10478,True
7416,6988,True
7417,2062,True
7419,5970,True
7420,11128,True
7422,2002,True
7423,124589,True
7424,58607,True
7425,30032,True
7426,2002,True
7427,55683,True
7428,30032,True
7429,25526,True
7430,65247,True
7431,53242,True
7432,99274,True
7433,28969,True
7434,81825,True
7435,3727,True
7436,19289,True
7437,115334,True
7438,52779,True
7439,10489,True
7440,52779,True
7441,10258,True
7442,16998,True
7443,18346,True
7444,19563,True
7445,10302,True
7446,10044,True
7447,10295,True
7448,19563,True
7449,12862,True
7450,18631,True
7451,18505,True
7452,18145,True
7453,20580,True
7454,18505,True
7455,18173,True
7456,24802,True
7457,10948,True
7458,7796,True
7459,16609,True
7460,27422,True
7461,18145,True
7462,27422,True
7463,10609,True
7464,18173,True
7465,10609,True
7466,11640,True
7467,17754,True
7468,21178,True
7469,11016,True
7470,17754,True
7471,21178,True
7472,9319,True
7473,10948,True
7474,16609,True
7475,1190,True
7476,26825,True
7477,7796,True
7478,13141,True
7479,13121,True
7480,1857,True
7481,13141,True
7482,1652,True
7483,30116,True
7484,12290,True
7485,30116,True
7486,2905,True
7487,2476,True
7488,9510,True
7489,11287,True
7490,14624,True
7491,9783,True
7492,8670,True
7493,7874,True
7494,10938,True
7495,7604,True
7496,10145,True
7497,15208,True
7498,10938,True
7499,6205,True
7500,12358,True
7501,17058,True
7502,3286,True
7503,19742,True
7504,17058,True
7505,12358,True
7506,10836,True
7507,4429,True
7508,2553,True
7509,19742,True
7510,10145,True
7511,8278,True
7512,4457,True
7513,8678,True
7514,7907,True
7515,4457,True
7516,7625,True
7517,6009,True
7518,10836,True
7519,6641,True
7520,10331,True
7521,14952,True
7522,10123,True
7523,15084,True
7524,6641,True
7525,7635,True
7526,3582,True
7527,9644,True
7528,26535,True
7529,18271,True
7530,7336,True
7531,742,True
7532,18055,True
7533,14624,True
7534,6373,True
7535,8621,True
7536,4429,True
7537,8589,True
7538,11375,True
7539,8589,True
7540,7009,True
7541,7770,True
7542,7009,True
7543,9071,True
7544,12646,True
7545,7770,True
7546,8943,True
7547,15886,True
7548,2553,True
7549,7369,True
7550,9071,True
7551,19390,True
7552,2764,True
7553,19758,True
7554,35666,True
7555,774,True
7556,41418,True
7557,41418,True
7558,30785,True
7559,9751,True
7560,9904,True
7561,2315,True
7562,30785,True
7563,9904,True
7564,25101,True
7565,30961,True
7566,11252,True
7567,25101,True
7568,2301,True
7569,27712,True
7570,9548,True
7571,15427,True
7572,12976,True
7573,11260,True
7574,9548,True
7575,13263,True
7576,12333,True
7577,2116,True
7578,9893,True
7579,9031,True
7580,9893,True
7581,2358,True
7582,7447,True
7583,47013,True
7584,8055,True
7585,2643,True
7586,15427,True
7587,21973,True
7588,6801,True
7589,23130,True
7590,26594,True
7591,20754,True
7592,2301,True
7593,29638,True
7594,20754,True
7595,16275,True
7596,6801,True
7597,5054,True
7598,4933,True
7599,9681,True
7600,13643,True
7601,19654,True
7602,9975,True
7603,8872,True
7604,4933,True
7605,2064,True
7606,9507,True
7607,9681,True
7608,4190,True
7609,9065,True
7610,9065,True
7611,14445,True
7612,4830,True
7613,3932,True
7614,18063,True
7615,10971,True
7616,10971,True
7617,5054,True
7618,8872,True
7619,2064,True
7620,9507,True
7621,5499,True
7622,14445,True
7623,5499,True
7624,4830,True
7625,9706,True
7626,18810,True
7627,20287,True
7628,19835,True
7629,20182,True
7630,2872,True
7631,5882,True
7632,11721,True
7633,5769,True
7634,24278,True
7635,27544,True
7636,14866,True
7637,19881,True
7638,27544,True
7639,25283,True
7640,14457,True
7641,23094,True
7642,23262,True
7643,25283,True
7644,14457,True
7645,25780,True
7646,36789,True
7647,34556,True
7648,16584,True
7649,942,True
7650,16131,True
7651,45836,True
7652,15030,True
7653,20638,True
7654,19746,True
7655,18734,True
7656,16068,True
7657,18734,True
7658,20557,True
7659,19835,True
7660,3744,True
7661,25912,True
7662,7409,True
7663,16106,True
7664,8793,True
7665,20557,True
7666,23094,True
7667,20456,True
7668,25551,True
7669,18945,True
7670,25551,True
7671,938,True
7672,19033,True
7673,20182,True
7674,20456,True
7675,8264,True
7676,10297,True
7677,18155,True
7678,15823,True
7679,18155,True
7680,10443,True
7681,9587,True
7682,648,True
7683,12339,True
7684,11486,True
7685,9626,True
7686,14902,True
7687,7970,True
7688,10527,True
7689,11189,True
7690,7970,True
7691,13630,True
7692,10629,True
7693,11126,True
7694,13630,True
7695,13667,True
7696,10740,True
7697,1010,True
7698,13487,True
7699,13487,True
7700,10840,True
7701,10484,True
7702,9888,True
7703,10840,True
7704,10498,True
7705,11606,True
7706,11376,True
7707,11577,True
7708,13460,True
7709,11515,True
7710,1124,True
7711,11846,True
7712,11757,True
7713,20754,True
7714,16431,True
7715,8093,True
7716,1226,True
7717,9626,True
7718,8093,True
7719,18118,True
7720,18118,True
7721,3911,True
7722,5190,True
7723,9592,True
7724,4447,True
7725,962,True
7726,9458,True
7727,8269,True
7728,9592,True
7729,9913,True
7730,18409,True
7731,18173,True
7732,9587,True
7733,9954,True
7734,9954,True
7735,3506,True
7736,3349,True
7737,790,True
7738,10443,True
7739,17986,True
7740,9428,True
7741,3452,True
7742,14829,True
7743,14732,True
7744,3506,True
7745,23297,True
7746,13116,True
7747,23297,True
7748,20620,True
7749,15710,True
7750,7854,True
7751,9552,True
7752,11016,True
7753,585,True
7754,14681,True
7755,4013,True
7756,7689,True
7757,6774,True
7758,4704,True
7759,31458,True
7760,978,True
7761,11761,True
7762,5427,True
7763,6122,True
7764,13405,True
7765,9380,True
7766,6654,True
7767,10340,True
7768,9174,True
7769,7655,True
7770,6654,True
7771,13727,True
7772,9291,True
7773,7650,True
7774,13727,True
7775,13600,True
7776,7650,True
7777,6848,True
7778,13597,True
7779,13525,True
7780,8650,True
7781,678,True
7782,2531,True
7783,92621,True
7784,30768,True
7785,95657,True
7786,2846,True
7787,41950,True
7788,2876,True
7789,17927,True
7792,9302,True
7793,9424,True
7794,17927,True
7795,7765,True
7796,7318,True
7797,6331,True
7798,9584,True
7799,24749,True
7800,11544,True
7801,2405,True
7802,11544,True
7803,28082,True
7804,15673,True
7805,4635,True
7806,13272,True
7807,28082,True
7808,13272,True
7809,19679,True
7810,7765,True
7811,19344,True
7812,11228,True
7814,6603,True
7815,799,True
7816,13334,True
7817,13192,True
7818,7318,True
7819,13695,True
7820,6956,True
7822,7630,True
7823,7190,True
7824,14118,True
7825,9705,True
7826,3506,True
7827,9705,True
7828,6628,True
7829,6703,True
7830,3883,True
7831,3506,True
7832,9443,True
7833,3891,True
7834,10126,True
7835,15458,True
7836,4714,True
7837,6895,True
7838,5817,True
7839,11087,True
7840,6826,True
7841,6895,True
7842,5932,True
7843,6684,True
7844,6020,True
7845,799,True
7846,11228,True
7847,8654,True
7848,11517,True
7849,13334,True
7850,28761,True
7851,7959,True
7852,13306,True
7853,13695,True
7854,9424,True
7855,13500,True
7856,13192,True
7857,4756,True
7858,13306,True
7859,11517,True
7860,13500,True
7861,16495,True
7862,11717,True
7863,16495,True
7864,6956,True
7866,5736,True
7867,2405,True
7868,31074,True
7869,20512,True
7870,6944,True
7872,9584,True
7873,18551,True
7874,24920,True
7875,11791,True
7876,10558,True
7877,24920,True
7878,421,True
7879,6451,True
7880,27336,True
7881,12291,True
7882,14903,True
7883,7492,True
7884,13183,True
7885,6997,True
7886,7492,True
7887,14874,True
7888,14441,True
7889,14874,True
7890,7659,True
7891,17888,True
7892,7097,True
7893,7599,True
7894,17888,True
7895,6997,True
7896,14903,True
7897,7659,True
7898,15313,True
7899,11992,True
7900,15313,True
7901,28269,True
7902,7599,True
7903,18209,True
7904,29133,True
7905,6090,True
7906,31929,True
7907,29133,True
7908,41192,True
7909,6090,True
7910,89168,True
7911,62428,True
7912,56631,True
7913,50502,True
7914,78725,True
7915,682,True
7916,67248,True
7917,3709,True
7918,703,True
7919,3315,True
7920,180300,True
7921,758,True
7922,6658,True
7923,9526,True
7924,1755,True
7925,15691,True
7926,697,True
7927,31132,True
7928,7473,True
7929,2159,True
7930,96397,True
7931,4359,True
7932,78725,True
7933,16957,True
7934,5063,True
7935,8268,True
7936,170800,True
7943,51795,True
7945,14092,True
7946,13121,True
7947,3532,True
7948,14847,True
7949,1186,True
7950,2765,True
7951,23838,True
7952,18431,True
7953,17520,True
7954,16290,True
7955,1138,True
7956,17766,True
7957,1674,True
7958,11008,True
7959,11942,True
7960,3111,True
7961,8647,True
7962,4254,True
7963,6000,True
7964,10984,True
7965,37264,True
7966,488,True
7967,8684,True
7968,783,True
7969,80595,True
7970,77507,True
7971,1813,True
7972,1765,True
7973,34048,True
7974,27147,True
7975,20785,True
7976,14447,True
7977,2700,True
7978,16560,True
7979,1590,True
7984,2944,True
7985,81844,True
7986,17263,True
7987,14345,True
7988,207564,True
7989,8556,True
7990,956,True
7991,47568,True
7992,41167,True
7993,32304,True
7994,30330,True
7995,20612,True
7996,31141,True
7997,9810,True
7998,1304,True
7999,58620,True
8000,1534,True
8001,35279,True
8002,3733,True
8003,7958,True
8004,2349,True
8005,1657,True
8006,13457,True
8007,63136,True
8008,1152,True
8009,16644,True
8010,6810,True
8012,5406,True
8013,2312,True
8014,86656,True
8015,1015,True
8016,66206,True
8018,4257,True
8019,4397,True
8020,9840,True
8021,99030,True
8022,46486,True
8023,43318,True
8024,99803,True
8025,22652,True
8026,22897,True
8027,5151,True
8029,59044,True
8030,6545,True
8031,13771,True
8032,18842,True
8033,16146,True
8034,35398,True
8035,9036,True
8036,13829,True
8037,14473,True
8038,3983,True
8039,6545,True
8040,13829,True
8041,11993,True
8042,12473,True
8043,11993,True
8044,9036,True
8045,13771,True
8046,12473,True
8047,3983,True
8048,18842,True
8049,4598,True
8050,7733,True
8051,12147,True
8052,4673,True
8053,9580,True
8054,13795,True
8055,14972,True
8056,5025,True
8057,8383,True
8058,5221,True
8059,15202,True
8060,10333,True
8061,2696,True
8062,13086,True
8063,1160,True
8064,18058,True
8065,1232,True
8066,13571,True
8067,1433,True
8068,17026,True
8069,25066,True
8070,36436,True
8071,1433,True
8072,1347,True
8073,1451,True
8074,47535,True
8075,1597,True
8076,14550,True
8077,7703,True
8078,8111,True
8079,37106,True
8080,10423,True
8081,13221,True
8082,10426,True
8083,24788,True
8084,21685,True
8085,7206,True
8086,5135,True
8087,5241,True
8088,24788,True
8089,5815,True
8090,21685,True
8091,5241,True
8092,5135,True
8093,8111,True
8094,14550,True
8095,23731,True
8096,10423,True
8097,5815,True
8098,23731,True
8099,10426,True
8100,7206,True
8101,23283,True
8102,1172,True
8103,38268,True
8110,1359,True
8111,33167,True
8114,2690,True
8115,11457,True
8116,17565,True
8117,10310,True
8118,16632,True
8119,3148,True
8120,6762,True
8121,23825,True
8122,15913,True
8123,13226,True
8124,5130,True
8125,4970,True
8126,5187,True
8127,13226,True
8128,15468,True
8129,8745,True
8130,5961,True
8131,15468,True
8132,8745,True
8133,4970,True
8134,9024,True
8135,5303,True
8136,9024,True
8137,5961,True
8138,5303,True
8139,4511,True
8140,15601,True
8141,5130,True
8142,15913,True
8143,8732,True
8144,4511,True
8145,15675,True
8146,8732,True
8147,15675,True
8148,8820,True
8149,5295,True
8150,3614,True
8151,4073,True
8152,4073,True
8153,3680,True
8154,4326,True
8155,4326,True
8156,2291,True
8157,3614,True
8158,9297,True
8159,518,True
8160,7285,True
8161,9297,True
8162,518,True
8163,3680,True
8165,2291,True
8166,7285,True
8167,7571,True
8168,11636,True
8169,22443,True
8170,6148,True
8171,13464,True
8172,22443,True
8173,1979,True
8174,19186,True
8175,10563,True
8176,10474,True
8177,5371,True
8178,8612,True
8179,10563,True
8180,8446,True
8181,8446,True
8182,9708,True
8183,5371,True
8184,8612,True
8185,9708,True
8186,6872,True
8187,3150,True
8188,10128,True
8189,3150,True
8190,3207,True
8191,3185,True
8192,1872,True
8193,9398,True
8194,3207,True
8195,6698,True
8196,10726,True
8197,9398,True
8198,1872,True
8199,9288,True
8200,3185,True
8201,10726,True
8202,4955,True
8203,9288,True
8204,10656,True
8205,12248,True
8206,13118,True
8207,32119,True
8208,4751,True
8209,24711,True
8210,6216,True
8211,1881,True
8212,4864,True
8213,24591,True
8214,22416,True
8215,10622,True
8216,3837,True
8217,17756,True
8218,5221,True
8219,11782,True
8220,1279,True
8221,4384,True
8222,18314,True
8223,1196,True
8224,28389,True
8225,7494,True
8226,12318,True
8227,12318,True
8228,24476,True
8229,17580,True
8230,1403,True
8231,6641,True
8232,17140,True
8233,3231,True
8234,3093,True
8235,2707,True
8236,24971,True
8237,24217,True
8238,1247,True
8239,19020,True
8240,108253,True
8241,13910,True
8242,2148,True
8243,948,True
8244,1324,True
8245,3893,True
8246,18993,True
8247,1269,True
8248,1247,True
8249,8763,True
8250,11492,True
8251,1323,True
8252,35619,True
8253,939,True
8254,1343,True
8255,1322,True
8256,30478,True
8257,1472,True
8258,21024,True
8259,23087,True
8260,17918,True
8261,5103,True
8262,7264,True
8263,25453,True
8264,4536,True
8265,6640,True
8266,10114,True
8267,6704,True
8268,9135,True
8269,39439,True
8270,40401,True
8271,5798,True
8272,5195,True
8273,4744,True
8274,5966,True
8275,18723,True
8276,53844,True
8277,2077,True
8278,53844,True
8279,3006,True
8280,41171,True
8281,9876,True
8282,3006,True
8283,31788,True
8284,17888,True
8285,1749,True
8286,14585,True
8287,17262,True
8288,9876,True
8289,36714,True
8290,1614,True
8291,8763,True
8292,18225,True
8293,36714,True
8294,864,True
8295,15086,True
8296,34361,True
8297,2831,True
8298,42785,True
8299,18225,True
8300,2831,True
8301,6017,True
8302,47668,True
8303,12452,True
8304,16655,True
8305,13753,True
8306,16655,True
8307,13753,True
8308,12452,True
8309,4256,True
8310,977,True
8311,29375,True
8312,17396,True
8313,983,True
8314,29170,True
8315,35913,True
8316,2440,True
8317,5128,True
8318,26416,True
8319,1468,True
8320,5179,True
8321,4588,True
8322,10136,True
8323,9545,True
8324,22180,True
8325,10136,True
8326,8521,True
8327,8307,True
8328,8521,True
8329,9545,True
8330,19460,True
8331,14817,True
8332,14817,True
8333,22180,True
8334,19460,True
8336,14817,True
8337,1816,True
8338,9695,True
8339,12347,True
8340,15676,True
8341,16386,True
8342,15581,True
8343,6884,True
8344,1089,True
8345,4816,True
8346,11906,True
8347,10731,True
8348,1016,True
8349,4475,True
8350,1519,True
8351,3845,True
8352,1519,True
8353,9717,True
8354,18444,True
8355,7701,True
8356,14336,True
8357,16587,True
8358,7460,True
8359,5626,True
8360,2800,True
8361,12307,True
8362,11388,True
8363,11388,True
8364,7303,True
8365,17304,True
8366,13390,True
8367,6982,True
8368,10224,True
8369,9790,True
8370,16563,True
8371,28774,True
8372,3612,True
8373,9888,True
8374,10465,True
8375,14408,True
8376,4581,True
8377,24806,True
8378,6272,True
8379,10465,True
8380,26693,True
8381,11375,True
8382,9888,True
8383,1436,True
8384,15148,True
8385,10326,True
8386,1436,True
8387,2758,True
8388,28280,True
8389,7758,True
8390,8964,True
8391,12644,True
8392,11043,True
8393,8964,True
8394,10326,True
8395,11043,True
8396,2420,True
8399,2576,True
8400,2299,True
8401,6944,True
8402,3612,True
8403,1499,True
8404,7013,True
8405,8950,True
8406,2758,True
8407,8950,True
8408,1499,True
8409,6928,True
8410,6928,True
8411,6771,True
8412,1527,True
8413,7636,True
8414,2299,True
8415,6771,True
8416,7701,True
8417,4628,True
8418,14497,True
8419,16420,True
8420,7460,True
8421,4363,True
8422,14159,True
8423,16420,True
8424,7444,True
8425,2420,True
8426,6272,True
8427,5177,True
8428,1020,True
8429,4703,True
8430,5159,True
8431,4737,True
8432,12454,True
8433,8354,True
8434,5626,True
8435,9927,True
8436,5058,True
8437,1204,True
8438,9496,True
8439,6695,True
8440,24442,True
8441,20003,True
8442,8043,True
8443,9828,True
8444,4510,True
8445,24442,True
8446,1354,True
8447,7612,True
8448,1089,True
8449,9695,True
8450,6352,True
8451,9828,True
8452,14336,True
8453,13047,True
8454,15581,True
8455,12985,True
8456,14934,True
8457,6762,True
8458,16386,True
8460,14934,True
8461,10640,True
8462,6325,True
8463,4656,True
8464,3116,True
8465,6762,True
8466,3116,True
8467,3539,True
8468,7710,True
8469,4656,True
8470,2800,True
8471,3539,True
8472,2242,True
8473,5026,True
8474,10161,True
8475,2211,True
8476,3721,True
8477,6325,True
8478,10161,True
8479,7710,True
8480,10813,True
8482,9496,True
8483,911,True
8485,13047,True
8486,13301,True
8487,15683,True
8488,12171,True
8489,16306,True
8490,15683,True
8491,6151,True
8492,12144,True
8493,12985,True
8494,20003,True
8495,16306,True
8496,12171,True
8497,16398,True
8498,11906,True
8499,3757,True
8500,12144,True
8501,12310,True
8502,16398,True
8503,672,True
8504,15676,True
8505,6313,True
8506,4922,True
8507,4209,True
8508,15495,True
8509,18444,True
8510,715,True
8511,12347,True
8512,15495,True
8513,9014,True
8514,7320,True
8515,9717,True
8516,4475,True
8517,7320,True
8518,3891,True
8519,7892,True
8520,6169,True
8521,55242,True
8522,6169,True
8523,10027,True
8524,7892,True
8525,620,True
8526,10027,True
8527,9942,True
8528,4401,True
8529,4922,True
8530,9942,True
8531,3540,True
8532,4401,True
8533,4145,True
8534,4304,True
8535,9275,True
8536,9158,True
8537,620,True
8538,3540,True
8539,9158,True
8540,4304,True
8541,4145,True
8542,9299,True
8543,9299,True
8544,4209,True
8545,4257,True
8546,9275,True
8547,4257,True
8548,6313,True
8549,1539,True
8550,1697,True
8551,51556,True
8552,47564,True
8553,51556,True
8554,30887,True
8555,29032,True
8556,43936,True
8557,34127,True
8558,10766,True
8559,30887,True
8560,59349,True
8561,13555,True
8562,16486,True
8563,14293,True
8564,59349,True
8565,16486,True
8566,5134,True
8567,45156,True
8568,1425,True
8569,1210,True
8570,45156,True
8571,43667,True
8572,63657,True
8573,39351,True
8574,39416,True
8575,4220,True
8576,3364,True
8577,15586,True
8578,14628,True
8579,11882,True
8580,6894,True
8581,6271,True
8582,12449,True
8583,9926,True
8584,16391,True
8585,14779,True
8586,13023,True
8587,11686,True
8588,13305,True
8589,878,True
8590,14649,True
8591,13078,True
8592,910,True
8593,5875,True
8594,3364,True
8595,910,True
8596,8588,True
8597,878,True
8598,5123,True
8599,12544,True
8600,1578,True
8601,3382,True
8602,1867,True
8603,23593,True
8604,12544,True
8605,6085,True
8606,1867,True
8607,6085,True
8608,11926,True
8609,3382,True
8610,12098,True
8611,11926,True
8612,7386,True
8613,12000,True
8614,10337,True
8615,11620,True
8616,498,True
8617,8536,True
8618,13574,True
8619,3707,True
8620,17845,True
8621,11806,True
8622,7862,True
8623,13998,True
8624,728,True
8625,85231,True
8626,13305,True
8627,12792,True
8628,14791,True
8629,10196,True
8630,26951,True
8631,33631,True
8632,13725,True
8633,16018,True
8634,66965,True
8635,10985,True
8636,3633,True
8637,25041,True
8638,1277,True
8639,69181,True
8640,64302,True
8642,1693,True
8643,1225,True
8644,1109,True
8645,34792,True
8646,1096,True
8647,34448,True
8649,64363,True
8650,13086,True
8651,12746,True
8652,16858,True
8653,16858,True
8654,11517,True
8655,8278,True
8656,11323,True
8657,6640,True
8658,7625,True
8659,14952,True
8660,6807,True
8661,6447,True
8662,4427,True
8663,10331,True
8664,6612,True
8665,16209,True
8666,10123,True
8667,7662,True
8668,6612,True
8669,7662,True
8670,10013,True
8671,16480,True
8672,1059,True
8673,3144,True
8674,8062,True
8675,7635,True
8676,7797,True
8677,10013,True
8678,18666,True
8679,8621,True
8680,2478,True
8681,17822,True
8682,17822,True
8683,5272,True
8684,18666,True
8685,18271,True
8686,18055,True
8687,3180,True
8688,16954,True
8689,7797,True
8690,3582,True
8691,18237,True
8692,16954,True
8693,3180,True
8694,5272,True
8695,18237,True
8696,2478,True
8697,8023,True
8698,13569,True
8699,9510,True
8700,11287,True
8701,13569,True
8702,10402,True
8703,1028,True
8704,18044,True
8705,2127,True
8706,2127,True
8707,18044,True
8708,15037,True
8709,9490,True
8710,10402,True
8711,6233,True
8712,15886,True
8713,19390,True
8714,8768,True
8715,12646,True
8716,7589,True
8717,19758,True
8718,8768,True
8719,21602,True
8720,1464,True
8721,7589,True
8722,16980,True
8723,22156,True
8724,1464,True
8725,6397,True
8726,21465,True
8727,21398,True
8728,16521,True
8729,10352,True
8730,16980,True
8731,21398,True
8732,25650,True
8733,2476,True
8734,7311,True
8735,25650,True
8736,8678,True
8737,6205,True
8738,7819,True
8739,8754,True
8740,4427,True
8741,7819,True
8742,6807,True
8743,8754,True
8744,7907,True
8745,5730,True
8746,4033,True
8747,5730,True
8748,8199,True
8749,24549,True
8750,3649,True
8751,7302,True
8752,11265,True
8753,7704,True
8754,3286,True
8755,7604,True
8756,10613,True
8757,1219,True
8758,9442,True
8759,15208,True
8760,1159,True
8761,9442,True
8762,10613,True
8763,1219,True
8764,10024,True
8765,7874,True
8766,1159,True
8767,7704,True
8768,10024,True
8769,2009,True
8770,8320,True
8773,799,True
8774,12391,True
8776,12207,True
8777,10364,True
8778,2380,True
8779,21415,True
8780,1090,True
8781,21470,True
8782,4433,True
8783,6845,True
8784,7491,True
8785,5268,True
8786,12255,True
8787,5353,True
8788,574,True
8789,4202,True
8790,2133,True
8791,14318,True
8792,19829,True
8793,1140,True
8794,2341,True
8795,15682,True
8796,11132,True
8797,30283,True
8798,43504,True
8799,30283,True
8800,2593,True
8802,15959,True
8803,41948,True
8804,300,True
8805,8129,True
8806,23242,True
8807,20542,True
8808,23220,True
8809,7889,True
8810,23304,True
8811,19051,True
8812,2147,True
8813,16629,True
8814,7889,True
8815,7529,True
8816,7161,True
8817,23220,True
8818,8129,True
8819,11872,True
8820,11872,True
8821,11005,True
8822,28832,True
8823,1173,True
8824,17923,True
8825,15577,True
8826,1367,True
8827,1377,True
8828,14043,True
8829,7072,True
8830,6698,True
8831,14043,True
8832,6178,True
8833,12438,True
8834,7832,True
8835,5119,True
8836,9447,True
8837,16326,True
8838,6994,True
8839,6938,True
8840,16391,True
8841,12375,True
8842,7458,True
8843,16609,True
8844,13750,True
8845,12375,True
8846,14113,True
8847,5159,True
8848,23395,True
8849,13750,True
8850,8348,True
8851,8083,True
8852,5214,True
8853,5214,True
8854,23395,True
8855,14047,True
8856,5159,True
8857,4577,True
8858,14047,True
8859,4577,True
8860,11462,True
8861,16672,True
8862,6077,True
8863,10381,True
8864,16672,True
8865,11462,True
8866,7458,True
8867,16630,True
8868,7210,True
8869,4954,True
8870,16630,True
8871,2698,True
8872,5123,True
8873,12842,True
8874,12682,True
8875,19093,True
8876,12842,True
8877,4954,True
8878,6077,True
8879,41456,True
8880,10835,True
8881,865,True
8882,41456,True
8883,7511,True
8884,9517,True
8885,20589,True
8886,10835,True
8887,865,True
8888,7511,True
8889,32085,True
8890,11660,True
8891,16873,True
8892,32085,True
8893,11686,True
8894,13078,True
8895,22033,True
8896,20589,True
8897,11739,True
8898,13078,True
8899,14589,True
8900,22033,True
8901,8228,True
8902,14589,True
8903,15425,True
8904,33838,True
8905,12154,True
8906,12154,True
8907,8228,True
8908,13078,True
8909,13047,True
8910,9517,True
8911,19093,True
8912,13047,True
8913,7199,True
8914,15676,True
8915,21936,True
8916,16873,True
8917,15927,True
8918,21277,True
8919,16542,True
8920,20028,True
8921,18015,True
8922,2698,True
8923,6093,True
8924,9926,True
8925,10135,True
8926,4220,True
8927,8703,True
8928,6076,True
8929,7731,True
8930,8703,True
8931,6093,True
8932,7731,True
8933,10025,True
8934,8753,True
8935,6271,True
8936,10025,True
8937,8546,True
8938,6994,True
8939,7018,True
8940,3322,True
8941,3322,True
8942,3623,True
8943,6938,True
8944,7832,True
8945,3623,True
8946,7018,True
8947,2647,True
8948,3322,True
8949,3322,True
8950,2647,True
8951,3656,True
8952,3656,True
8953,2231,True
8954,3656,True
8955,3656,True
8956,2231,True
8957,579,True
8958,3335,True
8959,3398,True
8960,8546,True
8961,3542,True
8962,3180,True
8963,3398,True
8964,3510,True
8965,3103,True
8966,825,True
8967,3102,True
8968,7321,True
8969,3102,True
8970,579,True
8971,3476,True
8972,3476,True
8973,825,True
8974,3476,True
8975,3476,True
8976,3510,True
8977,3103,True
8979,3335,True
8980,3542,True
8981,3462,True
8982,8647,True
8983,5269,True
8984,3885,True
8985,9447,True
8986,5874,True
8987,3885,True
8988,5874,True
8989,2388,True
8990,3907,True
8991,2388,True
8992,2106,True
8993,704,True
8994,8503,True
8995,7072,True
8996,3846,True
8997,3846,True
8998,2106,True
8999,4434,True
9000,704,True
9001,3424,True
9002,3424,True
9003,3669,True
9004,3424,True
9005,3424,True
9006,4434,True
9007,5119,True
9008,6698,True
9009,3669,True
9010,6178,True
9011,8503,True
9012,3688,True
9013,3220,True
9014,3204,True
9015,3755,True
9016,3220,True
9017,5694,True
9018,2915,True
9019,3688,True
9020,3755,True
9021,2915,True
9022,2223,True
9023,3204,True
9024,5269,True
9025,2223,True
9026,3907,True
9027,12154,True
9028,12154,True
9029,32514,True
9030,16742,True
9031,11903,True
9032,5875,True
9033,15425,True
9034,11903,True
9035,16742,True
9036,15586,True
9037,16612,True
9038,21277,True
9039,15587,True
9040,21459,True
9041,11754,True
9042,34724,True
9043,15927,True
9044,15529,True
9045,21268,True
9046,4256,True
9047,15587,True
9048,21268,True
9049,11754,True
9050,4256,True
9051,16594,True
9052,20028,True
9053,11899,True
9054,18094,True
9055,18094,True
9056,16594,True
9057,19932,True
9058,18015,True
9059,16612,True
9060,19932,True
9061,1143,True
9062,26474,True
9063,22962,True
9064,25220,True
9065,22116,True
9066,13805,True
9067,2961,True
9068,3026,True
9069,13805,True
9070,11120,True
9071,6455,True
9072,11120,True
9073,17256,True
9074,7512,True
9075,8468,True
9076,17256,True
9077,8468,True
9078,8580,True
9079,20668,True
9080,21082,True
9081,2961,True
9082,9236,True
9083,9236,True
9084,8253,True
9085,5983,True
9086,3026,True
9087,6455,True
9088,8709,True
9089,8709,True
9090,20668,True
9091,5983,True
9092,16677,True
9093,8805,True
9094,3199,True
9095,2887,True
9096,6000,True
9097,15190,True
9098,6566,True
9099,7739,True
9100,6592,True
9101,7588,True
9102,7739,True
9103,9909,True
9104,13478,True
9105,6592,True
9106,13478,True
9107,11241,True
9108,9909,True
9109,6000,True
9110,11241,True
9111,2887,True
9112,5555,True
9113,16682,True
9114,7561,True
9115,16682,True
9116,5842,True
9117,8318,True
9118,11292,True
9119,3199,True
9120,8440,True
9121,8440,True
9122,8318,True
9123,10235,True
9124,10235,True
9125,9852,True
9126,7700,True
9127,6760,True
9128,4908,True
9129,6958,True
9130,2380,True
9131,8599,True
9132,4908,True
9133,5291,True
9134,6760,True
9135,4309,True
9136,6277,True
9137,4042,True
9138,4185,True
9139,6958,True
9141,5291,True
9142,4202,True
9143,3068,True
9144,3219,True
9145,6277,True
9146,8599,True
9147,5353,True
9148,4309,True
9149,9852,True
9150,6958,True
9151,6265,True
9152,2341,True
9153,10071,True
9154,4185,True
9155,3219,True
9156,4047,True
9157,6265,True
9158,7516,True
9159,9826,True
9160,16428,True
9161,16428,True
9162,18648,True
9163,3068,True
9164,4180,True
9165,6958,True
9166,6310,True
9167,4180,True
9168,9826,True
9169,7516,True
9170,4047,True
9171,6310,True
9172,6815,True
9173,8813,True
9174,16568,True
9175,6815,True
9176,13263,True
9177,20630,True
9178,16568,True
9179,3548,True
9180,13263,True
9181,2483,True
9182,18348,True
9183,8007,True
9184,4782,True
9185,12368,True
9186,8007,True
9187,3548,True
9188,2359,True
9189,5176,True
9190,7707,True
9191,5176,True
9192,9344,True
9193,3674,True
9194,4152,True
9195,9344,True
9196,2423,True
9197,4152,True
9198,5562,True
9199,7707,True
9200,4782,True
9201,2423,True
9202,3674,True
9203,2359,True
9204,5562,True
9205,6850,True
9206,5291,True
9207,5295,True
9208,5295,True
9209,4559,True
9210,2479,True
9211,6341,True
9212,6850,True
9213,6212,True
9214,2483,True
9215,12368,True
9216,9320,True
9217,5077,True
9218,5077,True
9219,9320,True
9220,8700,True
9221,6172,True
9222,4528,True
9223,8700,True
9224,15743,True
9225,14579,True
9226,15470,True
9227,6341,True
9228,13894,True
9229,17404,True
9230,13894,True
9231,15743,True
9232,17404,True
9233,3551,True
9234,4493,True
9235,6172,True
9236,2479,True
9237,6212,True
9238,4493,True
9239,4528,True
9240,4559,True
9241,3963,True
9242,3963,True
9243,4301,True
9244,3709,True
9245,4301,True
9246,2096,True
9247,7040,True
9248,7040,True
9249,15867,True
9250,5754,True
9251,2096,True
9252,5754,True
9253,10010,True
9254,6110,True
9255,10010,True
9256,3709,True
9257,7456,True
9258,9397,True
9259,4735,True
9260,9397,True
9261,9555,True
9262,17844,True
9263,17844,True
9264,12657,True
9265,8826,True
9266,14937,True
9267,7257,True
9268,7257,True
9269,6849,True
9270,8032,True
9271,8032,True
9272,6849,True
9273,13482,True
9274,14937,True
9275,13482,True
9276,538,True
9277,4214,True
9278,13229,True
9279,11069,True
9280,380,True
9281,380,True
9282,5518,True
9283,11152,True
9284,11274,True
9285,9648,True
9286,11152,True
9287,5518,True
9288,2730,True
9289,9648,True
9290,11274,True
9291,1872,True
9292,5293,True
9293,5293,True
9294,7320,True
9295,9340,True
9296,4717,True
9297,4361,True
9298,1737,True
9299,8821,True
9300,1156,True
9301,1456,True
9302,4656,True
9303,9573,True
9304,4214,True
9305,11069,True
9306,9664,True
9307,2730,True
9308,538,True
9309,20914,True
9310,4656,True
9311,821,True
9312,20914,True
9313,1705,True
9314,9573,True
9315,8821,True
9316,9577,True
9317,8984,True
9318,9664,True
9319,1705,True
9320,8984,True
9321,12072,True
9322,4290,True
9323,11065,True
9324,60914,True
9325,2612,True
9326,7274,True
9327,12256,True
9328,11065,True
9329,821,True
9330,1872,True
9331,12256,True
9332,7320,True
9333,1456,True
9334,12210,True
9335,7274,True
9336,2930,True
9337,12210,True
9338,2930,True
9339,4290,True
9340,6321,True
9341,13709,True
9342,2612,True
9343,54096,True
9344,345,True
9345,1167,True
9346,19170,True
9347,714,True
9348,918,True
9349,31892,True
9350,12976,True
9351,1320,True
9352,29498,True
9353,10003,True
9354,12976,True
9355,13635,True
9356,5865,True
9357,8637,True
9358,9651,True
9359,18725,True
9360,13635,True
9361,16957,True
9362,9651,True
9363,8933,True
9364,2167,True
9365,7632,True
9366,16371,True
9367,16371,True
9368,6626,True
9369,1599,True
9370,26281,True
9371,18635,True
9372,8048,True
9373,19727,True
9374,27164,True
9375,2638,True
9376,27164,True
9377,10907,True
9378,19648,True
9379,23540,True
9380,22092,True
9381,34520,True
9382,25417,True
9383,8475,True
9384,34520,True
9385,30848,True
9386,4363,True
9387,520,True
9388,2140,True
9389,4845,True
9390,5882,True
9391,5882,True
9392,512,True
9393,11237,True
9394,3672,True
9395,3672,True
9396,5882,True
9397,5882,True
9398,7616,True
9399,512,True
9400,5236,True
9401,6242,True
9402,6578,True
9403,6094,True
9404,1283,True
9405,5236,True
9406,6390,True
9407,6578,True
9408,7418,True
9409,6390,True
9410,6777,True
9411,6241,True
9412,9938,True
9413,1283,True
9414,6094,True
9415,9938,True
9416,1109,True
9417,17128,True
9418,5100,True
9419,1036,True
9420,1554,True
9421,14072,True
9422,3940,True
9423,9644,True
9424,62132,True
9425,1494,True
9426,174871,True
9427,38789,True
9428,36914,True
9429,1367,True
9430,2290,True
9431,27582,True
9432,4763,True
9433,51954,True
9434,2084,True
9435,27746,True
9436,3467,True
9437,3512,True
9438,38056,True
9439,2167,True
9440,42866,True
9441,2046,True
9442,24865,True
9443,1443,True
9444,3528,True
9445,1208,True
9446,16440,True
9447,15415,True
9448,14493,True
9449,9753,True
9450,4515,True
9451,15756,True
9452,1190,True
9453,41434,True
9454,34564,True
9455,5105,True
9456,33618,True
9457,11740,True
9458,5105,True
9459,4515,True
9460,34564,True
9461,33618,True
9462,4497,True
9463,1554,True
9464,5494,True
9465,12778,True
9466,10336,True
9467,18615,True
9468,12778,True
9469,1987,True
9470,18615,True
9471,19026,True
9472,10336,True
9473,9727,True
9474,7722,True
9475,5441,True
9476,7268,True
9477,7268,True
9478,5494,True
9479,9616,True
9480,9439,True
9481,4154,True
9482,14887,True
9483,4685,True
9484,14329,True
9485,3820,True
9487,1625,True
9488,14887,True
9489,9445,True
9490,3930,True
9491,11978,True
9492,950,True
9493,5511,True
9494,5511,True
9495,3820,True
9496,11978,True
9497,5511,True
9498,5511,True
9499,1625,True
9500,14737,True
9501,6971,True
9502,14329,True
9503,1015,True
9504,17144,True
9505,6971,True
9506,4154,True
9507,3108,True
9508,3930,True
9509,950,True
9510,3108,True
9511,12193,True
9512,16748,True
9513,9439,True
9514,9727,True
9515,12193,True
9516,17780,True
9517,8219,True
9518,7722,True
9519,8219,True
9520,9616,True
9521,1554,True
9522,5456,True
9523,19730,True
9524,1987,True
9525,19730,True
9526,4866,True
9527,1979,True
9528,17076,True
9529,3448,True
9530,15462,True
9531,1654,True
9532,5351,True
9533,15462,True
9534,21603,True
9535,14003,True
9536,15738,True
9537,15444,True
9538,15738,True
9539,17781,True
9540,22970,True
9541,17781,True
9542,10408,True
9543,21603,True
9544,19889,True
9545,15115,True
9546,10408,True
9547,4889,True
9548,19889,True
9549,7487,True
9550,16538,True
9551,5237,True
9552,12768,True
9553,16538,True
9554,5237,True
9555,12878,True
9556,5231,True
9557,14224,True
9558,12768,True
9559,15115,True
9560,5316,True
9561,14224,True
9562,28135,True
9563,20708,True
9564,7995,True
9565,7969,True
9566,779,True
9567,7397,True
9568,15165,True
9569,18888,True
9570,10294,True
9571,21923,True
9572,16907,True
9573,21923,True
9574,22112,True
9575,5135,True
9576,12841,True
9577,4938,True
9578,4903,True
9579,16066,True
9580,22112,True
9581,23921,True
9582,887,True
9583,22838,True
9584,24021,True
9585,6001,True
9586,8339,True
9587,888,True
9588,6117,True
9589,8964,True
9590,8258,True
9591,6001,True
9592,5604,True
9593,5581,True
9594,30015,True
9595,8964,True
9596,9855,True
9597,21768,True
9598,3937,True
9599,8652,True
9600,9977,True
9601,15204,True
9602,9121,True
9603,8902,True
9604,25035,True
9605,8956,True
9606,9544,True
9607,25035,True
9608,904,True
9609,16586,True
9610,12657,True
9611,16727,True
9612,21931,True
9613,9328,True
9614,26648,True
9615,13373,True
9616,9328,True
9617,1379,True
9618,2108,True
9619,66407,True
9620,4162,True
9621,3353,True
9622,17820,True
9623,4162,True
9624,7031,True
9625,35040,True
9626,18871,True
9627,9564,True
9628,3353,True
9629,13781,True
9630,10674,True
9631,1832,True
9632,13781,True
9633,17820,True
9634,16727,True
9635,10807,True
9636,18029,True
9637,11809,True
9638,10674,True
9639,15168,True
9640,6829,True
9641,22643,True
9642,4028,True
9643,22643,True
9644,7170,True
9645,18387,True
9646,11399,True
9647,18256,True
9648,11863,True
9649,11399,True
9650,15168,True
9651,18029,True
9652,4028,True
9653,11863,True
9654,12079,True
9655,14683,True
9656,1945,True
9657,9519,True
9658,14683,True
9659,9519,True
9660,9912,True
9661,13211,True
9662,8577,True
9663,30013,True
9664,13211,True
9665,1508,True
9666,1379,True
9667,28124,True
9668,36521,True
9669,27536,True
9670,26404,True
9671,45478,True
9672,12679,True
9673,26404,True
9674,34227,True
9675,4676,True
9676,13375,True
9677,19407,True
9678,4439,True
9679,13216,True
9680,19407,True
9681,9239,True
9682,6365,True
9683,4439,True
9684,10852,True
9685,5453,True
9686,14958,True
9687,10580,True
9688,10851,True
9689,15364,True
9690,12648,True
9691,10691,True
9692,10774,True
9693,14841,True
9694,15364,True
9695,10335,True
9696,10698,True
9697,13172,True
9698,14841,True
9699,998,True
9700,12028,True
9701,15235,True
9702,7173,True
9703,20668,True
9704,433,True
9705,21601,True
9706,20668,True
9707,7017,True
9708,6896,True
9709,16759,True
9710,7174,True
9711,16759,True
9712,6896,True
9713,16802,True
9714,9753,True
9715,14354,True
9716,3090,True
9717,7198,True
9718,13977,True
9719,7518,True
9720,3024,True
9721,3024,True
9722,7952,True
9723,14361,True
9724,7885,True
9725,3090,True
9726,21583,True
9727,7198,True
9728,13119,True
9729,14273,True
9730,12800,True
9731,7518,True
9732,14273,True
9733,13645,True
9734,12496,True
9735,7830,True
9736,14274,True
9737,13259,True
9738,7830,True
9739,18398,True
9740,3114,True
9741,13259,True
9742,19757,True
9743,8512,True
9744,22059,True
9745,9978,True
9746,22059,True
9747,9776,True
9748,19782,True
9749,7009,True
9750,8349,True
9751,1689,True
9752,9978,True
9753,1689,True
9754,18226,True
9755,8675,True
9756,9939,True
9757,18544,True
9758,8675,True
9759,9822,True
9760,10788,True
9761,14121,True
9762,3114,True
9763,9416,True
9764,14048,True
9765,21873,True
9766,14121,True
9767,10994,True
9768,9416,True
9769,27801,True
9770,9005,True
9771,23794,True
9772,24110,True
9773,9864,True
9774,24050,True
9775,9864,True
9776,16389,True
9777,11725,True
9778,5763,True
9779,6039,True
9780,1170,True
9781,17292,True
9782,20197,True
9783,1461,True
9784,30536,True
9785,1012,True
9786,30585,True
9787,10776,True
9788,2143,True
9789,23250,True
9790,1231,True
9791,1257,True
9792,64221,True
9793,54339,True
9794,1204,True
9795,29347,True
9796,54975,True
9797,32443,True
9798,26640,True
9799,9677,True
9800,9208,True
9801,20424,True
9802,4729,True
9803,27319,True
9804,4005,True
9805,5089,True
9806,58077,True
9807,30867,True
9808,4005,True
9809,166197,True
9810,6884,True
9811,6151,True
9812,5425,True
9813,5425,True
9815,16319,True
9816,28280,True
9817,28774,True
9818,7922,True
9819,4903,True
9820,8998,True
9821,2940,True
9822,7861,True
9823,2554,True
9824,8998,True
9825,4506,True
9826,2915,True
9827,2915,True
9828,4506,True
9829,4895,True
9830,4895,True
9831,7166,True
9832,2554,True
9833,4337,True
9834,4337,True
9835,2940,True
9836,7166,True
9837,8825,True
9838,8825,True
9839,3054,True
9840,7678,True
9841,4880,True
9842,2641,True
9843,2641,True
9845,0,True
9846,4880,True
9847,3054,True
9848,2641,True
9849,2641,True
9850,715,True
9851,9014,True
9852,10751,True
9853,13806,True
9854,5270,True
9855,5104,True
9856,12761,True
9858,5197,True
9859,5270,True
9860,13788,True
9861,13806,True
9862,12761,True
9863,4510,True
9864,13788,True
9865,5197,True
9866,6695,True
9867,2211,True
9868,7840,True
9869,3836,True
9870,7840,True
9874,3664,True
9875,6643,True
9876,8043,True
9879,3037,True
9882,6643,True
9883,7336,True
9884,7577,True
9885,2393,True
9886,3945,True
9887,3064,True
9888,5341,True
9889,3539,True
9890,3539,True
9891,5556,True
9892,5556,True
9893,5556,True
9894,5556,True
9895,3945,True
9896,3618,True
9897,10844,True
9898,1020,True
9901,7444,True
9902,4737,True
9904,7412,True
9905,2576,True
9907,7339,True
9910,7636,True
9911,4703,True
9912,4947,True
9914,6936,True
9915,2199,True
9918,6936,True
9920,7983,True
9923,3618,True
9924,2903,True
9925,9580,True
9927,2903,True
9928,3836,True
9929,5832,True
9930,7336,True
9931,1762,True
9932,11789,True
9933,5832,True
9934,3721,True
9935,7113,True
9936,11789,True
9938,10751,True
9939,7431,True
9941,4628,True
9942,7431,True
9944,4363,True
9945,7350,True
9946,12454,True
9947,14159,True
9948,8354,True
9949,7350,True
9950,9884,True
9951,24806,True
9952,11429,True
9953,2010,True
9954,649,True
9955,45587,True
9956,91583,True
9957,974,True
9958,29464,True
9959,687,True
9960,1861,True
9961,8566,True
9962,1526,True
9963,1050,True
9964,16522,True
9965,24087,True
9966,1493,True
9967,13987,True
9968,1935,True
9969,17745,True
9970,25219,True
9971,1541,True
9972,5372,True
9973,3552,True
9974,12352,True
9975,20521,True
9976,1187,True
9977,1465,True
9978,16776,True
9979,888,True
9980,7937,True
9981,22913,True
9982,17740,True
9983,46143,True
9984,7884,True
9985,9043,True
9986,9715,True
9987,17936,True
9988,10629,True
9989,10629,True
9990,2617,True
9991,25114,True
9992,1714,True
9993,917,True
9994,22312,True
9995,45181,True
9996,1793,True
9997,20124,True
9998,78043,True
9999,35294,True
10000,4206,True
10001,19450,True
10002,4566,True
10003,19174,True
10004,30111,True
10005,1194,True
10006,26538,True
10007,30512,True
10008,26314,True
10009,1276,True
10010,51302,True
10011,16560,True
10012,26779,True
10013,18154,True
10014,12742,True
10015,7889,True
10016,14225,True
10017,12742,True
10018,18154,True
10019,3703,True
10020,1355,True
10021,20958,True
10022,2277,True
10023,5750,True
10024,3219,True
10025,49760,True
10026,26602,True
10027,38891,True
10028,13749,True
10029,17285,True
10030,7141,True
10031,4238,True
10032,7141,True
10033,85355,True
10034,7911,True
10035,24548,True
10036,16171,True
10037,4009,True
10038,3805,True
10039,7911,True
10040,3805,True
10041,9709,True
10042,85355,True
10043,65582,True
10044,4238,True
10045,4147,True
10046,4009,True
10047,12105,True
10048,12105,True
10049,12105,True
10051,65582,True
10052,7718,True
10053,16171,True
10055,15382,True
10057,7718,True
10060,7707,True
10062,39977,True
10063,6253,True
10064,20616,True
10065,39977,True
10066,15056,True
10067,4147,True
10069,8605,True
10070,11918,True
10071,8605,True
10072,15056,True
10073,21037,True
10074,21037,True
10075,11918,True
10076,15382,True
10077,21037,True
10078,21037,True
10079,49026,True
10080,26775,True
10081,1262,True
10082,17847,True
10083,1052,True
10084,34830,True
10085,1760,True
10086,24941,True
10087,27847,True
10088,1252,True
10089,30960,True
10090,2648,True
10091,42767,True
10092,1266,True
10093,38171,True
10094,1410,True
10095,42009,True
10096,29821,True
10097,1882,True
10098,53738,True
10099,644,True
10100,1075,True
10101,1924,True
10102,43369,True
10103,1054,True
10104,56042,True
10105,1316,True
10106,57851,True
10107,2006,True
10108,99381,True
10109,12424,True
10110,49158,True
10111,4102,True
10112,1145,True
10113,2732,True
10114,4000,True
10115,2352,True
10116,14967,True
10117,1247,True
10118,2265,True
10119,14142,True
10120,10845,True
10121,2265,True
10122,10111,True
10123,1568,True
10124,16504,True
10125,13334,True
10126,7690,True
10127,14487,True
10128,2060,True
10129,14426,True
10130,10151,True
10131,10845,True
10132,18175,True
10133,10718,True
10134,9322,True
10135,14546,True
10136,18175,True
10137,10601,True
10138,14779,True
10139,14746,True
10140,8880,True
10141,9322,True
10142,8217,True
10143,12829,True
10144,14524,True
10145,16504,True
10146,10151,True
10147,9280,True
10148,8624,True
10149,8624,True
10150,12829,True
10151,8191,True
10152,1649,True
10153,7615,True
10154,13127,True
10155,19261,True
10156,9280,True
10157,2507,True
10158,14775,True
10159,10414,True
10160,14493,True
10161,14546,True
10162,14779,True
10163,9102,True
10164,14524,True
10165,14746,True
10166,8248,True
10167,14687,True
10168,8278,True
10169,14716,True
10170,14505,True
10171,7776,True
10172,14716,True
10173,8217,True
10174,7690,True
10175,12984,True
10176,14505,True
10177,7615,True
10178,8191,True
10179,12984,True
10180,10358,True
10181,25084,True
10182,16071,True
10183,7880,True
10184,7880,True
10185,8819,True
10186,17184,True
10187,15194,True
10188,21383,True
10189,15551,True
10190,11601,True
10191,4515,True
10192,27434,True
10193,16677,True
10194,17184,True
10195,15551,True
10196,11601,True
10197,8705,True
10198,22354,True
10199,69620,True
10200,12419,True
10201,10343,True
10202,22354,True
10203,22814,True
10204,22786,True
10205,12419,True
10206,18237,True
10207,13025,True
10208,22782,True
10209,12484,True
10210,22959,True
10211,21548,True
10212,18237,True
10213,12484,True
10214,21548,True
10215,2618,True
10216,2365,True
10217,80570,True
10218,1801,True
10219,16585,True
10220,988,True
10221,19474,True
10222,1465,True
10225,39470,True
10226,24372,True
10227,54409,True
10228,2670,True
10229,46145,True
10230,71935,True
10231,2621,True
10232,1907,True
10233,85544,True
10234,5305,True
10235,1283,True
10236,40815,True
10237,23155,True
10238,2025,True
10239,58537,True
10240,37933,True
10241,2450,True
10242,30301,True
10243,27319,True
10244,11852,True
10245,10157,True
10246,3458,True
10247,10598,True
10248,15659,True
10249,3458,True
10250,10157,True
10251,15659,True
10252,1370,True
10253,118900,True
10254,36677,True
10255,1449,True
10256,2555,True
10257,21993,True
10258,12259,True
10259,6517,True
10260,47643,True
10261,47044,True
10263,97816,True
10264,2440,True
10265,35528,True
10266,2868,True
10267,1910,True
10268,2268,True
10269,85504,True
10270,74429,True
10271,19567,True
10272,12455,True
10273,54391,True
10274,15906,True
10275,29608,True
10276,33025,True
10277,5334,True
10279,32637,True
10280,810,True
10281,2285,True
10282,26151,True
10283,38195,True
10284,1675,True
10285,712,True
10286,37726,True
10287,4766,True
10288,2755,True
10289,2342,True
10290,5438,True
10291,68465,True
10292,13034,True
10293,36916,True
10294,31050,True
10295,34580,True
10296,4405,True
10297,29121,True
10298,2158,True
10299,4248,True
10300,983,True
10301,75095,True
10302,2461,True
10303,31798,True
10304,2535,True
10305,2460,True
10306,61325,True
10307,1268,True
10308,39154,True
10309,805,True
10310,12305,True
10311,2372,True
10312,79460,True
10313,2220,True
10314,14015,True
10315,1685,True
10317,11301,True
10318,9999,True
10319,14372,True
10320,4848,True
10321,17643,True
10322,21018,True
10323,49604,True
10324,30497,True
10325,47355,True
10326,31518,True
10327,30497,True
10328,33560,True
10329,2891,True
10330,2970,True
10331,2891,True
10332,31956,True
10333,8836,True
10334,71196,True
10335,58599,True
10336,19943,True
10337,54121,True
10338,33435,True
10339,3742,True
10340,36558,True
10341,25121,True
10342,36585,True
10343,25316,True
10344,25885,True
10345,14581,True
10346,10529,True
10347,8824,True
10348,36281,True
10349,20785,True
10350,25970,True
10351,13878,True
10352,26425,True
10353,1852,True
10354,36285,True
10355,15024,True
10356,29421,True
10357,25885,True
10358,15965,True
10359,2641,True
10360,29421,True
10361,12772,True
10362,31078,True
10363,15242,True
10364,15965,True
10365,14855,True
10366,21192,True
10367,25762,True
10368,25659,True
10369,14855,True
10370,15072,True
10371,14081,True
10372,21192,True
10373,26129,True
10374,16358,True
10375,13046,True
10376,11757,True
10377,17146,True
10378,25762,True
10379,13046,True
10380,17888,True
10381,18823,True
10382,15977,True
10383,18669,True
10384,4906,True
10385,3632,True
10386,28461,True
10387,27237,True
10388,663,True
10389,6774,True
10390,28461,True
10391,2641,True
10392,18669,True
10393,31078,True
10394,19073,True
10395,29807,True
10396,4926,True
10397,7406,True
10398,44084,True
10399,18044,True
10400,18807,True
10401,1575,True
10402,805,True
10404,444,True
10405,21782,True
10406,1129,True
10407,55708,True
10408,15887,True
10409,2554,True
10410,1074,True
10411,45266,True
10412,22185,True
10413,52539,True
10414,56610,True
10415,7933,True
10416,40727,True
10417,10505,True
10418,32370,True
10419,6784,True
10420,11808,True
10421,40332,True
10422,11808,True
10423,40288,True
10424,44084,True
10425,10640,True
10426,1439,True
10427,40288,True
10428,18807,True
10429,10640,True
10430,4189,True
10431,40332,True
10432,3867,True
10433,20318,True
10434,64037,True
10435,35168,True
10436,1333,True
10437,11735,True
10438,36209,True
10439,7230,True
10440,11735,True
10441,12354,True
10442,1333,True
10443,6756,True
10444,12354,True
10445,6756,True
10446,16499,True
10447,40232,True
10448,32507,True
10449,762,True
10450,30977,True
10451,14699,True
10452,23369,True
10453,30977,True
10454,32507,True
10455,19090,True
10456,4030,True
10457,16978,True
10458,16251,True
10459,29117,True
10460,23225,True
10461,29117,True
10462,23211,True
10463,62961,True
10464,23225,True
10465,22922,True
10466,24157,True
10467,22922,True
10468,7040,True
10469,23528,True
10470,1223,True
10471,52404,True
10472,43194,True
10473,45699,True
10474,34607,True
10475,5343,True
10476,2985,True
10477,47089,True
10478,17678,True
10479,61388,True
10480,2985,True
10482,25391,True
10483,39599,True
10484,27114,True
10485,31925,True
10486,27114,True
10487,25414,True
10488,39998,True
10489,37717,True
10490,879,True
10491,14507,True
10492,4936,True
10493,4936,True
10494,4936,True
10495,12177,True
10496,60395,True
10497,2791,True
10498,4789,True
10499,38097,True
10500,2748,True
10501,39998,True
10502,27106,True
10503,25414,True
10504,3108,True
10505,63803,True
10506,27219,True
10507,3108,True
10508,44870,True
10509,9535,True
10511,59034,True
10512,10660,True
10513,9535,True
10515,17019,True
10516,10660,True
10517,10390,True
10518,15970,True
10519,8092,True
10520,21211,True
10521,17019,True
10522,5862,True
10523,59034,True
10524,20963,True
10528,21211,True
10530,24738,True
10532,15970,True
10533,18120,True
10534,18120,True
10535,18437,True
10536,24738,True
10537,5702,True
10540,5702,True
10541,18437,True
10544,14660,True
10545,10566,True
10546,21018,True
10547,4660,True
10551,5862,True
10552,10566,True
10554,2520,True
10555,5173,True
10556,2520,True
10557,48652,True
10558,499,True
10559,25893,True
10560,19648,True
10561,15725,True
10562,23182,True
10563,15732,True
10564,23182,True
10565,21844,True
10566,17173,True
10567,15732,True
10568,621,True
10569,20259,True
10570,1852,True
10571,33882,True
10572,52873,True
10573,21718,True
10574,11757,True
10575,30849,True
10576,1423,True
10577,30849,True
10578,22061,True
10579,7759,True
10580,21718,True
10581,24760,True
10582,31326,True
10583,7455,True
10584,31326,True
10585,1085,True
10586,8824,True
10587,10589,True
10588,3350,True
10589,126923,True
10590,7560,True
10591,57839,True
10592,20532,True
10593,2065,True
10594,2630,True
10595,20532,True
10596,11545,True
10597,4189,True
10598,74062,True
10599,1672,True
10600,8704,True
10601,74062,True
10602,6784,True
10603,6860,True
10604,61446,True
10605,1814,True
10606,54377,True
10607,34843,True
10608,12258,True
10609,24198,True
10610,17748,True
10611,19008,True
10612,515,True
10613,26873,True
10614,697,True
10615,3977,True
10616,7975,True
10617,27169,True
10618,3898,True
10619,12223,True
10620,4234,True
10621,655,True
10622,52298,True
10623,19084,True
10624,7382,True
10625,19920,True
10626,17699,True
10627,19084,True
10628,19920,True
10629,4676,True
10630,18815,True
10631,25154,True
10632,18815,True
10633,24897,True
10634,24015,True
10635,16230,True
10636,820,True
10637,37621,True
10638,10671,True
10639,6076,True
10640,19404,True
10641,2589,True
10642,8216,True
10643,13472,True
10644,16942,True
10645,19404,True
10646,23508,True
10647,16942,True
10648,10790,True
10649,10671,True
10650,13472,True
10651,6130,True
10652,1150,True
10653,550,True
10654,14464,True
10655,4041,True
10656,15140,True
10657,4529,True
10658,29363,True
10659,3255,True
10660,5207,True
10661,9886,True
10662,20464,True
10663,47013,True
10664,11252,True
10665,9886,True
10666,27712,True
10667,16230,True
10668,41083,True
10669,24015,True
10670,36694,True
10671,23547,True
10672,15988,True
10673,30954,True
10674,4010,True
10675,12946,True
10676,4241,True
10677,26519,True
10678,3339,True
10679,6759,True
10680,4143,True
10681,2479,True
10682,105450,True
10683,7985,True
10684,18921,True
10685,3178,True
10686,38069,True
10687,3174,True
10688,9472,True
10690,3283,True
10692,2823,True
10693,7501,True
10694,7524,True
10696,2823,True
10697,3134,True
10698,17879,True
10700,15756,True
10701,36516,True
10702,683,True
10703,12642,True
10704,5055,True
10705,2581,True
10706,6357,True
10707,18341,True
10708,3412,True
10709,13331,True
10710,3804,True
10711,4339,True
10712,4030,True
10713,3151,True
10714,3708,True
10715,11967,True
10716,9178,True
10717,12389,True
10718,5149,True
10719,4057,True
10720,5504,True
10721,4871,True
10722,3738,True
10723,5779,True
10724,31154,True
10725,3736,True
10726,5642,True
10727,13037,True
10728,3720,True
10729,5319,True
10730,32692,True
10731,11808,True
10732,8692,True
10733,47070,True
10734,18911,True
10735,853,True
10736,34556,True
10737,1271,True
10738,8218,True
10739,5841,True
10740,870,True
10741,30576,True
10742,23876,True
10743,5740,True
10744,4994,True
10745,9121,True
10746,5027,True
10747,42915,True
10748,23456,True
10749,40898,True
10750,14866,True
10751,22145,True
10752,24477,True
10753,12632,True
10754,1831,True
10755,5246,True
10756,28303,True
10757,24477,True
10758,22111,True
10759,29606,True
10760,4994,True
10761,29536,True
10763,884,True
10765,7720,True
10766,11099,True
10767,4806,True
10768,3524,True
10770,7164,True
10772,11099,True
10773,15215,True
10774,3316,True
10777,1487,True
10778,15861,True
10779,36095,True
10780,7488,True
10781,1150,True
10782,36095,True
10783,7011,True
10784,8084,True
10785,20803,True
10786,8084,True
10787,19741,True
10788,19741,True
10789,20853,True
10790,15941,True
10791,7807,True
10792,8190,True
10793,7915,True
10794,7059,True
10795,4862,True
10796,20803,True
10797,7059,True
10798,8735,True
10799,12477,True
10800,15941,True
10801,7011,True
10802,8283,True
10803,8137,True
10804,7915,True
10805,20853,True
10806,28923,True
10807,13420,True
10808,1550,True
10809,9117,True
10810,2503,True
10811,43347,True
10812,1537,True
10813,4396,True
10814,3698,True
10815,7152,True
10816,5734,True
10817,2081,True
10818,3698,True
10819,2938,True
10820,1647,True
10821,38480,True
10822,74356,True
10823,76978,True
10824,47340,True
10825,76966,True
10826,22460,True
10827,22460,True
10828,9416,True
10829,47340,True
10830,22520,True
10831,9416,True
10832,46692,True
10833,22520,True
10834,13627,True
10835,2251,True
10836,46692,True
10837,8733,True
10838,2437,True
10839,69215,True
10840,8733,True
10841,46143,True
10842,12848,True
10843,24353,True
10844,115422,True
10845,46143,True
10846,1765,True
10847,66388,True
10848,12312,True
10849,56608,True
10850,1765,True
10851,1197,True
10852,32323,True
10853,65886,True
10854,154653,True
10855,1359,True
10856,164997,True
10857,5629,True
10858,2240,True
10859,22499,True
10860,32549,True
10861,56563,True
10862,110416,True
10863,31791,True
10864,116568,True
10865,14710,True
10866,1811,True
10867,1322,True
10868,1508,True
10869,45596,True
10870,8817,True
10871,24958,True
10872,19248,True
10874,3716,True
10875,981,True
10876,66366,True
10877,934,True
10878,1397,True
10879,41213,True
10880,3469,True
10881,41255,True
10882,361,True
10884,1084,True
10885,48619,True
10886,9359,True
10887,2723,True
10888,9192,True
10889,2723,True
10890,5889,True
10891,1212,True
10892,3657,True
10893,47869,True
10894,2199,True
10895,57957,True
10896,1090,True
10897,52474,True
10898,2096,True
10899,19931,True
10900,3862,True
10901,1025,True
10902,2223,True
10903,4159,True
10904,2162,True
10905,2849,True
10906,26477,True
10907,4070,True
10908,2941,True
10909,1534,True
10910,3343,True
10911,2137,True
10912,2686,True
10913,1400,True
10914,39327,True
10915,14424,True
10916,42249,True
10917,33858,True
10918,42664,True
10919,51700,True
10920,804,True
10921,22002,True
10922,4323,True
10923,3939,True
10924,1585,True
10925,4078,True
10926,2513,True
10927,1634,True
10928,36426,True
10929,3081,True
10930,15787,True
10931,1990,True
10932,37013,True
10933,1089,True
10934,34897,True
10935,1632,True
10936,48329,True
10937,12047,True
10938,20341,True
10939,1339,True
10940,50238,True
10941,62769,True
10942,1671,True
10943,42693,True
10944,1620,True
10945,971,True
10946,7162,True
10947,12550,True
10948,12550,True
10949,7985,True
10950,13514,True
10951,9142,True
10952,27104,True
10953,6537,True
10954,6537,True
10955,17599,True
10956,34272,True
10957,8584,True
10958,9669,True
10959,24819,True
10960,24819,True
10961,42892,True
10962,9669,True
10963,16254,True
10964,8584,True
10965,34272,True
10966,37798,True
10967,17599,True
10968,9142,True
10969,37798,True
10970,22786,True
10971,7661,True
10972,66246,True
10973,10495,True
10974,1177,True
10975,1391,True
10976,11591,True
10977,50277,True
10978,1696,True
10979,1468,True
10980,43290,True
10981,1089,True
10982,52227,True
10983,5183,True
10984,5114,True
10985,3348,True
10986,2413,True
10987,1328,True
10988,3895,True
10989,918,True
10990,17732,True
10991,4806,True
10992,5888,True
10993,2901,True
10994,4198,True
10995,3831,True
10996,1254,True
10997,1111,True
10998,44644,True
10999,12521,True
11000,6763,True
11001,6763,True
11002,0,True
11003,0,True
11004,41196,True
11005,49106,True
11006,49106,True
11007,38757,True
11008,937,True
11009,52489,True
11010,1024,True
11011,57029,True
11012,1158,True
11013,62820,True
11014,6357,True
11015,4497,True
11016,2971,True
11017,4629,True
11018,3863,True
11019,1112,True
11020,2727,True
11021,4472,True
11022,4248,True
11023,1545,True
11024,1370,True
11025,37784,True
11026,1039,True
11027,35585,True
11028,1094,True
11029,58487,True
11030,975,True
11031,59646,True
11032,1143,True
11033,62191,True
11034,6221,True
11035,39809,True
11036,1143,True
11037,45195,True
11038,736,True
11039,44611,True
11040,880,True
11042,954,True
11043,39909,True
11044,45384,True
11045,1099,True
11046,2508,True
11047,43326,True
11048,2512,True
11049,45317,True
11050,2340,True
11051,44510,True
11053,12085,True
11057,39909,True
11059,11689,True
11061,39640,True
11062,1089,True
11063,34182,True
11064,1102,True
11065,59495,True
11066,1052,True
11067,48748,True
11068,2818,True
11069,57709,True
11070,6958,True
11071,6186,True
11072,4207,True
11073,42194,True
11080,93838,True
11081,50319,True
11082,49845,True
11083,749,True
11084,75284,True
11085,97416,True
11086,92123,True
11097,2673,True
11099,2663,True
11100,46017,True
11101,56215,True
11102,22902,True
11103,1913,True
11104,1957,True
11107,44702,True
11108,22925,True
11110,45885,True
11111,1748,True
11116,28857,True
11117,34203,True
11118,888,True
11119,10614,True
11120,7917,True
11121,7060,True
11122,12215,True
11123,10063,True
11124,2755,True
11125,14368,True
11126,20873,True
11127,33901,True
11128,12215,True
11129,22899,True
11130,33901,True
11131,2091,True
11132,4117,True
11133,3353,True
11134,1188,True
11135,1841,True
11136,84685,True
11137,1007,True
11138,4351,True
11139,47479,True
11140,73256,True
11141,1691,True
11142,1259,True
11143,79804,True
11147,8383,True
11148,82747,True
11153,5008,True
11154,22398,True
11155,5970,True
11157,118581,True
11158,174448,True
11159,29462,True
11160,43817,True
11161,174448,True
11163,35780,True
11164,11218,True
11170,6132,True
11171,36427,True
11172,985,True
11174,1129,True
11175,21446,True
11176,3886,True
11177,21304,True
11178,21304,True
11179,115995,True
11180,2776,True
11181,7942,True
11182,31982,True
11183,13186,True
11184,10018,True
11185,39087,True
11186,19290,True
11187,58103,True
11188,39087,True
11189,19290,True
11190,31587,True
11191,79190,True
11192,832,True
11193,5058,True
11194,1741,True
11195,37065,True
11196,5328,True
11197,37585,True
11203,2383,True
11204,57246,True
11205,2217,True
11206,64387,True
11207,845,True
11208,58732,True
11209,2236,True
11210,31444,True
11211,2373,True
11212,32611,True
11213,2248,True
11215,2086,True
11216,64975,True
11217,1801,True
11218,65038,True
11219,1778,True
11220,3492,True
11221,30022,True
11222,1952,True
11223,3536,True
11224,16165,True
11225,1285,True
11226,75113,True
11227,1743,True
11228,34702,True
11229,64588,True
11231,4852,True
11232,1827,True
11233,1971,True
11234,4343,True
11235,2834,True
11236,64858,True
11237,1714,True
11238,51630,True
11239,2088,True
11240,63999,True
11241,2404,True
11242,65086,True
11243,1848,True
11244,31756,True
11245,11536,True
11246,1848,True
11247,31018,True
11248,11536,True
11249,15399,True
11250,43729,True
11251,3870,True
11252,1942,True
11253,1775,True
11254,2036,True
11255,53277,True
11256,4475,True
11257,1904,True
11258,1740,True
11259,57712,True
11260,1236,True
11261,32693,True
11262,1849,True
11263,85972,True
11264,840,True
11265,28643,True
11266,22495,True
11267,6059,True
11268,4896,True
11269,6151,True
11270,7965,True
11271,58182,True
11272,7073,True
11273,14456,True
11274,955,True
11275,29073,True
11276,39966,True
11277,850,True
11278,798,True
11279,7513,True
11280,2339,True
11281,22971,True
11282,45319,True
11283,1212,True
11284,1103,True
11285,40032,True
11286,906,True
11287,32592,True
11288,1217,True
11289,11544,True
11290,13328,True
11291,45453,True
11292,8784,True
11293,18722,True
11294,22815,True
11295,18722,True
11296,20857,True
11298,19643,True
11299,21035,True
11300,28914,True
11302,19844,True
11303,20857,True
11304,17257,True
11305,20749,True
11306,19844,True
11307,1433,True
11308,37688,True
11309,1433,True
11310,14827,True
11311,18518,True
11312,1674,True
11313,28881,True
11314,17257,True
11315,15211,True
11316,1674,True
11317,20749,True
11318,18518,True
11319,20309,True
11320,21035,True
11321,20309,True
11322,34663,True
11323,29018,True
11328,14212,True
11329,93496,True
11330,58452,True
11331,29824,True
11332,14838,True
11333,3587,True
11334,959,True
11335,1125,True
11337,9612,True
11339,13296,True
11340,10393,True
11343,13296,True
11344,16371,True
11345,16820,True
11348,17886,True
11349,9612,True
11350,10177,True
11351,16820,True
11352,18472,True
11353,3587,True
11356,10177,True
11358,1529,True
11359,14534,True
11360,2126,True
11361,14862,True
11362,21621,True
11363,3971,True
11364,2052,True
11365,5998,True
11367,5554,True
11369,5410,True
11370,1529,True
11371,14808,True
11373,14808,True
11374,5468,True
11375,2301,True
11376,14534,True
11377,831,True
11378,20544,True
11379,4216,True
11380,2126,True
11381,30154,True
11383,831,True
11384,14110,True
11385,14110,True
11386,2301,True
11387,14862,True
11388,3971,True
11389,20544,True
11390,5661,True
11392,15214,True
11393,5889,True
11395,15214,True
11398,5554,True
11399,926,True
11400,5656,True
11402,5661,True
11403,926,True
11405,5889,True
11406,2052,True
11408,5656,True
11409,5889,True
11411,5998,True
11412,2469,True
11414,5889,True
11415,5468,True
11417,3057,True
11418,5410,True
11419,14980,True
11420,2469,True
11421,3057,True
11424,1125,True
11425,4063,True
11426,30154,True
11427,3015,True
11430,959,True
11432,12376,True
11438,2620,True
11440,5204,True
11442,2620,True
11443,1210,True
11444,3112,True
11445,5247,True
11446,1714,True
11449,1210,True
11450,5204,True
11452,7053,True
11453,4216,True
11456,3044,True
11457,7053,True
11458,13812,True
11459,13812,True
11461,3015,True
11462,6257,True
11465,6257,True
11466,4063,True
11471,3112,True
11473,12376,True
11477,3017,True
11480,1913,True
11481,85769,True
11482,2333,True
11483,1504,True
11484,2119,True
11485,14741,True
11486,1471,True
11487,5522,True
11488,2267,True
11489,1854,True
11490,11085,True
11491,41187,True
11492,5585,True
11493,6525,True
11494,4481,True
11495,2687,True
11496,1954,True
11497,22233,True
11498,56833,True
11499,25714,True
11500,49681,True
11501,8276,True
11502,49681,True
11503,1941,True
11504,25714,True
11505,64903,True
11506,925,True
11507,24627,True
11508,932,True
11510,159032,True
11511,4654,True
11512,25001,True
11513,3818,True
11514,27272,True
11515,23877,True
11519,3608,True
11521,6310,True
11522,39946,True
11523,19496,True
11524,44906,True
11525,47212,True
11526,8028,True
11527,14419,True
11528,1651,True
11529,25415,True
11530,60061,True
11531,3206,True
11532,2091,True
11533,51855,True
11534,1538,True
11536,1340,True
11537,88302,True
11538,32536,True
11539,1917,True
11540,1287,True
11541,20288,True
11542,1256,True
11543,3686,True
11544,38460,True
11545,45593,True
11546,167637,True
11547,2476,True
11548,1571,True
11549,68592,True
11550,15649,True
11551,818,True
11552,65331,True
11553,1260,True
11555,1426,True
11556,46518,True
11557,31293,True
11558,21070,True
11559,1531,True
11560,53582,True
11561,47277,True
11562,2053,True
11563,2065,True
11564,5848,True
11566,1910,True
11570,57454,True
11573,1845,True
11574,5906,True
11575,38900,True
11576,32056,True
11577,68450,True
11578,13628,True
11579,45554,True
11580,4616,True
11581,8201,True
11591,5355,True
11592,19572,True
11593,5187,True
11594,23744,True
11595,5312,True
11596,7346,True
11597,547,True
11598,8466,True
11599,10396,True
11601,15635,True
11603,4046,True
11605,3471,True
11611,2458,True
11612,6495,True
11613,2621,True
11615,13723,True
11619,14099,True
11621,21053,True
11623,8242,True
11625,14099,True
11626,6495,True
11627,11433,True
11628,28177,True
11629,6840,True
11630,1500,True
11631,6722,True
11633,6722,True
11634,7046,True
11635,95625,True
11636,247490,True
11637,2769,True
11638,1344,True
11639,800,True
11641,577,True
11642,22111,True
11643,16568,True
11644,37308,True
11645,28254,True
11646,37308,True
11647,11416,True
11648,36459,True
11649,28861,True
11650,36459,True
11651,22131,True
11652,1955,True
11654,95512,True
11656,312911,True
11657,266070,True
11658,27216,True
11659,11450,True
11660,14518,True
11661,11450,True
11662,7191,True
11663,7186,True
11664,17364,True
11665,9428,True
11666,20262,True
11667,14518,True
11677,944,True
11678,12318,True
11688,6765,True
11691,218618,True
11692,1338,True
11693,26464,True
11694,8997,True
11695,39833,True
11696,10710,True
11697,7950,True
11698,12192,True
11699,10710,True
11700,13602,True
11701,11379,True
11702,26961,True
11703,12192,True
11704,8997,True
11705,29431,True
11706,17057,True
11707,18045,True
11708,66965,True
11709,11269,True
11710,3032,True
11711,10565,True
11712,15712,True
11713,1724,True
11714,116471,True
11715,12014,True
11716,23088,True
11717,13851,True
11718,24594,True
11719,2011,True
11720,1617,True
11721,14243,True
11722,29431,True
11723,29199,True
11724,16018,True
11725,10711,True
11726,10711,True
11727,3193,True
11728,68251,True
11729,24837,True
11730,12619,True
11731,81270,True
11732,81270,True
11733,18761,True
11734,12619,True
11735,50993,True
11736,5291,True
11737,8813,True
11738,50993,True
11739,11651,True
11740,11651,True
11741,14243,True
11742,17057,True
11743,11651,True
11744,11651,True
11745,3804,True
11746,21008,True
11747,28176,True
11748,633,True
11749,2581,True
11750,19664,True
11751,30626,True
11752,1308,True
11753,2729,True
11754,1259,True
11755,16256,True
11756,13743,True
11757,13899,True
11758,19967,True
11759,29488,True
11760,14109,True
11761,12992,True
11762,19967,True
11763,25544,True
11764,456,True
11765,16134,True
11766,11995,True
11767,24416,True
11768,55242,True
11769,2501,True
11770,57756,True
11771,35880,True
11772,26594,True
11773,7447,True
11774,16275,True
11775,21547,True
11776,7680,True
11777,21547,True
11778,20464,True
11780,9884,True
11781,8564,True
11782,5660,True
11783,8564,True
11784,911,True
11785,9927,True
11786,5660,True
11787,16563,True
11788,6283,True
11789,6982,True
11790,6283,True
11791,10138,True
11792,7303,True
11793,16319,True
11794,10138,True
11795,13390,True
11796,17304,True
11797,10076,True
11798,15148,True
11799,6894,True
11800,6006,True
11801,6062,True
11802,6006,True
11803,12961,True
11804,693,True
11805,16370,True
11806,30866,True
11807,5898,True
11808,190050,True
11809,16436,True
11810,17618,True
11811,10076,True
11812,3834,True
11813,10224,True
11814,13205,True
11815,20074,True
11816,47597,True
11817,47597,True
11818,7031,True
11819,2634,True
11820,18798,True
11821,9564,True
11822,2634,True
11823,17172,True
11824,9305,True
11825,5308,True
11826,26662,True
11827,41521,True
11828,10731,True
11829,13301,True
11830,12120,True
11831,12120,True
11832,9544,True
11833,9284,True
11834,24928,True
11835,9121,True
11836,9139,True
11837,24928,True
11838,9191,True
11839,3737,True
11840,7113,True
11841,2242,True
11842,12451,True
11843,12451,True
11844,1676,True
11845,25849,True
11846,30989,True
11847,28755,True
11848,26099,True
11849,14892,True
11850,15085,True
11851,70525,True
11852,15085,True
11853,5742,True
11854,14493,True
11855,5026,True
11856,34535,True
11857,31930,True
11858,26721,True
11859,36521,True
11860,25688,True
11861,14078,True
11862,298055,True
11863,14078,True
11864,26425,True
11865,25970,True
11866,27857,True
11867,36558,True
11868,27536,True
11869,41521,True
11870,36918,True
11871,31930,True
11872,26968,True
11873,36918,True
11874,5275,True
11875,4896,True
11876,4022,True
11877,3867,True
11878,92621,True
11879,957,True
11880,29106,True
11881,56726,True
11882,1713,True
11883,4283,True
11885,7758,True
11886,2099,True
11887,7064,True
11888,52415,True
11889,973,True
11890,45152,True
11891,17123,True
11892,1222,True
11893,27857,True
11894,702,True
11895,47503,True
11896,1048,True
11897,45265,True
11898,1190,True
11899,3291,True
11900,12208,True
11901,31508,True
11902,41981,True
11903,37087,True
11904,11938,True
11905,31508,True
11906,1000,True
11907,34739,True
11908,32191,True
11909,26721,True
11910,8146,True
11911,871,True
11912,29379,True
11913,871,True
11914,23712,True
11915,27977,True
11916,16933,True
11917,84901,True
11918,8140,True
11927,3225,True
11930,6539,True
11931,21714,True
11932,11057,True
11933,4764,True
11934,20132,True
11935,16761,True
11936,14024,True
11937,11057,True
11938,6836,True
11939,21714,True
11940,6135,True
11941,29416,True
11942,18466,True
11943,29416,True
11944,5709,True
11945,21779,True
11946,1474,True
11947,6539,True
11948,4764,True
11949,21779,True
11950,19566,True
11951,18929,True
11952,22734,True
11953,20717,True
11954,20153,True
11955,19566,True
11956,21774,True
11957,13373,True
11958,35040,True
11959,45991,True
11960,53400,True
11961,2455,True
11962,35974,True
11963,14017,True
11964,28755,True
11965,9661,True
11966,20536,True
11967,8881,True
11968,9413,True
11969,23786,True
11970,23786,True
11971,9386,True
11972,16087,True
11973,22187,True
11974,3076,True
11975,22187,True
11976,8942,True
11977,32938,True
11978,45120,True
11979,37514,True
11980,45120,True
11981,1203,True
11982,40224,True
11983,711,True
11984,2368,True
11985,1214,True
11986,12008,True
11987,2071,True
11988,23120,True
11989,2065,True
11992,10662,True
11993,12248,True
11994,25695,True
11995,11914,True
11996,608,True
11997,21246,True
11998,429,True
11999,29385,True
12000,23205,True
12001,22003,True
12002,864,True
12003,32268,True
12004,22865,True
12005,1474,True
12006,27002,True
12007,21116,True
12008,13736,True
12009,11831,True
12010,31241,True
12011,31979,True
12012,12475,True
12013,32573,True
12014,1179,True
12015,26306,True
12016,24326,True
12017,614,True
12018,2622,True
12019,46723,True
12020,38128,True
12021,28062,True
12022,52257,True
12023,2131,True
12024,58636,True
12025,2633,True
12026,25089,True
12027,34377,True
12028,2650,True
12029,1980,True
12030,85872,True
12031,57185,True
12032,1837,True
12033,1702,True
12034,51573,True
12035,1446,True
12036,51551,True
12037,3387,True
12038,67385,True
12039,1122,True
12040,858,True
12041,37355,True
12042,37739,True
12043,28467,True
12044,37355,True
12045,43485,True
12046,36776,True
12047,11215,True
12048,36776,True
12049,1088,True
12050,1147,True
12051,27346,True
12052,3912,True
12053,1268,True
12054,1088,True
12055,29725,True
12056,44428,True
12057,1193,True
12058,49137,True
12059,2327,True
12060,3227,True
12061,2076,True
12062,925,True
12063,1549,True
12064,11635,True
12065,2075,True
12066,19256,True
12067,16429,True
12068,1915,True
12069,8338,True
12070,22447,True
12071,1329,True
12072,4776,True
12073,19830,True
12074,8683,True
12075,1817,True
12076,16554,True
12077,45566,True
12078,1035,True
12079,30354,True
12080,1310,True
12081,3485,True
12082,27856,True
12083,14316,True
12084,30832,True
12085,1214,True
12086,13743,True
12087,1430,True
12088,36581,True
12089,1435,True
12090,731,True
12091,1877,True
12092,2824,True
12093,1395,True
12094,135735,True
12095,9802,True
12096,34300,True
12097,2065,True
12098,59288,True
12099,1933,True
12100,54524,True
12101,2667,True
12102,1933,True
12103,2291,True
12104,26593,True
12105,89016,True
12106,125119,True
12107,20774,True
12108,100510,True
12109,5515,True
12110,10487,True
12111,29925,True
12112,22671,True
12113,14902,True
12114,22671,True
12115,13118,True
12116,1137,True
12117,724,True
12118,62750,True
12119,16437,True
12120,5894,True
12121,17158,True
12122,12568,True
12123,16011,True
12124,1416,True
12125,16011,True
12126,5338,True
12127,16367,True
12128,6373,True
12129,3671,True
12130,22165,True
12131,9140,True
12132,3794,True
12133,8622,True
12134,25658,True
12135,29979,True
12136,20511,True
12137,4347,True
12138,8728,True
12139,11405,True
12140,20104,True
12141,28610,True
12142,845,True
12143,35135,True
12144,39943,True
12145,377,True
12146,3164,True
12147,33843,True
12148,3222,True
12149,5257,True
12150,33960,True
12151,18068,True
12152,25813,True
12153,23179,True
12154,1030,True
12155,18840,True
12156,21404,True
12157,1562,True
12158,22326,True
12159,2198,True
12160,4125,True
12161,6207,True
12162,18589,True
12163,4743,True
12164,3787,True
12165,6036,True
12166,26511,True
12167,114034,True
12168,16139,True
12170,119051,True
12171,3942,True
12172,737,True
12173,23980,True
12174,20888,True
12175,22917,True
12176,6778,True
12177,9502,True
12178,5817,True
12179,3883,True
12180,2270,True
12181,13559,True
12183,13559,True
12184,3435,True
12185,9373,True
12186,3435,True
12187,10558,True
12188,20512,True
12189,3143,True
12190,2131,True
12191,11791,True
12192,24749,True
12193,2131,True
12194,25248,True
12195,9520,True
12196,3891,True
12197,4714,True
12198,6232,True
12199,11097,True
12200,11087,True
12201,1825,True
12202,8654,True
12203,7959,True
12204,12500,True
12205,8839,True
12206,10535,True
12207,6232,True
12208,7025,True
12209,6778,True
12210,5932,True
12211,3883,True
12212,7153,True
12213,6703,True
12214,3883,True
12215,3645,True
12216,3645,True
12217,6628,True
12218,7278,True
12219,7278,True
12220,3793,True
12221,10126,True
12222,9443,True
12223,7153,True
12224,3888,True
12225,3793,True
12226,9520,True
12227,7025,True
12228,6042,True
12229,3888,True
12230,8839,True
12231,6826,True
12232,6042,True
12233,6698,True
12234,12500,True
12235,10535,True
12236,9125,True
12237,6698,True
12238,15146,True
12239,9125,True
12240,1825,True
12241,6684,True
12242,6020,True
12243,11097,True
12244,15146,True
12245,9373,True
12246,14118,True
12247,25248,True
12248,7190,True
12249,2270,True
12250,9502,True
12251,4756,True
12252,6603,True
12253,7501,True
12254,1103,True
12255,1152,True
12256,274847,True
12257,5966,True
12258,17328,True
12259,7186,True
12260,19914,True
12261,8251,True
12262,19234,True
12263,17328,True
12264,7228,True
12265,8251,True
12266,17364,True
12267,17263,True
12268,7513,True
12269,7191,True
12270,13346,True
12271,17950,True
12272,9604,True
12273,4073,True
12274,13346,True
12275,19679,True
12276,15673,True
12277,6386,True
12278,27656,True
12279,6386,True
12280,15872,True
12281,8856,True
12282,12277,True
12283,15872,True
12284,5146,True
12285,4612,True
12286,27103,True
12287,1794,True
12288,13045,True
12289,47279,True
12290,28303,True
12291,24087,True
12292,13045,True
12293,47279,True
12294,27252,True
12295,18729,True
12296,3432,True
12297,120993,True
12298,6268,True
12299,2490,True
12300,5675,True
12301,21212,True
12302,22312,True
12303,7917,True
12304,25014,True
12305,7112,True
12306,7845,True
12307,7112,True
12308,1745,True
12309,18297,True
12310,1745,True
12311,1879,True
12312,6459,True
12313,13499,True
12314,15635,True
12315,7060,True
12316,7845,True
12318,1879,True
12319,17114,True
12320,13499,True
12321,18297,True
12322,17114,True
12324,22173,True
12325,7128,True
12326,62085,True
12327,23907,True
12328,1102,True
12331,1348,True
12332,19081,True
12333,765,True
12340,11044,True
12342,14177,True
12343,19925,True
12345,62332,True
12349,2485,True
12350,22001,True
12355,22258,True
12356,566,True
12359,36537,True
12375,29712,True
12376,7569,True
12377,19342,True
12378,17458,True
12379,29076,True
12380,1379,True
12381,5635,True
12382,1193,True
12383,1531,True
12384,67230,True
12385,17513,True
12386,18848,True
12389,18435,True
12390,1279,True
12392,16043,True
12393,1196,True
12394,29983,True
12395,17667,True
12396,1196,True
12397,66453,True
12398,150425,True
12399,35308,True
12400,7638,True
12401,41748,True
12402,10481,True
12403,1295,True
12404,1295,True
12405,43656,True
12406,22122,True
12407,19886,True
12408,1093,True
12409,2542,True
12410,26903,True
12411,28056,True
12412,26804,True
12413,3066,True
12414,5303,True
12415,61446,True
12416,41950,True
12417,25226,True
12418,32006,True
12419,13627,True
12420,32006,True
12421,89611,True
12422,1158,True
12423,49621,True
12424,24157,True
12425,65781,True
12426,12433,True
12427,898,True
12428,19852,True
12429,10487,True
12430,37777,True
12431,36209,True
12432,62961,True
12433,13878,True
12434,25858,True
12435,16560,True
12437,934,True
12438,26307,True
12439,31925,True
12440,39484,True
12441,1025,True
12442,1334,True
12443,115862,True
12444,2763,True
12445,2543,True
12446,31541,True
12447,9292,True
12448,60485,True
12456,1692,True
12457,43058,True
12461,29593,True
12462,33483,True
12463,1067,True
12466,987,True
12471,710,True
12478,1347,True
12481,1259,True
12494,750,True
12495,722,True
12505,30105,True
12506,666,True
12507,46556,True
12509,746,True
12510,586,True
12511,24057,True
12512,2224,True
12513,18109,True
12514,19119,True
12520,682,True
12523,695,True
12524,18231,True
12531,21844,True
12537,1325,True
12538,7206,True
12540,4886,True
12541,4513,True
12542,4513,True
12543,152696,True
12544,25526,True
12545,43233,True
12546,75114,True
12547,29185,True
12548,2251,True
12549,152696,True
12550,207503,True
12551,71739,True
12552,7260,True
12553,81825,True
12554,101720,True
12555,4219,True
12556,13931,True
12557,38037,True
12558,34430,True
12559,30585,True
12560,4893,True
12561,11757,True
12562,28192,True
12563,21662,True
12564,23525,True
12565,31151,True
12566,23273,True
12567,47503,True
12568,5410,True
12569,5410,True
12570,744,True
12572,821,True
12573,67673,True
12574,95815,True
12575,867,True
12576,11859,True
12577,14779,True
12578,13164,True
12579,33838,True
12580,63050,True
12581,22965,True
12582,48895,True
12583,22034,True
12584,43243,True
12585,490,True
12586,17161,True
12587,25121,True
12588,26129,True
12589,15072,True
12590,15242,True
12591,24760,True
12592,25659,True
12593,8763,True
12594,18134,True
12595,27149,True
12596,23961,True
12597,12863,True
12598,39427,True
12599,862,True
12600,32534,True
12604,2403,True
12605,42640,True
12606,2834,True
12607,41922,True
12608,85047,True
12609,265866,True
12610,67530,True
12611,58301,True
12612,11145,True
12613,2844,True
12614,22839,True
12615,53455,True
12616,24469,True
12617,34850,True
12618,12313,True
12619,83675,True
12620,8219,True
12621,2399,True
12622,23681,True
12623,177481,True
12624,70590,True
12625,60189,True
12626,114758,True
12627,23875,True
12628,1657,True
12629,24843,True
12630,3921,True
12631,3010,True
12632,7434,True
12633,8193,True
12634,10271,True
12635,2316,True
12636,2316,True
12637,43147,True
12638,1117,True
12639,4819,True
12640,9158,True
12641,4591,True
12642,62466,True
12643,68954,True
12644,1073,True
12645,4677,True
12646,9240,True
12647,18049,True
12654,10696,True
12655,26803,True
12656,28664,True
12657,2236,True
12658,80981,True
12659,1898,True
12660,46220,True
12661,1686,True
12662,14168,True
12663,1536,True
12664,883,True
12665,2361,True
12667,4674,True
12668,23389,True
12669,1936,True
12670,15583,True
12671,3888,True
12672,2842,True
12673,51081,True
12674,1979,True
12675,15242,True
12676,2324,True
12677,47634,True
12678,2649,True
12679,33526,True
12680,52356,True
12681,2013,True
12682,2714,True
12683,34525,True
12684,2735,True
12685,51008,True
12686,49960,True
12687,2129,True
12688,1094,True
12689,75614,True
12690,846,True
12691,38013,True
12692,2236,True
12693,2043,True
12694,1025,True
12695,81411,True
12696,29405,True
12697,2167,True
12698,699,True
12699,38294,True
12700,42538,True
12701,1100,True
12702,63136,True
12703,12922,True
12704,11526,True
12705,9243,True
12706,8536,True
12707,11620,True
12708,13816,True
12709,12922,True
12710,7862,True
12711,11806,True
12712,13816,True
12713,1218,True
12714,85041,True
12715,12512,True
12716,8348,True
12717,3180,True
12718,6492,True
12719,12943,True
12720,830,True
12721,13618,True
12722,18549,True
12723,22672,True
12724,63050,True
12725,24935,True
12726,2480,True
12727,4587,True
12728,35433,True
12729,20747,True
12730,131543,True
12731,4715,True
12732,32592,True
12733,16823,True
12734,4142,True
12735,2584,True
12736,42448,True
12737,2225,True
12738,23061,True
12739,1890,True
12740,3718,True
12741,24785,True
12743,2763,True
12744,2398,True
12745,33467,True
12746,2811,True
12747,45150,True
12748,35738,True
12749,44716,True
12754,35258,True
12755,899,True
12756,29059,True
12757,12732,True
12758,1010,True
12759,34837,True
12760,1059,True
12761,37087,True
12762,33235,True
12763,3322,True
12764,36918,True
12765,25963,True
12766,4491,True
12767,16761,True
12768,31842,True
12769,17808,True
12770,16388,True
12771,2164,True
12772,31842,True
12773,2164,True
12774,29046,True
12775,71217,True
12776,84884,True
12777,28986,True
12778,10930,True
12779,9779,True
12780,2017,True
12781,14343,True
12782,9292,True
12783,22655,True
12784,15024,True
12785,14081,True
12786,21029,True
12787,1335,True
12788,13527,True
12789,1335,True
12790,38175,True
12791,52873,True
12792,93196,True
12793,5600,True
12794,3751,True
12795,21310,True
12796,4347,True
12797,68148,True
12798,20277,True
12799,3441,True
12800,18193,True
12801,14836,True
12805,12178,True
12807,2069,True
12808,2425,True
12809,44484,True
12815,2272,True
12817,3214,True
12818,45477,True
12820,43422,True
12821,711,True
12824,2375,True
12826,37320,True
12827,1735,True
12828,1749,True
12829,46168,True
12830,14341,True
12831,2334,True
12832,35133,True
12833,46417,True
12834,2089,True
12835,52988,True
12836,54355,True
12837,1423,True
12838,66770,True
12839,5147,True
12840,1234,True
12842,1236,True
12843,32068,True
12844,3407,True
12845,3635,True
12846,28604,True
12847,66762,True
12848,3364,True
12849,3877,True
12850,37745,True
12851,1306,True
12852,32859,True
12853,1477,True
12854,52499,True
12855,1824,True
12856,60312,True
12857,700,True
12859,16199,True
12860,9912,True
12861,37259,True
12862,22122,True
12863,43082,True
12864,1306,True
12865,38635,True
12866,33450,True
12867,33450,True
12868,30088,True
12869,27713,True
12870,5338,True
12871,1399,True
12872,815,True
12873,815,True
12874,23525,True
12875,32224,True
12876,49288,True
12877,1508,True
12878,45478,True
12881,13991,True
12882,40539,True
12883,12927,True
12884,37325,True
12885,13300,True
12886,30363,True
12887,6857,True
12888,14392,True
12889,1215,True
12890,10815,True
12891,24919,True
12892,1291,True
12893,21609,True
12894,1344,True
12895,479,True
12896,2998,True
12897,25828,True
12898,2998,True
12899,31532,True
12900,6396,True
12901,957,True
12902,29081,True
12903,22185,True
12904,24116,True
12905,261943,True
12906,5799,True
12907,16343,True
12908,14275,True
12909,37234,True
12910,18592,True
12911,37465,True
12912,146366,True
12913,52403,True
12914,13307,True
12915,5098,True
12916,27237,True
12917,656,True
12918,27902,True
12931,29712,True
12932,17458,True
12933,19786,True
12934,10605,True
12936,19786,True
12937,10527,True
12938,26961,True
12939,1449,True
12940,21865,True
12941,24848,True
12942,734,True
12944,29076,True
12945,427,True
12947,643,True
12948,15411,True
12949,6825,True
12950,19112,True
12951,1487,True
12952,962,True
12953,174064,True
12954,26041,True
12955,962,True
12956,926,True
12957,926,True
12958,25962,True
12959,37874,True
12960,16519,True
12961,25425,True
12962,28601,True
12963,37874,True
12964,892,True
12965,28562,True
12966,1293,True
12967,12486,True
12968,1152,True
12969,38917,True
12970,1426,True
12971,2050,True
12972,5761,True
12973,51505,True
12974,1290,True
12975,124756,True
12976,5644,True
12977,49918,True
12978,12431,True
12979,13911,True
12980,4436,True
12981,29156,True
12982,7787,True
12983,1759,True
12984,114652,True
12985,1073,True
12986,750,True
12987,76699,True
12988,2071,True
12989,60883,True
12990,2548,True
12991,14532,True
12992,16178,True
12993,22874,True
12994,1995,True
12995,5267,True
12996,32099,True
12997,1371,True
12998,22897,True
12999,9045,True
13000,5027,True
13001,5314,True
13002,37092,True
13003,1344,True
13004,1697,True
13005,1467,True
13006,5057,True
13007,3627,True
13008,2472,True
13009,39396,True
13010,3976,True
13011,2404,True
13012,51770,True
13013,50029,True
13014,51770,True
13015,25907,True
13016,43082,True
13017,27623,True
13018,35398,True
13019,22704,True
13020,5913,True
13021,18320,True
13022,6801,True
13023,6847,True
13024,6416,True
13025,8434,True
13026,9321,True
13027,75044,True
13028,171941,True
13029,21754,True
13030,19167,True
13031,5856,True
13032,21789,True
13033,15205,True
13034,22342,True
13035,6727,True
13036,10726,True
13037,6214,True
13038,19501,True
13039,29638,True
13040,6050,True
13041,6879,True
13042,15737,True
13043,60239,True
13044,45078,True
13045,57397,True
13046,1029,True
13047,39711,True
13048,13025,True
13049,28594,True
13050,4580,True
13051,87534,True
13052,38454,True
13053,3261,True
13054,2726,True
13055,118781,True
13056,29793,True
13057,54908,True
13058,85060,True
13059,12644,True
13060,1940,True
13061,45535,True
13062,28150,True
13063,32349,True
13064,45535,True
13065,33116,True
13066,16954,True
13067,20058,True
13068,17750,True
13069,29608,True
13070,54391,True
13071,17085,True
13072,9107,True
13073,21341,True
13074,44457,True
13075,19474,True
13076,1059,True
13077,65416,True
13078,6253,True
13079,9837,True
13080,6404,True
13081,13819,True
13082,23066,True
13083,1729,True
13084,18651,True
13085,7269,True
13086,2147,True
13087,7529,True
13088,4487,True
13089,35962,True
13090,1485,True
13091,1086,True
13092,70876,True
13093,2841,True
13094,6759,True
13095,5282,True
13096,4090,True
13097,16342,True
13098,33226,True
13099,53233,True
13100,3294,True
13101,6504,True
13102,288574,True
13103,45268,True
13104,22789,True
13105,272436,True
13106,52777,True
13107,19430,True
13108,2756,True
13109,96092,True
13110,34696,True
13111,3343,True
13112,2364,True
13113,22378,True
13114,55620,True
13115,9216,True
13116,71012,True
13117,5653,True
13118,30424,True
13119,45068,True
13120,3702,True
13121,4633,True
13122,3126,True
13123,2155,True
13124,32534,True
13125,14529,True
13126,32664,True
13127,15054,True
13128,1431,True
13129,7647,True
13130,43864,True
13135,31151,True
13136,75679,True
13137,1650,True
13138,44854,True
13139,51911,True
13140,956,True
13141,39889,True
13142,14529,True
13143,4085,True
13144,51911,True
13145,47351,True
13146,125119,True
13147,663,True
13148,26768,True
13149,16929,True
13150,1525,True
13151,44254,True
13152,1182,True
13153,44206,True
13154,9843,True
13155,8819,True
13156,16071,True
13157,9843,True
13158,1649,True
13159,13708,True
13160,1331,True
13161,74781,True
13162,10511,True
13163,3581,True
13164,1872,True
13165,9589,True
13166,1400,True
13167,19160,True
13168,7163,True
13169,1880,True
13170,2344,True
13171,1329,True
13172,29593,True
13173,5586,True
13174,1484,True
13175,120147,True
13176,24337,True
13177,55620,True
13178,12289,True
13179,3461,True
13180,4980,True
13183,1116,True
13184,37246,True
13185,1848,True
13186,55504,True
13187,15957,True
13188,32458,True
13189,1954,True
13190,6532,True
13191,20685,True
13192,31190,True
13193,33298,True
13194,155308,True
13195,22197,True
13196,2061,True
13197,5714,True
13198,3153,True
13199,14107,True
13200,4455,True
13201,3311,True
13202,62903,True
13203,118457,True
13204,42162,True
13205,2895,True
13206,9822,True
13207,8657,True
13208,21513,True
13209,21945,True
13210,6863,True
13211,20386,True
13212,15136,True
13213,1254,True
13214,27392,True
13215,22204,True
13216,1866,True
13217,40281,True
13218,49845,True
13219,4441,True
13220,59311,True
13221,50087,True
13222,4803,True
13223,24379,True
13224,15216,True
13226,66165,True
13227,2578,True
13229,2190,True
13230,10890,True
13231,2386,True
13232,7881,True
13234,44298,True
13235,2631,True
13236,2631,True
13237,46448,True
13238,28157,True
13239,9435,True
13240,4184,True
13242,49426,True
13243,115422,True
13244,9269,True
13245,7044,True
13246,6321,True
13247,4735,True
13248,7637,True
13249,63268,True
13250,47302,True
13251,39161,True
13252,125049,True
13253,2834,True
13254,2695,True
13255,3799,True
13256,10229,True
13257,3516,True
13258,5274,True
13259,21249,True
13260,21249,True
13261,11010,True
13262,16640,True
13263,2908,True
13264,3117,True
13265,21623,True
13266,10755,True
13267,7803,True
13268,109166,True
13269,101720,True
13270,43233,True
13271,35162,True
13272,52715,True
13273,26867,True
13274,2011,True
13275,15084,True
13276,22996,True
13277,7638,True
13278,35813,True
13279,75679,True
13280,39372,True
13281,14836,True
13282,56013,True
13283,18499,True
13284,26630,True
13285,21132,True
13286,42876,True
13287,42876,True
13289,1487,True
13290,15041,True
13291,729,True
13292,25213,True
13293,2301,True
13294,78810,True
13295,6298,True
13296,8737,True
13297,3540,True
13298,6733,True
13299,20343,True
13300,8137,True
13301,6900,True
13302,11606,True
13303,2893,True
13304,7807,True
13305,7234,True
13306,12473,True
13307,17007,True
13308,5063,True
13309,8252,True
13310,12434,True
13311,15915,True
13312,11617,True
13313,2779,True
13314,17007,True
13315,8190,True
13316,12473,True
13317,15952,True
13318,11617,True
13319,8283,True
13320,12477,True
13321,15952,True
13322,8252,True
13323,15915,True
13324,11606,True
13325,2972,True
13326,2972,True
13327,15893,True
13328,38138,True
13329,2754,True
13330,960,True
13331,4294,True
13332,13646,True
13333,5179,True
13334,9624,True
13335,6771,True
13336,10623,True
13337,5421,True
13338,16256,True
13339,12901,True
13340,6771,True
13341,5421,True
13342,6952,True
13343,5401,True
13344,10623,True
13345,3537,True
13346,13646,True
13347,11559,True
13348,9624,True
13349,2548,True
13350,10968,True
13351,6952,True
13352,10968,True
13353,6249,True
13354,11559,True
13355,6249,True
13356,12520,True
13357,2548,True
13358,3537,True
13359,7644,True
13360,4294,True
13361,5223,True
13362,26416,True
13363,5223,True
13364,7644,True
13365,16256,True
13366,12520,True
13367,5401,True
13368,8831,True
13369,16475,True
13370,15779,True
13371,8831,True
13372,4263,True
13373,12901,True
13374,14761,True
13375,4263,True
13376,11070,True
13377,11070,True
13378,11964,True
13379,8321,True
13380,10528,True
13381,10528,True
13382,11070,True
13383,11070,True
13384,14761,True
13385,23898,True
13386,6841,True
13387,23720,True
13388,4804,True
13389,1103,True
13390,4961,True
13391,46549,True
13392,10498,True
13393,13360,True
13394,807,True
13395,22517,True
13396,6984,True
13397,2171,True
13398,1596,True
13399,52058,True
13400,23853,True
13401,38069,True
13402,23898,True
13403,4059,True
13404,3788,True
13405,32815,True
13406,1173,True
13407,2462,True
13408,15474,True
13409,4537,True
13410,17485,True
13417,1591,True
13418,13510,True
13419,1844,True
13420,38733,True
13421,36058,True
13422,3686,True
13423,50933,True
13424,601,True
13425,31863,True
13430,2141,True
13431,39288,True
13436,2344,True
13437,53208,True
13438,1840,True
13440,2214,True
13442,1448,True
13443,19121,True
13444,1450,True
13445,3904,True
13452,9769,True
13467,14764,True
13471,5495,True
13472,2079,True
13473,3154,True
13474,5781,True
13475,2357,True
13476,28021,True
13477,1222,True
13478,1583,True
13479,26290,True
13480,1282,True
13481,1737,True
13482,13138,True
13483,29386,True
13484,17919,True
13485,29386,True
13486,1015,True
13487,34262,True
13488,41971,True
13489,26570,True
13490,61711,True
13491,15465,True
13492,69394,True
13493,28170,True
13494,11463,True
13496,679,True
13497,1058,True
13498,5676,True
13499,2535,True
13500,5848,True
13501,1941,True
13502,8760,True
13503,3492,True
13504,13149,True
13505,62403,True
13506,58714,True
13507,1550,True
13510,28170,True
13511,44550,True
13512,23806,True
13513,21361,True
13514,31293,True
13515,21361,True
13516,44550,True
13517,29462,True
13518,29462,True
13519,44461,True
13520,24961,True
13521,32390,True
13522,22581,True
13524,755,True
13525,34076,True
13526,32856,True
13527,34076,True
13528,26818,True
13529,6860,True
13530,9142,True
13531,30768,True
13532,9980,True
13533,1222,True
13534,15794,True
13535,17146,True
13536,26826,True
13537,18823,True
13538,810,True
13539,32137,True
13540,13495,True
13541,30867,True
13542,34127,True
13543,10766,True
13544,3363,True
13545,6733,True
13546,6900,True
13547,3556,True
13548,3556,True
13549,4794,True
13550,12577,True
13551,6298,True
13552,5063,True
13553,8636,True
13554,2893,True
13555,4794,True
13556,12434,True
13557,8636,True
13558,12577,True
13559,6418,True
13560,2895,True
13561,8737,True
13562,6418,True
13563,2895,True
13564,7831,True
13565,7831,True
13566,20343,True
13567,7831,True
13568,7831,True
13569,19741,True
13570,19741,True
13571,28923,True
13572,15715,True
13573,4894,True
13574,8735,True
13575,7234,True
13576,4894,True
13577,17520,True
13578,2779,True
13579,19586,True
13580,3540,True
13581,74356,True
13582,13034,True
13583,38214,True
13584,55260,True
13585,1259,True
13586,24941,True
13587,40608,True
13588,86020,True
13589,33705,True
13590,26968,True
13591,16457,True
13592,14493,True
13593,22109,True
13594,21225,True
13595,16807,True
13596,15418,True
13597,23393,True
13598,21225,True
13599,23393,True
13600,5261,True
13601,18362,True
13602,15418,True
13603,11995,True
13604,21455,True
13605,18362,True
13606,21455,True
13607,24416,True
13608,10139,True
13609,5308,True
13610,45991,True
13611,3603,True
13612,10943,True
13613,2167,True
13614,5923,True
13615,5909,True
13616,1434,True
13617,9133,True
13618,5909,True
13619,4087,True
13620,7218,True
13621,15635,True
13622,2755,True
13623,10004,True
13624,2495,True
13625,2495,True
13626,3603,True
13627,10004,True
13628,2284,True
13629,2495,True
13630,2495,True
13631,24030,True
13632,6749,True
13633,11859,True
13634,14628,True
13635,32514,True
13636,97069,True
13637,43042,True
13638,2331,True
13639,3351,True
13640,3854,True
13641,3298,True
13642,46533,True
13643,77811,True
13644,1959,True
13645,80294,True
13646,285748,True
13647,142524,True
13648,13727,True
13649,168282,True
13650,43483,True
13651,4417,True
13652,1761,True
13653,4039,True
13654,12328,True
13655,19642,True
13656,37136,True
13657,20666,True
13658,1788,True
13659,4834,True
13660,21039,True
13661,3657,True
13662,20424,True
13663,4817,True
13664,15013,True
13665,26581,True
13666,57219,True
13667,15013,True
13668,26491,True
13669,9865,True
13670,21161,True
13671,3757,True
13672,11858,True
13674,1377,True
13675,11653,True
13676,18122,True
13677,8142,True
13678,26581,True
13679,19601,True
13680,26446,True
13681,8498,True
13682,1527,True
13683,41714,True
13684,1404,True
13685,89449,True
13686,1569,True
13687,66426,True
13688,7661,True
13689,46749,True
13690,7661,True
13691,13627,True
13692,16711,True
13693,199652,True
13694,57958,True
13695,8079,True
13696,27199,True
13697,4391,True
13698,7368,True
13699,16315,True
13700,28243,True
13701,2108,True
13702,20765,True
13703,87272,True
13704,5506,True
13705,32224,True
13706,1298,True
13707,19811,True
13708,7720,True
13709,5240,True
13710,46325,True
13711,25177,True
13712,1476,True
13713,1527,True
13714,2050,True
13715,74137,True
13716,1265,True
13717,1631,True
13718,1134,True
13719,1630,True
13720,63031,True
13721,2059,True
13722,62861,True
13723,1429,True
13724,2046,True
13725,1475,True
13726,1911,True
13727,1478,True
13728,74052,True
13729,1569,True
13730,43323,True
13731,35352,True
13732,136428,True
13733,156571,True
13734,56556,True
13735,92657,True
13736,49599,True
13737,9390,True
13738,33911,True
13739,20583,True
13740,40535,True
13741,10502,True
13742,9785,True
13743,10341,True
13744,9785,True
13745,9868,True
13746,22517,True
13747,6841,True
13748,110240,True
13749,47383,True
13750,16388,True
13751,43667,True
13752,19601,True
13753,39416,True
13754,5644,True
13755,55069,True
13756,5016,True
13757,2180,True
13758,8050,True
13759,12864,True
13760,2254,True
13761,17430,True
13762,28193,True
13763,11243,True
13764,884,True
13765,41961,True
13766,31703,True
13767,5496,True
13768,916,True
13769,20244,True
13770,16130,True
13771,14908,True
13772,1943,True
13773,22499,True
13774,5312,True
13775,1103,True
13776,5966,True
13777,17466,True
13778,9824,True
13779,6048,True
13780,12786,True
13781,43559,True
13782,4836,True
13783,2362,True
13784,11736,True
13785,12837,True
13786,33254,True
13787,27451,True
13788,45349,True
13789,3794,True
13791,78716,True
13793,1021,True
13794,15839,True
13795,147943,True
13796,1021,True
13797,66337,True
13798,23687,True
13799,45384,True
13800,15839,True
13801,23687,True
13802,71334,True
13803,184981,True
13804,1809,True
13805,81471,True
13806,779,True
13807,49733,True
13808,48431,True
13809,15884,True
13810,25279,True
13811,48431,True
13812,19186,True
13813,28414,True
13814,25291,True
13815,22272,True
13816,26699,True
13817,8066,True
13818,25023,True
13819,145246,True
13820,31141,True
13821,54175,True
13822,36510,True
13823,18288,True
13824,15941,True
13825,49585,True
13826,1186,True
13827,32468,True
13828,1195,True
13829,107418,True
13830,3641,True
13831,2786,True
13832,8953,True
13833,4806,True
13834,4374,True
13835,35634,True
13836,1064,True
13837,79872,True
13838,1067,True
13842,37859,True
13843,28619,True
13844,1767,True
13845,5512,True
13846,5766,True
13847,26511,True
13848,67321,True
13849,6036,True
13850,67321,True
13851,43817,True
13852,21435,True
13853,36888,True
13854,6665,True
13855,55252,True
13856,6665,True
13857,22555,True
13858,55252,True
13859,21844,True
13860,24316,True
13861,907,True
13862,35694,True
13863,37012,True
13864,40390,True
13865,14904,True
13866,23203,True
13867,5847,True
13868,7438,True
13869,33172,True
13870,14904,True
13871,18357,True
13872,18357,True
13873,44054,True
13874,35301,True
13875,7438,True
13876,18357,True
13877,18357,True
13878,5328,True
13879,53043,True
13880,20619,True
13881,1446,True
13882,11355,True
13883,53242,True
13884,29462,True
13885,67535,True
13886,11355,True
13887,23344,True
13888,21435,True
13889,26145,True
13891,3626,True
13892,14958,True
13893,41926,True
13894,568,True
13895,1889,True
13896,21301,True
13897,1139,True
13898,993,True
13899,4650,True
13900,3683,True
13901,16412,True
13902,2885,True
13903,48532,True
13904,16358,True
13905,12099,True
13906,9239,True
13907,9631,True
13908,17466,True
13909,13804,True
13910,23794,True
13911,9636,True
13912,8753,True
13913,13751,True
13914,13804,True
13915,9974,True
13916,8772,True
13917,7363,True
13918,9825,True
13919,11655,True
13920,10719,True
13921,10823,True
13922,11412,True
13923,9944,True
13924,7363,True
13925,13929,True
13926,23895,True
13927,8532,True
13928,9944,True
13929,8753,True
13930,8532,True
13931,23921,True
13932,13801,True
13933,6563,True
13934,2837,True
13935,6582,True
13939,29856,True
13940,17848,True
13941,8478,True
13942,1344,True
13943,774,True
13944,22747,True
13945,774,True
13946,1381,True
13949,1344,True
13950,8478,True
13953,24838,True
13956,21513,True
13957,1017,True
13960,8937,True
13961,31748,True
13962,6127,True
13964,1828,True
13987,7445,True
13989,23272,True
13990,7445,True
13992,0,True
13993,6127,True
13994,22747,True
13995,23272,True
14004,52224,True
14005,186172,True
14006,10408,True
14007,186172,True
14008,38656,True
14009,1519,True
14010,149358,True
14011,1367,True
14012,1656,True
14013,1596,True
14014,24079,True
14015,1656,True
14016,21086,True
14017,12801,True
14018,29904,True
14019,62498,True
14020,12801,True
14021,44667,True
14022,47259,True
14023,54985,True
14024,60858,True
14025,25078,True
14026,29637,True
14027,31036,True
14028,18939,True
14029,31587,True
14030,31036,True
14031,47899,True
14032,24779,True
14033,79190,True
14034,29637,True
14035,29660,True
14036,47760,True
14037,24779,True
14038,47899,True
14039,29660,True
14040,58103,True
14041,35798,True
14042,15114,True
14043,54800,True
14044,62498,True
14045,15479,True
14046,29904,True
14047,54800,True
14048,8624,True
14049,22374,True
14050,117493,True
14051,22535,True
14052,8624,True
14053,10064,True
14054,42210,True
14055,22374,True
14056,22535,True
14057,7408,True
14058,10064,True
14059,31982,True
14060,13186,True
14061,25098,True
14062,42210,True
14063,12534,True
14064,146787,True
14065,7942,True
14066,30029,True
14067,29386,True
14068,7408,True
14069,65411,True
14070,29386,True
14071,20183,True
14073,65411,True
14076,20183,True
14077,59370,True
14079,59370,True
14080,22407,True
14081,21946,True
14082,25098,True
14083,30029,True
14084,18873,True
14085,22407,True
14086,24652,True
14087,20220,True
14088,21946,True
14089,18873,True
14090,12534,True
14091,24652,True
14092,16519,True
14093,1858,True
14094,34535,True
14095,4628,True
14096,4628,True
14097,3192,True
14098,31583,True
14099,882,True
14100,15977,True
14101,7759,True
14102,31583,True
14103,18111,True
14104,9955,True
14105,4787,True
14106,17978,True
14107,2441,True
14108,9955,True
14109,1083,True
14110,22017,True
14111,4158,True
14112,16259,True
14113,4158,True
14114,26287,True
14115,26216,True
14116,32871,True
14117,35701,True
14118,33102,True
14119,1942,True
14120,35701,True
14121,17066,True
14122,22452,True
14123,19674,True
14124,25720,True
14125,1834,True
14126,37950,True
14127,23327,True
14128,37424,True
14129,18813,True
14131,20871,True
14132,37424,True
14133,20137,True
14134,18813,True
14135,37950,True
14136,22452,True
14137,32871,True
14138,1377,True
14139,38959,True
14140,2345,True
14142,26216,True
14143,32808,True
14144,1942,True
14145,20499,True
14146,69948,True
14147,1898,True
14148,39735,True
14149,1798,True
14150,26023,True
14152,25024,True
14154,22194,True
14156,1572,True
14158,22750,True
14159,36493,True
14160,24532,True
14161,22876,True
14162,11172,True
14163,39808,True
14164,24532,True
14165,737,True
14166,47201,True
14167,1864,True
14168,70112,True
14169,2263,True
14170,23572,True
14171,871,True
14172,20058,True
14173,32349,True
14174,27023,True
14175,25023,True
14176,32304,True
14177,41167,True
14179,38899,True
14181,36183,True
14182,1429,True
14184,2569,True
14185,33591,True
14189,1272,True
14190,2506,True
14191,23261,True
14192,1204,True
14193,4788,True
14194,6059,True
14195,1377,True
14196,3495,True
14197,9298,True
14198,4787,True
14199,17049,True
14200,2349,True
14201,17119,True
14202,9298,True
14203,902,True
14204,13486,True
14205,13683,True
14206,848,True
14207,14043,True
14208,869,True
14209,13292,True
14210,10851,True
14211,1282,True
14212,10750,True
14213,27336,True
14214,11992,True
14215,31929,True
14216,32160,True
14217,31428,True
14218,10153,True
14219,93936,True
14220,930,True
14221,29071,True
14222,1531,True
14223,21801,True
14224,40810,True
14226,89168,True
14227,62292,True
14228,1557,True
14229,78598,True
14230,13483,True
14231,41754,True
14232,23368,True
14233,21789,True
14234,1834,True
14235,2903,True
14236,17226,True
14240,775,True
14248,28744,True
14250,21789,True
14251,17324,True
14252,22457,True
14253,28744,True
14274,6443,True
14276,5177,True
14277,5159,True
14278,6443,True
14279,6443,True
14280,11929,True
14281,839,True
14282,10152,True
14284,883,True
14285,16140,True
14286,32630,True
14287,37933,True
14288,30620,True
14289,51284,True
14290,727,True
14291,25273,True
14292,4557,True
14293,8027,True
14294,8891,True
14295,9303,True
14296,19671,True
14297,8945,True
14298,7433,True
14299,13933,True
14300,8717,True
14301,10654,True
14302,19671,True
14303,13933,True
14304,4562,True
14305,43931,True
14306,16954,True
14307,11172,True
14308,43931,True
14309,71309,True
14310,35846,True
14311,11531,True
14312,35846,True
14313,59357,True
14314,14732,True
14315,9015,True
14316,20352,True
14317,423,True
14318,13976,True
14319,950,True
14320,28009,True
14321,29465,True
14322,1097,True
14323,40874,True
14324,29710,True
14325,40874,True
14326,24109,True
14327,30035,True
14328,11162,True
14329,21459,True
14330,6667,True
14331,21459,True
14332,20247,True
14333,12590,True
14334,3811,True
14335,7632,True
14336,15307,True
14337,5063,True
14338,6120,True
14339,6345,True
14340,12758,True
14341,10528,True
14342,2545,True
14343,7025,True
14344,7040,True
14345,7595,True
14346,21161,True
14347,10528,True
14348,4092,True
14349,52298,True
14350,43272,True
14351,109721,True
14352,31516,True
14353,769,True
14354,15468,True
14355,20084,True
14360,5857,True
14361,8615,True
14362,8483,True
14363,8756,True
14364,6047,True
14365,10874,True
14366,8483,True
14367,10874,True
14368,5596,True
14369,8253,True
14370,11116,True
14371,5218,True
14372,8253,True
14373,5596,True
14374,10693,True
14375,7767,True
14376,14052,True
14377,6119,True
14378,6285,True
14379,7668,True
14380,14213,True
14381,14052,True
14382,7566,True
14383,6506,True
14384,14334,True
14385,14213,True
14386,6575,True
14387,7463,True
14388,14129,True
14389,14334,True
14390,6610,True
14391,14129,True
14392,21269,True
14393,17895,True
14394,2069,True
14395,28005,True
14396,17686,True
14397,16864,True
14398,19919,True
14399,16864,True
14400,22600,True
14401,11260,True
14402,9705,True
14403,12976,True
14404,12596,True
14405,9705,True
14406,13263,True
14407,12344,True
14408,15215,True
14409,19199,True
14410,9513,True
14411,23255,True
14412,19788,True
14413,23255,True
14414,12876,True
14415,679,True
14416,15261,True
14417,12401,True
14418,25158,True
14419,17642,True
14420,11535,True
14421,17755,True
14422,19849,True
14423,3317,True
14424,4300,True
14425,19849,True
14426,34725,True
14427,933,True
14428,108230,True
14429,33650,True
14430,33305,True
14431,19414,True
14432,30620,True
14433,14966,True
14434,32517,True
14435,14377,True
14436,32517,True
14437,3931,True
14438,10338,True
14439,10338,True
14440,3144,True
14441,16209,True
14442,7848,True
14443,16480,True
14444,2705,True
14445,11282,True
14446,7848,True
14447,26535,True
14448,11282,True
14449,6749,True
14450,10090,True
14451,2905,True
14452,22249,True
14453,22249,True
14454,5207,True
14455,5037,True
14456,14390,True
14457,5391,True
14458,5035,True
14459,14390,True
14460,10964,True
14461,21417,True
14462,6397,True
14463,10352,True
14464,22243,True
14465,21417,True
14466,6238,True
14467,13656,True
14468,12419,True
14469,6848,True
14470,5427,True
14471,13280,True
14472,13656,True
14473,7689,True
14474,10417,True
14475,21446,True
14476,21446,True
14477,7959,True
14478,9537,True
14479,11087,True
14480,9537,True
14481,8093,True
14482,9975,True
14483,22021,True
14484,9704,True
14485,22021,True
14486,15809,True
14487,10882,True
14488,17714,True
14489,17714,True
14490,14311,True
14491,18272,True
14492,15809,True
14493,16956,True
14494,16956,True
14495,9850,True
14496,26329,True
14497,24101,True
14498,661,True
14499,24101,True
14501,92412,True
14503,239882,True
14504,23445,True
14505,28135,True
14506,4374,True
14507,1654,True
14508,23445,True
14509,14003,True
14511,46451,True
14512,69255,True
14513,11922,True
14514,2190,True
14515,1205,True
14516,35641,True
14517,2325,True
14518,64424,True
14519,12977,True
14520,17667,True
14521,23668,True
14522,109721,True
14523,22235,True
14524,17667,True
14525,34877,True
14526,23668,True
14527,28851,True
14528,34877,True
14529,36494,True
14530,39154,True
14532,85289,True
14533,169016,True
14534,4374,True
14535,59062,True
14536,38779,True
14537,64909,True
14538,44212,True
14539,59062,True
14540,2408,True
14541,49063,True
14542,44212,True
14543,16516,True
14544,25389,True
14545,64909,True
14546,25389,True
14547,49063,True
14551,12206,True
14552,1033,True
14553,21699,True
14554,80013,True
14555,13255,True
14556,29267,True
14557,30989,True
14558,23961,True
14559,29267,True
14560,780,True
14561,19659,True
14562,7985,True
14563,1567,True
14564,1567,True
14565,28257,True
14566,57958,True
14567,1475,True
14568,770,True
14569,9058,True
14570,14368,True
14571,1253,True
14572,19642,True
14573,7947,True
14574,1253,True
14575,41588,True
14576,7947,True
14577,14277,True
14578,6926,True
14579,5747,True
14580,14277,True
14581,14252,True
14582,6926,True
14583,6381,True
14585,23762,True
14586,4954,True
14587,11128,True
14588,8122,True
14589,4189,True
14590,5095,True
14591,13850,True
14592,11128,True
14593,8245,True
14594,23762,True
14595,3148,True
14596,6460,True
14598,13785,True
14599,8245,True
14601,13850,True
14602,8122,True
14603,10951,True
14605,11752,True
14606,5747,True
14607,8039,True
14609,11752,True
14610,6381,True
14611,3148,True
14617,6460,True
14618,4189,True
14619,19226,True
14620,4899,True
14621,8039,True
14624,8180,True
14625,19226,True
14627,8381,True
14629,4727,True
14632,11180,True
14633,9139,True
14634,12525,True
14635,6823,True
14636,5973,True
14637,12611,True
14638,5973,True
14639,14641,True
14640,6692,True
14641,12168,True
14642,9500,True
14643,10340,True
14644,6846,True
14645,12168,True
14646,12520,True
14647,933,True
14648,6823,True
14649,10340,True
14650,11427,True
14651,12508,True
14652,8083,True
14653,9500,True
14654,12054,True
14655,12508,True
14656,6399,True
14657,12054,True
14658,14117,True
14659,17025,True
14660,6399,True
14661,19331,True
14662,29220,True
14663,9214,True
14664,22194,True
14665,17608,True
14666,29220,True
14667,17049,True
14668,13790,True
14669,13744,True
14670,15813,True
14671,17049,True
14672,980,True
14673,17309,True
14674,416,True
14675,10217,True
14676,10646,True
14677,975,True
14678,21116,True
14679,10656,True
14680,11932,True
14681,13999,True
14682,21246,True
14683,10662,True
14684,11932,True
14685,13067,True
14686,31442,True
14687,33246,True
14688,8148,True
14689,11737,True
14690,17056,True
14691,9938,True
14692,12560,True
14693,18261,True
14694,12633,True
14695,4580,True
14696,20776,True
14697,21512,True
14698,21512,True
14699,2086,True
14700,15582,True
14701,18261,True
14702,8801,True
14703,12421,True
14704,37056,True
14705,17331,True
14706,37056,True
14707,22474,True
14708,18330,True
14709,12421,True
14710,18330,True
14711,2086,True
14712,8801,True
14713,36993,True
14714,15582,True
14715,36993,True
14716,9535,True
14717,21364,True
14718,13237,True
14719,19149,True
14720,18178,True
14721,6939,True
14722,13523,True
14723,19149,True
14724,31588,True
14725,8753,True
14726,6939,True
14727,21631,True
14728,20634,True
14729,9008,True
14730,9008,True
14731,13237,True
14732,13523,True
14733,15676,True
14734,3804,True
14735,16362,True
14736,16362,True
14737,32499,True
14738,16601,True
14739,6942,True
14740,32499,True
14741,26704,True
14742,21936,True
14743,16601,True
14744,15663,True
14745,10731,True
14746,8959,True
14747,6454,True
14748,8525,True
14749,7996,True
14750,8959,True
14751,8580,True
14752,11781,True
14753,7950,True
14754,7996,True
14755,11781,True
14756,11269,True
14757,6712,True
14758,11225,True
14759,15712,True
14760,10756,True
14761,10565,True
14762,10795,True
14763,15663,True
14764,15570,True
14765,10756,True
14766,15661,True
14767,15570,True
14768,11379,True
14769,3636,True
14770,10795,True
14771,13602,True
14772,7747,True
14773,7747,True
14774,3032,True
14775,3788,True
14776,6712,True
14777,8525,True
14778,8877,True
14779,3608,True
14780,8877,True
14781,8580,True
14782,11225,True
14783,3608,True
14784,5366,True
14785,7872,True
14786,6454,True
14787,5253,True
14788,7872,True
14789,2207,True
14790,24217,True
14791,19043,True
14792,19043,True
14793,16456,True
14794,6034,True
14795,7513,True
14796,17292,True
14797,7177,True
14798,17292,True
14799,7094,True
14800,26336,True
14801,6971,True
14802,13142,True
14803,6724,True
14804,6649,True
14805,14373,True
14806,13142,True
14807,6844,True
14808,1123,True
14809,14373,True
14810,5442,True
14811,16119,True
14812,13782,True
14813,7625,True
14814,13260,True
14815,6649,True
14816,8126,True
14817,14378,True
14818,13260,True
14819,8017,True
14820,6844,True
14821,14378,True
14822,15991,True
14823,11189,True
14824,12430,True
14825,15433,True
14826,12430,True
14827,23135,True
14828,16581,True
14829,14779,True
14830,8157,True
14831,13900,True
14832,14570,True
14833,4194,True
14834,13900,True
14835,7114,True
14836,8728,True
14837,20259,True
14838,8730,True
14839,7348,True
14840,20259,True
14841,20839,True
14842,7868,True
14843,16653,True
14844,12862,True
14845,4597,True
14846,27339,True
14847,4300,True
14848,11535,True
14849,4146,True
14850,3317,True
14851,3940,True
14852,17755,True
14853,6888,True
14854,10134,True
14855,4022,True
14856,3549,True
14857,4006,True
14858,4022,True
14859,6828,True
14860,3677,True
14861,9206,True
14862,11658,True
14863,8973,True
14864,4597,True
14865,3677,True
14866,4146,True
14867,6888,True
14868,3799,True
14869,3737,True
14870,3940,True
14871,3623,True
14872,8004,True
14873,2102,True
14874,2044,True
14875,4624,True
14876,17625,True
14877,4624,True
14878,4198,True
14879,4006,True
14880,3288,True
14881,2102,True
14882,3288,True
14883,11466,True
14884,1912,True
14885,4198,True
14886,3440,True
14887,2044,True
14888,3440,True
14889,11658,True
14890,10134,True
14891,8973,True
14892,3844,True
14893,9206,True
14894,1912,True
14895,3844,True
14896,3623,True
14897,3799,True
14898,6989,True
14899,3549,True
14900,6989,True
14901,8004,True
14902,3737,True
14903,6828,True
14904,11466,True
14905,10123,True
14906,5243,True
14907,22173,True
14908,9159,True
14909,5243,True
14910,9052,True
14911,5738,True
14912,20259,True
14913,16478,True
14914,7807,True
14915,16170,True
14916,16478,True
14917,9052,True
14918,7807,True
14919,21704,True
14920,10076,True
14921,25101,True
14922,1780,True
14923,9744,True
14924,1661,True
14925,1661,True
14926,21704,True
14927,1661,True
14928,9704,True
14929,25101,True
14930,25712,True
14931,6665,True
14932,6665,True
14933,9159,True
14934,32657,True
14935,32657,True
14936,32657,True
14937,32657,True
14938,5738,True
14939,5977,True
14940,28963,True
14941,4664,True
14942,935,True
14944,21135,True
14945,5194,True
14946,19198,True
14947,12083,True
14948,935,True
14949,8644,True
14950,9721,True
14951,5965,True
14952,5977,True
14953,4719,True
14954,27971,True
14955,4040,True
14956,5194,True
14957,2889,True
14958,6982,True
14959,4040,True
14960,6440,True
14961,13760,True
14962,21732,True
14963,13760,True
14964,21932,True
14965,2412,True
14966,4270,True
14967,4744,True
14968,1482,True
14969,4270,True
14970,15187,True
14971,7712,True
14972,5965,True
14975,15544,True
14977,3049,True
14979,15544,True
14980,3215,True
14981,3215,True
14983,4043,True
14984,4744,True
14985,3215,True
14987,4043,True
14988,13000,True
14989,13000,True
14990,4719,True
14991,13000,True
14992,13000,True
14993,8644,True
14994,7712,True
14997,12083,True
14998,3875,True
14999,9721,True
15000,3875,True
15001,8279,True
15002,8279,True
15003,3847,True
15004,8279,True
15005,8279,True
15006,3847,True
15007,0,True
15009,1577,True
15010,4664,True
15011,13591,True
15012,16112,True
15013,8827,True
15014,13591,True
15015,21732,True
15016,6982,True
15017,8827,True
15021,7267,True
15022,1482,True
15027,6440,True
15028,2016,True
15029,16112,True
15030,8846,True
15031,4487,True
15032,2889,True
15033,4487,True
15034,0,True
15035,0,True
15036,8846,True
15037,1577,True
15038,2511,True
15039,2511,True
15041,0,True
15042,2016,True
15043,7267,True
15044,14779,True
15045,14779,True
15046,35395,True
15047,14769,True
15048,8203,True
15049,14769,True
15050,22802,True
15051,8203,True
15052,2412,True
15053,15548,True
15054,9886,True
15055,2455,True
15056,7952,True
15057,21427,True
15058,18034,True
15059,12754,True
15060,21427,True
15061,20933,True
15062,24757,True
15063,12754,True
15064,7952,True
15065,9886,True
15066,20933,True
15067,12360,True
15068,18034,True
15069,14117,True
15070,22802,True
15071,27481,True
15072,26620,True
15073,37124,True
15074,37124,True
15075,5625,True
15076,22536,True
15077,10480,True
15078,3566,True
15079,6073,True
15080,22880,True
15081,3566,True
15082,22536,True
15083,22880,True
15084,22673,True
15085,25934,True
15086,12354,True
15087,25934,True
15088,5997,True
15089,2754,True
15090,2754,True
15091,52619,True
15092,36204,True
15093,4209,True
15094,4209,True
15095,6572,True
15096,6572,True
15097,5027,True
15098,6572,True
15099,6572,True
15100,5027,True
15101,1434,True
15102,5923,True
15103,2284,True
15104,3563,True
15105,49129,True
15106,1964,True
15107,38470,True
15108,1820,True
15109,3494,True
15110,1727,True
15111,20520,True
15112,28524,True
15113,37286,True
15114,25029,True
15115,1810,True
15116,2415,True
15124,9790,True
15125,14408,True
15126,11620,True
15130,9861,True
15131,33246,True
15133,16587,True
15135,14497,True
15136,10844,True
15137,14854,True
15138,4581,True
15139,7758,True
15140,10264,True
15144,5529,True
15145,10930,True
15146,12310,True
15147,5104,True
15148,4580,True
15149,1166,True
15150,1166,True
15151,5564,True
15152,1132,True
15153,6355,True
15154,4587,True
15155,1132,True
15156,4896,True
15157,1056,True
15158,1056,True
15159,4814,True
15160,5860,True
15161,1030,True
15162,4904,True
15163,1030,True
15164,6944,True
15165,1527,True
15166,8780,True
15167,20291,True
15168,672,True
15169,7729,True
15170,4507,True
15171,1204,True
15177,29726,True
15178,11375,True
15179,11620,True
15180,29726,True
15182,4326,True
15183,10264,True
15184,12644,True
15185,4326,True
15186,4515,True
15187,15194,True
15188,13965,True
15189,4413,True
15190,38,True
15191,13965,True
15192,38,True
15193,19119,True
15194,33725,True
15195,16364,True
15196,16447,True
15197,8759,True
15198,16447,True
15199,9847,True
15200,13027,True
15201,13027,True
15202,6882,True
15203,17104,True
15204,13710,True
15205,11084,True
15206,6819,True
15207,13710,True
15208,933,True
15209,21212,True
15210,1072,True
15211,13984,True
15212,21247,True
15213,15305,True
15214,1134,True
15215,14099,True
15216,21299,True
15217,16472,True
15218,1288,True
15219,15294,True
15220,21405,True
15221,14851,True
15222,1291,True
15223,13990,True
15224,15272,True
15225,19897,True
15226,1189,True
15227,14861,True
15228,13755,True
15229,3053,True
15230,15114,True
15231,11772,True
15232,15116,True
15233,9839,True
15234,11655,True
15235,7378,True
15236,9839,True
15237,15582,True
15238,11412,True
15239,2510,True
15240,7378,True
15241,12028,True
15242,13830,True
15243,15546,True
15244,9065,True
15245,15546,True
15246,1133,True
15247,8676,True
15248,19704,True
15249,12615,True
15250,5869,True
15251,1496,True
15252,1323,True
15253,7048,True
15254,14629,True
15255,5430,True
15256,17140,True
15257,6736,True
15258,1841,True
15259,4389,True
15260,14982,True
15261,5475,True
15262,1990,True
15263,12680,True
15264,4747,True
15265,2295,True
15266,12702,True
15267,5718,True
15268,2738,True
15269,2911,True
15270,2738,True
15271,26744,True
15272,5532,True
15273,1841,True
15274,26540,True
15275,16099,True
15276,14298,True
15277,29207,True
15278,9551,True
15279,753,True
15280,5225,True
15281,1495,True
15282,1015,True
15283,6026,True
15284,949,True
15285,5230,True
15286,6207,True
15287,1167,True
15288,16425,True
15289,9753,True
15290,1619,True
15291,14759,True
15292,38371,True
15293,1777,True
15294,1420,True
15295,30683,True
15296,4637,True
15297,6532,True
15298,3421,True
15299,1182,True
15300,23791,True
15301,970,True
15302,17613,True
15303,10004,True
15304,8135,True
15305,1676,True
15306,20486,True
15307,14788,True
15308,21061,True
15309,1824,True
15310,10259,True
15311,1299,True
15312,10523,True
15313,16718,True
15314,9784,True
15315,1239,True
15316,17969,True
15317,5011,True
15318,30483,True
15319,17013,True
15320,7995,True
15321,51747,True
15322,13028,True
15323,22750,True
15324,7216,True
15325,26786,True
15326,15114,True
15327,18143,True
15328,16709,True
15329,23876,True
15330,7655,True
15331,6238,True
15332,13597,True
15333,10340,True
15334,9041,True
15335,9380,True
15336,12257,True
15337,10364,True
15338,11279,True
15339,12212,True
15340,7431,True
15341,11279,True
15342,12440,True
15343,7294,True
15344,12440,True
15345,12795,True
15346,16362,True
15347,14270,True
15348,13006,True
15349,16362,True
15350,12105,True
15351,15136,True
15352,16824,True
15353,11927,True
15354,10558,True
15355,16824,True
15356,21935,True
15357,14450,True
15358,14450,True
15359,18143,True
15360,26786,True
15361,13242,True
15362,17790,True
15363,82328,True
15364,17790,True
15365,13097,True
15366,13074,True
15367,17011,True
15368,13556,True
15369,13097,True
15370,13242,True
15371,36673,True
15372,13855,True
15373,36673,True
15374,10133,True
15375,13074,True
15376,17744,True
15377,13424,True
15378,17744,True
15379,10133,True
15380,17567,True
15381,13556,True
15382,10265,True
15383,17567,True
15384,7333,True
15385,3808,True
15386,71217,True
15387,115110,True
15388,38909,True
15389,25820,True
15390,33631,True
15391,7280,True
15392,7280,True
15393,1565,True
15394,27062,True
15395,27713,True
15396,30866,True
15397,8780,True
15398,1762,True
15399,14550,True
15400,7645,True
15401,804,True
15402,13246,True
15403,7645,True
15404,2035,True
15405,28876,True
15406,56408,True
15407,13319,True
15408,25626,True
15409,26636,True
15410,29195,True
15411,65192,True
15412,12844,True
15413,5088,True
15414,25132,True
15415,9993,True
15416,28977,True
15417,13331,True
15418,21968,True
15419,20685,True
15420,13766,True
15427,3082,True
15428,9647,True
15432,1534,True
15433,7541,True
15434,5641,True
15435,16613,True
15436,10632,True
15437,1858,True
15438,1439,True
15439,17775,True
15440,20368,True
15441,11545,True
15442,17775,True
15443,5257,True
15444,14372,True
15445,19902,True
15446,7244,True
15447,14660,True
15448,19902,True
15449,13582,True
15450,19383,True
15451,7878,True
15452,7419,True
15453,13464,True
15454,11301,True
15455,19383,True
15456,8092,True
15457,16072,True
15458,16072,True
15459,1070,True
15460,9999,True
15461,5257,True
15462,31518,True
15464,20963,True
15465,47355,True
15466,17643,True
15470,1070,True
15472,10390,True
15473,7244,True
15474,13582,True
15475,7579,True
15477,2705,True
15478,13464,True
15479,2705,True
15481,4660,True
15483,7579,True
15484,13588,True
15487,7878,True
15488,13588,True
15489,4848,True
15491,33560,True
15492,4903,True
15493,2512,True
15495,20495,True
15501,805,True
15511,1199,True
15512,1967,True
15513,1440,True
15514,21905,True
15515,1141,True
15516,1651,True
15517,25374,True
15518,8190,True
15519,1692,True
15520,61488,True
15521,1948,True
15522,1477,True
15523,2006,True
15524,1399,True
15525,1135,True
15526,1670,True
15527,48150,True
15529,15215,True
15530,21787,True
15531,21787,True
15532,5805,True
15533,6906,True
15534,562,True
15539,6906,True
15540,6946,True
15544,4806,True
15545,2213,True
15546,7179,True
15549,8469,True
15551,9116,True
15553,4426,True
15555,27481,True
15556,7105,True
15557,5102,True
15559,1779,True
15560,7175,True
15561,8385,True
15562,7418,True
15563,14599,True
15564,6129,True
15565,12177,True
15566,4925,True
15567,7418,True
15568,6167,True
15569,13929,True
15570,5261,True
15571,6167,True
15574,7351,True
15576,10747,True
15577,7175,True
15578,6002,True
15579,13903,True
15580,22638,True
15581,2589,True
15582,13903,True
15583,14599,True
15584,10747,True
15585,13911,True
15586,8216,True
15587,15411,True
15588,13911,True
15589,1412,True
15590,5779,True
15591,10384,True
15592,9284,True
15593,9565,True
15594,10120,True
15595,1333,True
15596,7743,True
15598,3427,True
15599,4190,True
15600,5173,True
15601,8690,True
15602,1420,True
15603,6121,True
15604,3319,True
15605,9565,True
15606,5779,True
15607,4190,True
15608,2606,True
15609,6287,True
15610,7431,True
15611,16036,True
15612,9114,True
15613,9114,True
15614,7431,True
15615,10479,True
15616,1420,True
15617,8690,True
15618,10479,True
15619,12632,True
15620,29606,True
15621,11331,True
15622,7714,True
15623,7714,True
15624,4711,True
15625,6897,True
15626,3656,True
15627,9088,True
15628,5146,True
15629,10120,True
15630,12277,True
15631,15645,True
15632,6994,True
15633,10384,True
15634,15645,True
15636,3034,True
15637,4364,True
15638,5102,True
15639,4364,True
15640,3034,True
15641,3232,True
15642,3857,True
15643,3857,True
15644,8144,True
15645,8385,True
15646,1779,True
15647,8144,True
15652,8895,True
15655,5960,True
15671,1056,True
15672,22582,True
15673,1067,True
15674,18282,True
15675,18182,True
15676,756,True
15677,13453,True
15678,1416,True
15679,995,True
15680,41365,True
15681,12060,True
15682,3188,True
15683,12310,True
15684,5739,True
15685,12764,True
15686,960,True
15687,6967,True
15688,13345,True
15689,977,True
15690,6676,True
15691,13972,True
15692,990,True
15693,6237,True
15694,14599,True
15695,1007,True
15696,672,True
15697,16532,True
15698,1040,True
15699,12161,True
15700,12751,True
15701,997,True
15702,37532,True
15703,2356,True
15705,11204,True
15706,24788,True
15707,6170,True
15708,1102,True
15709,784,True
15710,25721,True
15711,7766,True
15712,902,True
15713,9298,True
15714,843,True
15715,18753,True
15716,16918,True
15717,21819,True
15718,52058,True
15719,31789,True
15720,4949,True
15721,11128,True
15722,14332,True
15723,2974,True
15724,11288,True
15725,14332,True
15726,14014,True
15727,9646,True
15728,4523,True
15729,13433,True
15730,9779,True
15731,9841,True
15732,9841,True
15733,4523,True
15734,13956,True
15735,25033,True
15736,16726,True
15737,6846,True
15738,16726,True
15739,16498,True
15740,4360,True
15741,17212,True
15742,6681,True
15743,19572,True
15744,4360,True
15745,17522,True
15746,19572,True
15747,6681,True
15748,14508,True
15749,19661,True
15750,6627,True
15751,19661,True
15752,13446,True
15753,4749,True
15754,6829,True
15755,13307,True
15756,22931,True
15757,4749,True
15758,22931,True
15759,6829,True
15760,22712,True
15761,3742,True
15762,7975,True
15763,22712,True
15764,16859,True
15765,7140,True
15766,7140,True
15767,10529,True
15768,25858,True
15769,11175,True
15770,37007,True
15771,37007,True
15772,1065,True
15773,7356,True
15774,7356,True
15775,6953,True
15776,12307,True
15777,6953,True
15778,7932,True
15779,861,True
15780,6859,True
15781,36200,True
15782,525,True
15783,14298,True
15784,861,True
15785,17928,True
15786,20072,True
15787,19850,True
15788,20072,True
15789,11927,True
15790,19089,True
15791,7868,True
15792,53048,True
15793,16653,True
15794,37425,True
15795,46549,True
15796,21819,True
15797,2545,True
15798,12758,True
15799,6450,True
15800,13535,True
15801,10523,True
15802,4112,True
15803,5398,True
15804,9631,True
15805,1912,True
15806,14232,True
15807,15587,True
15808,18452,True
15809,15756,True
15810,8826,True
15811,17006,True
15812,15756,True
15813,1123,True
15814,5597,True
15815,13782,True
15816,351,True
15817,5442,True
15818,13680,True
15819,1569,True
15820,46293,True
15821,1583,True
15822,25788,True
15823,7853,True
15824,16208,True
15825,29797,True
15826,15319,True
15827,109505,True
15828,15329,True
15829,1480,True
15830,17987,True
15831,7260,True
15832,47407,True
15833,3904,True
15834,12456,True
15835,14570,True
15836,30916,True
15837,21046,True
15838,6519,True
15839,15216,True
15840,18863,True
15841,6577,True
15842,13229,True
15843,3939,True
15844,7494,True
15845,1196,True
15846,11480,True
15847,24714,True
15848,1403,True
15849,18217,True
15850,16929,True
15851,1052,True
15852,19799,True
15853,1177,True
15854,866,True
15855,18464,True
15856,28845,True
15857,12125,True
15858,9207,True
15859,959,True
15860,4361,True
15861,15573,True
15862,17378,True
15863,13056,True
15864,7299,True
15865,27545,True
15866,13946,True
15867,8933,True
15868,12751,True
15869,17283,True
15870,12559,True
15871,25797,True
15872,29485,True
15873,13879,True
15874,7953,True
15875,11006,True
15876,10875,True
15877,10618,True
15878,19058,True
15879,10875,True
15880,10850,True
15881,17648,True
15882,18652,True
15883,18675,True
15884,5913,True
15885,1833,True
15886,22704,True
15887,10788,True
15888,14208,True
15889,30499,True
15890,10994,True
15891,25137,True
15892,14208,True
15893,27801,True
15894,13688,True
15895,13929,True
15896,8516,True
15897,9914,True
15898,13722,True
15899,8772,True
15900,8516,True
15901,13801,True
15902,12684,True
15903,14528,True
15904,10941,True
15905,15833,True
15906,10344,True
15907,10941,True
15908,12653,True
15909,8404,True
15910,10344,True
15911,12648,True
15912,14958,True
15913,14008,True
15914,730,True
15915,7462,True
15916,13079,True
15917,1052,True
15918,11049,True
15919,869,True
15920,13700,True
15921,11094,True
15922,1052,True
15923,13689,True
15924,10687,True
15925,171847,True
15926,552,True
15927,30570,True
15928,43586,True
15929,33521,True
15930,26704,True
15931,41554,True
15932,2823,True
15933,16542,True
15934,29663,True
15935,2823,True
15936,32886,True
15937,29268,True
15938,9271,True
15939,28863,True
15940,14144,True
15941,16873,True
15942,2956,True
15943,41513,True
15944,107239,True
15945,34515,True
15946,59357,True
15947,55940,True
15948,2956,True
15949,16873,True
15950,893,True
15951,5453,True
15952,908,True
15953,15646,True
15954,12617,True
15955,686,True
15956,26211,True
15957,2157,True
15958,1873,True
15959,1268,True
15960,1499,True
15961,3775,True
15962,952,True
15963,740,True
15964,17796,True
15965,12584,True
15966,989,True
15967,4203,True
15968,1327,True
15969,32224,True
15970,914,True
15971,25155,True
15972,12616,True
15973,965,True
15974,756,True
15975,12585,True
15976,18450,True
15977,570,True
15978,12004,True
15979,12862,True
15980,18446,True
15981,17325,True
15982,686,True
15983,13998,True
15984,16119,True
15985,959,True
15986,13711,True
15987,14541,True
15988,730,True
15989,8404,True
15990,12896,True
15991,10774,True
15992,777,True
15993,14942,True
15994,10698,True
15995,695,True
15996,13080,True
15997,850,True
15998,13117,True
15999,13448,True
16000,1032,True
16001,7525,True
16002,21220,True
16003,1255,True
16004,1094,True
16005,18296,True
16006,8512,True
16007,1033,True
16008,1138,True
16009,8349,True
16010,10000,True
16011,1126,True
16012,9939,True
16013,8469,True
16014,11086,True
16015,909,True
16016,14274,True
16017,8731,True
16018,11561,True
16019,977,True
16020,25137,True
16021,964,True
16022,25806,True
16023,811,True
16024,5112,True
16025,855,True
16026,21443,True
16027,15284,True
16028,1279,True
16029,15902,True
16030,29280,True
16031,6403,True
16032,5622,True
16033,6403,True
16034,1140,True
16035,23992,True
16036,18356,True
16037,1161,True
16038,13645,True
16039,9925,True
16040,21873,True
16041,9904,True
16042,25902,True
16043,103400,True
16044,1290,True
16045,10242,True
16046,19153,True
16047,12282,True
16048,1320,True
16049,18839,True
16050,4969,True
16051,7329,True
16052,20925,True
16053,5721,True
16054,4969,True
16055,18984,True
16056,877,True
16057,27029,True
16058,1364,True
16059,55719,True
16060,1349,True
16061,13985,True
16062,17612,True
16063,17022,True
16064,1349,True
16065,23894,True
16066,22092,True
16067,18967,True
16068,16330,True
16069,17306,True
16070,51726,True
16071,1160,True
16072,4614,True
16073,1292,True
16074,25195,True
16075,13351,True
16076,19945,True
16077,19112,True
16078,17058,True
16079,23508,True
16080,8324,True
16081,24481,True
16082,8038,True
16083,16016,True
16084,891,True
16085,1777,True
16086,1193,True
16087,21738,True
16088,13611,True
16089,22087,True
16090,18121,True
16091,2941,True
16092,20551,True
16093,8962,True
16094,588,True
16095,53419,True
16096,807,True
16097,460,True
16098,11626,True
16099,1147,True
16100,16063,True
16101,1201,True
16102,11489,True
16103,7311,True
16104,1029,True
16105,35282,True
16106,1233,True
16107,10266,True
16108,5820,True
16109,30984,True
16110,30153,True
16111,928,True
16112,14213,True
16113,16170,True
16114,1060,True
16115,8250,True
16116,15313,True
16117,1172,True
16118,11118,True
16119,22195,True
16120,1143,True
16121,22243,True
16122,6395,True
16123,707,True
16124,26877,True
16125,22167,True
16126,1716,True
16127,2764,True
16128,774,True
16129,8331,True
16130,9783,True
16131,742,True
16132,21928,True
16133,7302,True
16134,978,True
16135,47081,True
16136,5781,True
16137,6000,True
16138,857,True
16139,13405,True
16140,13280,True
16141,5406,True
16142,13525,True
16143,902,True
16144,6867,True
16145,13600,True
16146,843,True
16147,7780,True
16148,1033,True
16149,9280,True
16150,13684,True
16151,1635,True
16152,13667,True
16153,1010,True
16154,10958,True
16155,972,True
16156,10731,True
16157,13682,True
16158,11548,True
16159,7008,True
16160,3112,True
16161,9913,True
16162,790,True
16163,8294,True
16164,3430,True
16165,2452,True
16166,19777,True
16167,1307,True
16168,18813,True
16169,1030,True
16170,17324,True
16171,1085,True
16172,16386,True
16173,1076,True
16174,42470,True
16175,21401,True
16176,17104,True
16177,12646,True
16178,2096,True
16179,7834,True
16180,10805,True
16181,50651,True
16182,1170,True
16183,19320,True
16184,1219,True
16185,15455,True
16186,19521,True
16187,17010,True
16188,1523,True
16189,2334,True
16190,17722,True
16191,5016,True
16192,6509,True
16193,1367,True
16194,25658,True
16195,64083,True
16196,7300,True
16197,3799,True
16198,1173,True
16199,23304,True
16200,38137,True
16201,1155,True
16202,19051,True
16203,17237,True
16204,20542,True
16205,26203,True
16206,4860,True
16207,14817,True
16208,1155,True
16209,38491,True
16210,23242,True
16211,484,True
16212,10425,True
16213,3995,True
16214,18719,True
16215,1334,True
16216,18112,True
16217,1382,True
16218,1153,True
16219,14551,True
16220,5134,True
16221,722,True
16222,8712,True
16223,15961,True
16224,1591,True
16225,8995,True
16226,20173,True
16227,28786,True
16228,35748,True
16229,13174,True
16230,6051,True
16231,5675,True
16232,7955,True
16233,1795,True
16234,9876,True
16235,1069,True
16236,20997,True
16237,19129,True
16238,3354,True
16239,5692,True
16240,5036,True
16241,5860,True
16242,3538,True
16243,12828,True
16244,973,True
16245,2939,True
16246,7788,True
16247,30609,True
16248,3928,True
16249,13368,True
16250,13435,True
16251,9275,True
16252,3538,True
16253,18861,True
16254,4114,True
16255,13734,True
16256,1487,True
16257,3148,True
16258,2867,True
16259,18292,True
16260,1405,True
16261,4422,True
16262,7355,True
16263,26447,True
16264,1043,True
16265,14257,True
16266,13473,True
16267,19060,True
16268,852,True
16269,12726,True
16270,15261,True
16271,679,True
16272,26078,True
16273,15024,True
16274,12513,True
16275,1097,True
16276,6200,True
16277,2971,True
16278,11079,True
16279,831,True
16280,9988,True
16281,855,True
16282,14977,True
16283,14773,True
16284,888,True
16285,963,True
16286,14417,True
16287,18940,True
16288,14792,True
16289,518,True
16290,14168,True
16291,16629,True
16292,18958,True
16293,6267,True
16294,6252,True
16295,7805,True
16296,6765,True
16297,12333,True
16298,13709,True
16299,83086,True
16300,13088,True
16301,1188,True
16302,6878,True
16303,3775,True
16304,10002,True
16305,13779,True
16306,60996,True
16307,58910,True
16308,7460,True
16309,110506,True
16310,5875,True
16311,5366,True
16312,24058,True
16313,13929,True
16314,18409,True
16315,9015,True
16316,11891,True
16317,6236,True
16318,4951,True
16319,6462,True
16320,11491,True
16321,36031,True
16322,1688,True
16323,4536,True
16324,6053,True
16325,3978,True
16326,4728,True
16327,15661,True
16328,26810,True
16329,5253,True
16330,3636,True
16331,7844,True
16332,5366,True
16333,3788,True
16334,7844,True
16335,9559,True
16336,739,True
16337,6949,True
16338,14304,True
16339,1460,True
16340,760,True
16341,13488,True
16342,770,True
16343,30625,True
16344,19642,True
16345,1026,True
16346,17073,True
16347,1045,True
16348,889,True
16349,574,True
16350,1140,True
16351,7704,True
16352,19125,True
16353,1208,True
16354,6670,True
16355,2839,True
16356,25703,True
16357,431,True
16358,32660,True
16359,1139,True
16360,30815,True
16361,11223,True
16362,14713,True
16363,6396,True
16364,7663,True
16365,8085,True
16366,10600,True
16367,13630,True
16368,11583,True
16369,7564,True
16370,20947,True
16371,16440,True
16372,13630,True
16373,7016,True
16374,17988,True
16375,7187,True
16376,484,True
16377,300,True
16378,13761,True
16379,13872,True
16380,10160,True
16381,13299,True
16382,3293,True
16383,7370,True
16384,9007,True
16385,17371,True
16386,9708,True
16387,1447,True
16388,4660,True
16389,12060,True
16390,12310,True
16391,5994,True
16392,1696,True
16393,12764,True
16394,6689,True
16395,1168,True
16396,19080,True
16397,18579,True
16398,1733,True
16399,13345,True
16400,6636,True
16401,1599,True
16402,13972,True
16403,6713,True
16404,1580,True
16405,14599,True
16406,19952,True
16407,1094,True
16408,19615,True
16409,19962,True
16410,18182,True
16411,19974,True
16412,1340,True
16413,1762,True
16414,8775,True
16415,1744,True
16416,20492,True
16417,9990,True
16418,1925,True
16419,14090,True
16420,12798,True
16421,27870,True
16422,18453,True
16423,679,True
16424,11719,True
16425,49561,True
16426,1175,True
16427,13337,True
16428,953,True
16429,9613,True
16430,48120,True
16431,30481,True
16432,951,True
16433,7214,True
16434,41115,True
16435,1137,True
16436,870,True
16437,30364,True
16438,10114,True
16439,17256,True
16440,821,True
16441,10951,True
16442,1019,True
16443,27548,True
16444,4951,True
16445,4426,True
16446,6644,True
16447,1200,True
16448,19894,True
16449,690,True
16450,53761,True
16451,19984,True
16452,1047,True
16453,767,True
16454,16460,True
16455,22086,True
16456,18737,True
16457,672,True
16458,18177,True
16459,938,True
16460,14177,True
16461,9341,True
16462,10437,True
16463,12727,True
16464,2577,True
16465,37899,True
16466,13706,True
16467,23553,True
16468,0,True
16469,14356,True
16470,10193,True
16471,2021,True
16472,32695,True
16473,2993,True
16474,1384,True
16475,27838,True
16476,6233,True
16477,15037,True
16478,7208,True
16479,7208,True
16480,17808,True
16481,24221,True
16482,17808,True
16483,27218,True
16484,59362,True
16485,48368,True
16486,17085,True
16487,25655,True
16488,33116,True
16489,57387,True
16490,93588,True
16491,37103,True
16492,3002,True
16493,9692,True
16494,32482,True
16495,6293,True
16496,7475,True
16497,6947,True
16498,1031,True
16499,10575,True
16500,15710,True
16501,11468,True
16502,10575,True
16503,3349,True
16504,14829,True
16505,11468,True
16506,11214,True
16507,7959,True
16508,12451,True
16509,17386,True
16510,8786,True
16511,17386,True
16512,9888,True
16513,15823,True
16514,1570,True
16515,4176,True
16516,26633,True
16517,637,True
16518,768,True
16519,45430,True
16520,922,True
16521,20524,True
16522,26724,True
16523,19542,True
16524,27083,True
16525,21610,True
16526,36589,True
16527,3039,True
16528,25526,True
16529,36142,True
16530,2503,True
16531,20718,True
16532,2516,True
16533,15228,True
16534,20762,True
16535,2516,True
16536,52853,True
16537,7970,True
16538,20022,True
16539,15228,True
16540,17950,True
16541,1833,True
16542,20229,True
16543,647,True
16544,25520,True
16545,1216,True
16546,43481,True
16547,643,True
16548,25466,True
16549,23139,True
16550,1562,True
16551,5187,True
16552,1283,True
16553,10623,True
16554,21495,True
16555,22655,True
16556,36281,True
16557,14581,True
16558,25316,True
16559,19449,True
16560,1614,True
16561,24198,True
16562,565,True
16563,4002,True
16564,1124,True
16565,1369,True
16566,1749,True
16567,17262,True
16568,29309,True
16569,864,True
16570,19449,True
16571,2817,True
16572,663,True
16573,17748,True
16574,15474,True
16575,515,True
16576,6780,True
16577,19008,True
16578,27169,True
16579,697,True
16580,26860,True
16581,1085,True
16582,22075,True
16583,882,True
16584,7445,True
16585,1423,True
16586,14532,True
16587,2122,True
16588,52921,True
16589,18219,True
16590,1537,True
16591,30603,True
16592,650,True
16593,53548,True
16594,1361,True
16595,72086,True
16596,9142,True
16597,624,True
16598,1344,True
16599,22511,True
16600,1231,True
16601,32130,True
16602,1461,True
16603,10232,True
16604,10112,True
16605,1589,True
16606,15545,True
16607,28946,True
16608,1356,True
16609,28968,True
16610,1487,True
16611,1347,True
16612,29178,True
16613,1217,True
16614,1397,True
16615,14876,True
16616,981,True
16617,399,True
16618,22031,True
16619,2289,True
16620,1455,True
16621,30444,True
16622,4390,True
16623,1451,True
16624,1241,True
16625,1239,True
16626,49081,True
16627,35954,True
16628,103063,True
16629,1823,True
16630,17382,True
16631,27048,True
16632,1403,True
16633,12992,True
16634,2199,True
16635,1308,True
16636,13743,True
16637,20157,True
16638,27563,True
16639,1144,True
16640,27603,True
16641,1252,True
16642,1289,True
16643,54853,True
16644,27936,True
16645,21631,True
16646,22301,True
16647,1621,True
16648,3282,True
16649,4574,True
16650,21364,True
16651,18474,True
16652,638,True
16653,53545,True
16654,552,True
16655,27936,True
16656,1448,True
16657,27092,True
16658,658,True
16659,2585,True
16660,633,True
16661,14109,True
16662,19580,True
16663,11312,True
16664,1245,True
16665,508,True
16666,997,True
16667,504,True
16668,54760,True
16669,1439,True
16670,924,True
16671,1239,True
16672,15697,True
16673,1420,True
16674,24366,True
16675,52863,True
16676,1267,True
16677,11687,True
16678,17608,True
16679,827,True
16680,8013,True
16681,462,True
16682,33881,True
16683,1202,True
16684,61483,True
16685,1288,True
16686,31783,True
16687,1313,True
16688,1368,True
16689,24208,True
16690,1166,True
16691,1179,True
16692,35362,True
16693,35374,True
16694,1303,True
16695,2653,True
16696,109398,True
16697,5778,True
16698,5165,True
16699,11519,True
16700,2742,True
16701,2673,True
16702,107444,True
16703,30115,True
16704,1332,True
16705,28065,True
16706,15779,True
16707,685,True
16708,30115,True
16709,5246,True
16710,2264,True
16711,52714,True
16712,2373,True
16713,7355,True
16714,11445,True
16715,7491,True
16716,13899,True
16717,29512,True
16718,30042,True
16719,30626,True
16720,1052,True
16721,12832,True
16722,1052,True
16723,3514,True
16724,28143,True
16725,28366,True
16726,647,True
16727,14867,True
16728,908,True
16729,1633,True
16730,31167,True
16731,854,True
16732,8534,True
16733,647,True
16734,44812,True
16735,4512,True
16736,12929,True
16737,817,True
16738,11943,True
16739,809,True
16740,13509,True
16741,22912,True
16742,31506,True
16743,1219,True
16744,648,True
16745,1267,True
16746,719,True
16747,32119,True
16748,37287,True
16749,3253,True
16750,41278,True
16751,1728,True
16752,32011,True
16753,13999,True
16754,975,True
16755,10611,True
16756,702,True
16757,14721,True
16758,1278,True
16759,30098,True
16760,24203,True
16761,1093,True
16762,11040,True
16763,24172,True
16764,13013,True
16765,1123,True
16766,41356,True
16767,11427,True
16768,933,True
16769,12549,True
16770,667,True
16771,11479,True
16772,11510,True
16773,11080,True
16774,838,True
16775,31504,True
16776,630,True
16777,22921,True
16778,27939,True
16779,23655,True
16780,791,True
16781,1495,True
16782,56387,True
16783,56675,True
16784,1226,True
16785,1152,True
16786,30615,True
16787,1306,True
16788,11314,True
16789,29433,True
16790,495,True
16791,1259,True
16792,29488,True
16793,16235,True
16794,1255,True
16795,35557,True
16796,29489,True
16797,1486,True
16798,1417,True
16799,26907,True
16800,1342,True
16801,17039,True
16802,1428,True
16803,17615,True
16804,22270,True
16805,1939,True
16806,1214,True
16807,12364,True
16808,50381,True
16809,1169,True
16810,1338,True
16811,30966,True
16812,1436,True
16813,56014,True
16814,725,True
16815,36596,True
16816,1434,True
16817,878,True
16818,51714,True
16819,3615,True
16820,1465,True
16821,135271,True
16822,1105,True
16823,15848,True
16824,10985,True
16825,52137,True
16826,2141,True
16827,2929,True
16828,3399,True
16829,61032,True
16830,1140,True
16831,38331,True
16832,1449,True
16833,26061,True
16834,1143,True
16835,22116,True
16836,26217,True
16837,18416,True
16838,1426,True
16839,16896,True
16840,19708,True
16841,2146,True
16842,20099,True
16843,1030,True
16844,1450,True
16845,1288,True
16846,45841,True
16847,1005,True
16848,24663,True
16849,1131,True
16850,1013,True
16851,10786,True
16852,984,True
16853,785,True
16854,7851,True
16855,1083,True
16856,11946,True
16857,1081,True
16858,845,True
16859,17502,True
16860,1021,True
16861,24215,True
16862,2742,True
16863,1349,True
16864,1510,True
16865,27671,True
16866,1110,True
16867,1720,True
16868,1161,True
16869,21996,True
16870,27002,True
16871,864,True
16872,31296,True
16873,917,True
16874,44678,True
16875,15695,True
16876,4228,True
16877,29606,True
16878,3849,True
16879,31042,True
16880,959,True
16881,27661,True
16882,1037,True
16883,8227,True
16884,33455,True
16885,1415,True
16886,31299,True
16887,980,True
16888,17618,True
16889,985,True
16890,18208,True
16891,31165,True
16892,1489,True
16893,1461,True
16894,11857,True
16895,21304,True
16896,1005,True
16897,24961,True
16898,1013,True
16899,10821,True
16900,22838,True
16901,984,True
16902,23330,True
16903,7649,True
16904,1083,True
16905,13705,True
16906,11990,True
16907,13544,True
16908,1081,True
16909,17464,True
16910,1021,True
16911,13853,True
16912,24220,True
16913,970,True
16914,35007,True
16915,1017,True
16916,24136,True
16917,1292,True
16918,29136,True
16919,1276,True
16920,1480,True
16921,14055,True
16922,1971,True
16923,681,True
16924,25709,True
16925,32225,True
16926,33018,True
16927,531,True
16928,23519,True
16929,40205,True
16930,17056,True
16931,22274,True
16932,1202,True
16933,33725,True
16934,467,True
16935,27210,True
16936,416,True
16937,31299,True
16938,18231,True
16939,31176,True
16940,1316,True
16941,508,True
16942,18423,True
16943,1085,True
16944,28748,True
16945,1241,True
16946,31986,True
16947,1411,True
16948,539,True
16949,528,True
16950,23189,True
16951,32268,True
16952,429,True
16953,29723,True
16954,29751,True
16955,1189,True
16956,12018,True
16957,18251,True
16958,500,True
16959,12558,True
16960,1308,True
16961,9199,True
16962,556,True
16963,1088,True
16964,547,True
16965,29527,True
16966,1245,True
16967,1411,True
16968,29513,True
16969,1001,True
16970,17186,True
16971,875,True
16972,730,True
16973,13744,True
16974,28477,True
16975,29580,True
16976,1275,True
16977,655,True
16978,18650,True
16979,720,True
16980,6692,True
16981,12257,True
16982,6846,True
16983,690,True
16984,11471,True
16985,1052,True
16986,17000,True
16987,17019,True
16988,1407,True
16989,653,True
16990,1064,True
16991,647,True
16992,25602,True
16993,29385,True
16994,608,True
16995,27005,True
16996,1059,True
16997,20783,True
16998,527,True
16999,23848,True
17000,5337,True
17001,527,True
17002,18427,True
17003,8083,True
17004,5337,True
17005,12611,True
17006,14117,True
17007,17847,True
17008,1312,True
17009,8158,True
17010,13055,True
17011,1312,True
17012,9740,True
17013,10918,True
17014,9139,True
17015,887,True
17016,24441,True
17017,917,True
17018,1213,True
17019,3325,True
17020,6559,True
17022,6445,True
17023,1333,True
17024,2292,True
17025,3251,True
17026,5472,True
17027,3874,True
17028,2215,True
17029,8181,True
17030,3874,True
17031,1412,True
17032,12177,True
17033,11071,True
17034,11531,True
17035,3583,True
17036,5471,True
17037,5471,True
17038,6749,True
17039,6749,True
17040,3325,True
17041,6184,True
17042,6287,True
17043,6184,True
17044,6749,True
17045,6749,True
17047,9284,True
17048,3427,True
17049,5173,True
17050,3319,True
17051,6018,True
17052,7568,True
17054,9551,True
17056,4473,True
17060,4801,True
17061,9057,True
17062,6994,True
17063,1300,True
17064,1442,True
17065,7261,True
17066,3150,True
17067,1300,True
17068,2783,True
17069,2052,True
17071,3563,True
17073,3150,True
17074,2052,True
17075,3563,True
17077,14700,True
17078,8856,True
17079,13346,True
17080,1390,True
17081,11538,True
17083,6897,True
17084,4612,True
17085,16391,True
17086,6825,True
17087,7488,True
17088,13929,True
17089,27103,True
17090,5859,True
17091,1390,True
17092,5859,True
17093,7025,True
17095,11538,True
17096,14700,True
17097,25730,True
17098,1831,True
17099,13346,True
17100,13428,True
17101,5769,True
17102,25030,True
17103,10189,True
17104,11721,True
17105,10189,True
17106,9927,True
17107,5882,True
17108,24278,True
17109,13894,True
17110,18674,True
17111,24381,True
17112,13894,True
17113,19881,True
17114,2872,True
17115,23138,True
17116,9927,True
17117,23138,True
17118,18674,True
17119,9031,True
17120,2643,True
17121,2134,True
17122,7410,True
17123,5746,True
17124,3634,True
17125,17038,True
17126,26329,True
17127,7537,True
17128,7492,True
17130,24035,True
17131,9850,True
17132,21248,True
17133,26380,True
17134,7088,True
17135,15954,True
17136,4125,True
17137,7324,True
17138,12422,True
17139,4518,True
17140,7006,True
17141,6456,True
17142,4875,True
17143,7069,True
17144,6478,True
17145,10957,True
17146,14939,True
17147,1594,True
17148,14186,True
17149,11456,True
17150,27747,True
17151,25400,True
17152,19555,True
17153,1383,True
17154,24905,True
17155,13690,True
17156,1476,True
17157,17725,True
17158,18430,True
17159,12128,True
17160,15089,True
17161,1137,True
17162,53188,True
17163,795,True
17164,901,True
17165,76340,True
17166,1844,True
17167,11118,True
17168,1355,True
17169,11410,True
17170,1198,True
17171,7423,True
17172,26344,True
17173,887,True
17174,2494,True
17175,19005,True
17176,4119,True
17177,4446,True
17178,1496,True
17179,75497,True
17180,1103,True
17181,3609,True
17182,728,True
17183,27676,True
17184,818,True
17185,29623,True
17186,10474,True
17187,1170,True
17188,61470,True
17189,56624,True
17190,1429,True
17191,30019,True
17192,15684,True
17193,68671,True
17194,15684,True
17195,1035,True
17196,18227,True
17197,22165,True
17198,13495,True
17199,22165,True
17200,36694,True
17201,1093,True
17202,26326,True
17203,906,True
17204,31250,True
17205,919,True
17206,1179,True
17207,32455,True
17208,29701,True
17209,375,True
17210,1323,True
17211,29492,True
17212,894,True
17213,26951,True
17214,1232,True
17215,25695,True
17216,31413,True
17217,1050,True
17218,32039,True
17219,37286,True
17220,648,True
17221,1122,True
17222,49894,True
17223,1194,True
17224,1624,True
17225,56897,True
17226,1415,True
17227,56984,True
17228,1652,True
17229,32612,True
17230,1124,True
17231,1263,True
17232,31813,True
17233,1311,True
17234,23303,True
17235,1543,True
17236,36544,True
17237,1259,True
17238,1543,True
17239,36560,True
17240,1259,True
17241,794,True
17242,18151,True
17243,794,True
17244,31155,True
17245,18191,True
17246,444,True
17247,438,True
17248,26761,True
17249,22455,True
17250,444,True
17251,28111,True
17252,629,True
17253,34014,True
17254,14347,True
17255,8463,True
17256,1003,True
17257,750,True
17258,1076,True
17259,45420,True
17260,805,True
17261,41625,True
17262,2005,True
17263,21064,True
17264,973,True
17265,18901,True
17266,3945,True
17267,2741,True
17268,10683,True
17269,2083,True
17270,7687,True
17271,21977,True
17272,17718,True
17273,27063,True
17274,9417,True
17275,12313,True
17276,32107,True
17277,11975,True
17278,402,True
17279,8537,True
17280,1098,True
17281,24119,True
17282,6105,True
17283,8339,True
17284,887,True
17285,8258,True
17286,888,True
17287,5606,True
17288,7397,True
17289,889,True
17290,16450,True
17291,9394,True
17292,904,True
17293,19142,True
17294,1098,True
17295,21304,True
17296,24036,True
17297,889,True
17298,5606,True
17299,23330,True
17300,402,True
17301,472,True
17302,13853,True
17303,12539,True
17304,17433,True
17305,17609,True
17306,849,True
17307,27801,True
17308,9214,True
17309,842,True
17310,1023,True
17311,31434,True
17312,18795,True
17313,908,True
17314,1106,True
17315,20293,True
17316,1598,True
17317,31379,True
17318,892,True
17319,803,True
17320,1053,True
17321,801,True
17322,746,True
17323,708,True
17324,18075,True
17325,12968,True
17326,23384,True
17327,13391,True
17328,808,True
17329,35652,True
17330,1239,True
17331,31858,True
17332,22301,True
17333,842,True
17334,17793,True
17335,27799,True
17336,905,True
17337,5811,True
17338,1017,True
17339,807,True
17340,23060,True
17341,1105,True
17342,805,True
17343,31524,True
17344,1594,True
17345,893,True
17346,31531,True
17347,5559,True
17348,13340,True
17349,13572,True
17350,594,True
17351,13340,True
17352,5246,True
17353,24087,True
17354,13757,True
17356,9012,True
17357,11170,True
17358,3452,True
17359,6947,True
17360,1228,True
17361,10831,True
17362,12427,True
17363,1031,True
17364,9552,True
17365,12427,True
17366,7227,True
17367,1228,True
17368,11170,True
17369,7227,True
17370,9473,True
17371,9890,True
17372,1163,True
17373,9458,True
17374,9890,True
17375,10126,True
17376,9956,True
17377,8269,True
17378,9859,True
17379,10126,True
17380,2358,True
17381,9859,True
17382,12596,True
17383,2134,True
17384,9019,True
17385,15215,True
17386,2116,True
17387,9019,True
17388,9859,True
17389,12344,True
17390,8815,True
17391,63085,True
17392,1583,True
17393,9999,True
17394,712,True
17395,24496,True
17396,30468,True
17397,914,True
17398,28599,True
17399,16219,True
17400,6372,True
17401,724,True
17402,94145,True
17403,1033,True
17404,1416,True
17405,62715,True
17406,1555,True
17407,12325,True
17408,8134,True
17409,1020,True
17410,8302,True
17411,32266,True
17412,12677,True
17413,10513,True
17414,4141,True
17415,8134,True
17416,1358,True
17417,12838,True
17418,12872,True
17419,3887,True
17420,1874,True
17421,11108,True
17422,7567,True
17423,1277,True
17424,15114,True
17425,8505,True
17426,14966,True
17427,10455,True
17428,14935,True
17429,15194,True
17430,2811,True
17431,1562,True
17432,12568,True
17433,14903,True
17434,1052,True
17435,14682,True
17436,3812,True
17437,8866,True
17438,3812,True
17439,1190,True
17440,43328,True
17441,5260,True
17442,28854,True
17443,2294,True
17444,5547,True
17445,1363,True
17446,26156,True
17447,32630,True
17448,16232,True
17449,1440,True
17452,43699,True
17453,2116,True
17454,14473,True
17455,14069,True
17456,1700,True
17457,19956,True
17458,1209,True
17459,20345,True
17460,19818,True
17461,1097,True
17462,20800,True
17463,37555,True
17464,2706,True
17465,29082,True
17466,31649,True
17467,21837,True
17468,16814,True
17469,21837,True
17470,25269,True
17471,32938,True
17472,31649,True
17473,735,True
17474,144379,True
17475,20429,True
17476,20429,True
17477,735,True
17478,21135,True
17479,1333,True
17480,9559,True
17481,11817,True
17482,7129,True
17483,11817,True
17484,8942,True
17485,20846,True
17486,17244,True
17487,17244,True
17488,902,True
17489,5095,True
17490,18029,True
17491,4954,True
17492,8252,True
17493,1102,True
17494,10858,True
17495,15535,True
17496,1085,True
17497,4210,True
17498,985,True
17499,11491,True
17500,13252,True
17501,4244,True
17502,29082,True
17503,19535,True
17504,2543,True
17505,1076,True
17506,38567,True
17507,876,True
17508,11588,True
17509,15980,True
17510,1104,True
17511,18712,True
17512,2717,True
17513,16536,True
17514,8040,True
17515,2572,True
17516,4757,True
17517,17138,True
17518,4620,True
17519,2238,True
17520,14002,True
17521,2749,True
17522,29434,True
17523,5467,True
17524,8313,True
17525,2673,True
17526,19058,True
17527,8200,True
17528,7209,True
17529,34779,True
17530,7209,True
17531,4640,True
17532,80892,True
17533,16184,True
17534,7664,True
17535,10957,True
17536,11179,True
17537,13130,True
17538,10957,True
17539,25091,True
17540,690,True
17541,18618,True
17542,20117,True
17543,719,True
17544,33364,True
17545,14700,True
17546,1024,True
17547,4757,True
17548,17639,True
17549,1194,True
17550,1794,True
17551,7728,True
17552,7492,True
17553,7479,True
17554,5204,True
17555,7435,True
17556,7375,True
17558,7728,True
17561,24697,True
17562,13484,True
17563,13015,True
17567,7375,True
17568,7479,True
17571,7501,True
17572,7537,True
17574,7515,True
17576,24035,True
17577,6391,True
17578,13015,True
17579,5055,True
17580,7192,True
17581,3174,True
17582,15756,True
17583,12313,True
17584,24697,True
17585,8328,True
17586,12313,True
17587,8934,True
17588,18781,True
17589,26096,True
17590,8934,True
17591,8328,True
17592,18781,True
17593,12438,True
17594,12438,True
17595,9472,True
17596,7524,True
17597,7345,True
17598,7436,True
17601,6391,True
17602,3283,True
17606,5204,True
17607,5437,True
17608,11079,True
17609,12153,True
17610,7448,True
17611,13452,True
17612,13025,True
17613,3178,True
17614,683,True
17615,7448,True
17616,3303,True
17617,7520,True
17618,13025,True
17619,12642,True
17620,5437,True
17621,7520,True
17622,3303,True
17623,13452,True
17624,12153,True
17625,7192,True
17626,36516,True
17627,17879,True
17629,8778,True
17630,1288,True
17631,25083,True
17632,585,True
17633,20352,True
17634,15725,True
17635,366,True
17636,13929,True
17637,10891,True
17638,423,True
17639,11891,True
17640,10780,True
17641,739,True
17642,14162,True
17643,754,True
17644,1163,True
17645,9679,True
17646,3911,True
17647,861,True
17648,11631,True
17649,962,True
17650,5190,True
17651,6616,True
17652,648,True
17653,14902,True
17654,5595,True
17655,1971,True
17656,12860,True
17657,12823,True
17658,19693,True
17659,1220,True
17660,85431,True
17661,21777,True
17662,22111,True
17663,1219,True
17664,65392,True
17665,1481,True
17666,920,True
17667,24109,True
17668,1097,True
17669,27444,True
17670,29507,True
17671,752,True
17672,799,True
17673,29457,True
17674,950,True
17675,30035,True
17676,14016,True
17677,818,True
17678,83259,True
17679,19988,True
17680,3037,True
17681,530,True
17682,13183,True
17683,20477,True
17684,421,True
17685,15074,True
17686,28269,True
17687,50315,True
17688,2667,True
17689,877,True
17690,37526,True
17691,13317,True
17692,36551,True
17693,14202,True
17694,643,True
17695,3064,True
17696,951,True
17697,936,True
17698,969,True
17699,931,True
17700,26642,True
17701,16582,True
17702,942,True
17703,853,True
17704,938,True
17705,870,True
17706,18952,True
17707,1353,True
17708,89567,True
17709,2318,True
17710,6925,True
17711,5622,True
17712,5210,True
17713,19720,True
17714,16579,True
17715,5415,True
17716,5415,True
17717,1024,True
17718,1105,True
17719,47375,True
17720,4318,True
17721,2891,True
17722,34693,True
17723,934,True
17724,2131,True
17725,71721,True
17726,12385,True
17727,2357,True
17728,18697,True
17729,14242,True
17730,12821,True
17731,11678,True
17732,18697,True
17734,14553,True
17735,37136,True
17736,10469,True
17737,32118,True
17738,5211,True
17739,12776,True
17740,8874,True
17741,1605,True
17742,4834,True
17743,8874,True
17744,1605,True
17745,4817,True
17746,9443,True
17747,8133,True
17748,1448,True
17749,10469,True
17750,1448,True
17751,19243,True
17752,12821,True
17753,12401,True
17754,19642,True
17755,11656,True
17756,16033,True
17757,5078,True
17758,7365,True
17759,2282,True
17761,19243,True
17763,11656,True
17764,5078,True
17765,16033,True
17767,15366,True
17768,4039,True
17769,4417,True
17770,12102,True
17771,2990,True
17772,16574,True
17773,3227,True
17774,3823,True
17775,12102,True
17776,2990,True
17777,8133,True
17778,13642,True
17779,20828,True
17780,8635,True
17781,16574,True
17782,20828,True
17783,19610,True
17784,11678,True
17785,12401,True
17786,14748,True
17787,3823,True
17788,13642,True
17789,3227,True
17790,14242,True
17791,18910,True
17792,9443,True
17793,14748,True
17794,11701,True
17795,12776,True
17796,5211,True
17797,11701,True
17798,18910,True
17799,14553,True
17800,44738,True
17801,37296,True
17802,44738,True
17803,1126,True
17804,72950,True
17805,80013,True
17806,3655,True
17807,6986,True
17808,7034,True
17809,3729,True
17810,7168,True
17811,6986,True
17812,7034,True
17813,7168,True
17814,550,True
17815,14117,True
17816,13867,True
17817,11071,True
17818,1454,True
17819,24175,True
17820,529,True
17821,1587,True
17822,18426,True
17824,33738,True
17825,169039,True
17826,2450,True
17827,2348,True
17828,13561,True
17829,1429,True
17830,2347,True
17831,2028,True
17832,34547,True
17833,19210,True
17834,647,True
17835,18982,True
17836,708,True
17837,33623,True
17838,2228,True
17839,37158,True
17858,31145,True
17863,2296,True
17868,1261,True
17877,25873,True
17883,18413,True
17885,1249,True
17898,18337,True
17900,31035,True
17911,30894,True
17912,28334,True
17913,1227,True
17914,2264,True
17915,31286,True
17917,22504,True
17919,2487,True
17921,2151,True
17922,33278,True
17927,1157,True
17940,11754,True
17941,690,True
17942,30747,True
17943,38301,True
17944,893,True
17945,1561,True
17946,32421,True
17950,7564,True
17951,1587,True
17952,18379,True
17954,18012,True
17956,18805,True
17958,32350,True
17959,1922,True
17960,43142,True
17961,1680,True
17963,30818,True
17964,1164,True
17965,2378,True
17966,98068,True
17967,1495,True
17968,2314,True
17969,2358,True
17970,53615,True
17971,2389,True
17972,71411,True
17973,1614,True
17974,25295,True
17976,34764,True
17977,25199,True
17980,13338,True
17984,14065,True
17985,14908,True
17986,67230,True
17987,8089,True
17988,2249,True
17990,1783,True
17992,38314,True
17994,12973,True
17998,13837,True
17999,12806,True
18000,16908,True
18001,12150,True
18002,1749,True
18003,19429,True
18024,4921,True
18025,24022,True
18026,19335,True
18027,4697,True
18028,47821,True
18030,24818,True
18032,5370,True
18033,6620,True
18034,56881,True
18036,55261,True
18037,102048,True
18040,1264,True
18041,1895,True
18044,1966,True
18047,12832,True
18051,29644,True
18052,25122,True
18053,12328,True
18054,1838,True
18055,7075,True
18056,7075,True
18057,27220,True
18058,27220,True
18059,42202,True
18060,32536,True
18061,38228,True
18062,38228,True
18063,27220,True
18064,27220,True
18075,2055,True
18076,1741,True
18077,1290,True
18078,2948,True
18080,1144,True
18081,1726,True
18082,37471,True
18083,21956,True
18084,1144,True
18085,43305,True
18086,14834,True
18087,65867,True
18088,3066,True
18089,41908,True
18090,24638,True
18091,19202,True
18092,52667,True
18093,41908,True
18094,52667,True
18095,27574,True
18096,19202,True
18097,79373,True
18098,27574,True
18099,32005,True
18100,32005,True
18101,24638,True
18102,22879,True
18103,89611,True
18104,5303,True
18105,74651,True
18106,74651,True
18107,12231,True
18108,56645,True
18109,22879,True
18110,56645,True
18111,69691,True
18112,69691,True
18113,12231,True
18114,2531,True
18115,52085,True
18116,45622,True
18117,47361,True
18118,52085,True
18119,8888,True
18120,18402,True
18121,25499,True
18122,769,True
18123,8589,True
18124,16432,True
18125,8589,True
18126,87186,True
18127,25499,True
18128,27235,True
18129,14946,True
18130,769,True
18131,26181,True
18132,27235,True
18133,90710,True
18134,8888,True
18135,30867,True
18136,21944,True
18137,90710,True
18138,16432,True
18139,37207,True
18140,37207,True
18141,21944,True
18142,74116,True
18143,16866,True
18144,18402,True
18145,26181,True
18146,16866,True
18147,14946,True
18148,12955,True
18149,48782,True
18150,46995,True
18151,46995,True
18152,24699,True
18153,17808,True
18154,29966,True
18155,29966,True
18156,16388,True
18157,5532,True
18158,16580,True
18159,16580,True
18160,5532,True
18161,33393,True
18162,22029,True
18163,22029,True
18164,33393,True
18165,23110,True
18166,15067,True
18167,23110,True
18168,15067,True
18169,25226,True
18171,54127,True
18172,53376,True
18173,54164,True
18174,70350,True
18175,13993,True
18176,82068,True
18177,11933,True
18178,53376,True
18179,82068,True
18180,11933,True
18181,70350,True
18182,150425,True
18183,242017,True
18184,95726,True
18194,11980,True
18195,45587,True
18196,13168,True
18197,10679,True
18198,17861,True
18199,18177,True
18200,891,True
18201,10679,True
18202,37989,True
18203,891,True
18204,29242,True
18205,101100,True
18206,7803,True
18207,75114,True
18208,101100,True
18209,29006,True
18210,38458,True
18211,1169,True
18212,3562,True
18213,9699,True
18214,12660,True
18215,38779,True
18216,23770,True
18217,15934,True
18218,16918,True
18219,15934,True
18220,28619,True
18221,1169,True
18222,16918,True
18223,5766,True
18224,25162,True
18225,3562,True
18226,5512,True
18227,1767,True
18228,29006,True
18229,30559,True
18230,30730,True
18231,2660,True
18232,30559,True
18233,51820,True
18234,23450,True
18235,25162,True
18236,12660,True
18237,16985,True
18238,59468,True
18239,16985,True
18240,2660,True
18241,23450,True
18242,30730,True
18243,11650,True
18244,11650,True
18245,50993,True
18246,14935,True
18247,14935,True
18248,51820,True
18249,24066,True
18250,24066,True
18251,19090,True
18252,32549,True
18253,8709,True
18254,41815,True
18255,19113,True
18256,41815,True
18257,2180,True
18258,9864,True
18259,14016,True
18260,3592,True
18261,14016,True
18262,16575,True
18263,13870,True
18264,19805,True
18265,12196,True
18266,2240,True
18267,22059,True
18268,23135,True
18269,696,True
18270,22499,True
18271,2220,True
18272,22059,True
18273,9864,True
18274,24766,True
18275,2220,True
18276,24766,True
18277,13673,True
18278,18874,True
18279,18874,True
18280,23135,True
18281,90046,True
18282,13673,True
18283,13870,True
18284,16575,True
18285,12196,True
18286,3592,True
18287,2307,True
18288,16244,True
18289,8709,True
18290,12864,True
18291,16244,True
18292,2307,True
18294,19113,True
18295,4510,True
18296,5016,True
18297,8236,True
18298,1909,True
18299,5629,True
18300,22789,True
18301,8050,True
18302,696,True
18303,5178,True
18304,22789,True
18306,5178,True
18307,3265,True
18308,30835,True
18309,15623,True
18310,4510,True
18311,30835,True
18312,17430,True
18313,3265,True
18314,1909,True
18315,31049,True
18316,31049,True
18317,874,True
18318,749,True
18319,45009,True
18320,4253,True
18321,13477,True
18322,8018,True
18323,6726,True
18324,18768,True
18325,8018,True
18326,18768,True
18327,4253,True
18328,6726,True
18329,26699,True
18330,16980,True
18331,16980,True
18332,13268,True
18333,8066,True
18334,13477,True
18335,13268,True
18336,57925,True
18337,8247,True
18338,10158,True
18339,18441,True
18340,17478,True
18341,25541,True
18342,20993,True
18343,4573,True
18344,6698,True
18345,20993,True
18346,6698,True
18347,35909,True
18348,4415,True
18349,6178,True
18350,35909,True
18351,12441,True
18352,11888,True
18353,56992,True
18354,11888,True
18355,5454,True
18356,12441,True
18357,20767,True
18358,17713,True
18359,20767,True
18360,10115,True
18361,12218,True
18362,10115,True
18363,7017,True
18364,9137,True
18365,4415,True
18366,5714,True
18367,25541,True
18368,9137,True
18369,4573,True
18370,5714,True
18372,41971,True
18373,9605,True
18374,41971,True
18375,8613,True
18376,9791,True
18377,25490,True
18378,9791,True
18379,9162,True
18380,25490,True
18381,8247,True
18382,9162,True
18383,18441,True
18384,28414,True
18385,3730,True
18386,33500,True
18387,3730,True
18388,6067,True
18389,15816,True
18390,2873,True
18391,20176,True
18392,19073,True
18393,5942,True
18394,3289,True
18395,17651,True
18396,7827,True
18397,4422,True
18398,7827,True
18399,6067,True
18400,17651,True
18401,10719,True
18402,22473,True
18403,14587,True
18404,19073,True
18405,14587,True
18406,3289,True
18407,10719,True
18409,2873,True
18410,4422,True
18411,17610,True
18412,5942,True
18413,8107,True
18414,15816,True
18415,9810,True
18416,16334,True
18417,51848,True
18418,16334,True
18419,3756,True
18420,51848,True
18421,18549,True
18422,18549,True
18424,15295,True
18426,14553,True
18427,3328,True
18428,15295,True
18429,6123,True
18430,3328,True
18431,3346,True
18432,13012,True
18433,14553,True
18434,18668,True
18435,16500,True
18437,9793,True
18438,16002,True
18439,18668,True
18440,6123,True
18441,3756,True
18442,16002,True
18446,8290,True
18447,3294,True
18449,12684,True
18450,3408,True
18451,3346,True
18452,9594,True
18453,12684,True
18454,9594,True
18455,3332,True
18457,7942,True
18461,9793,True
18463,16500,True
18464,13012,True
18470,1443,True
18471,3408,True
18472,12131,True
18473,3332,True
18474,1443,True
18475,14289,True
18476,14289,True
18479,12131,True
18481,31666,True
18482,17490,True
18483,7942,True
18485,31666,True
18487,56060,True
18489,21871,True
18491,37210,True
18493,1844,True
18494,51339,True
18495,1256,True
18496,50933,True
18497,42329,True
18498,51168,True
18499,1544,True
18500,42580,True
18501,49227,True
18502,6803,True
18503,8222,True
18504,42211,True
18505,56060,True
18506,6799,True
18507,5527,True
18508,8130,True
18509,4055,True
18510,7667,True
18511,8603,True
18512,5080,True
18513,6624,True
18514,57369,True
18515,6236,True
18516,9338,True
18517,5305,True
18518,19722,True
18519,14304,True
18520,14222,True
18521,6413,True
18522,7005,True
18523,6763,True
18524,9221,True
18525,5186,True
18526,7588,True
18527,4709,True
18528,7778,True
18529,52330,True
18530,7614,True
18531,10092,True
18532,3933,True
18533,6778,True
18534,8741,True
18535,6139,True
18536,7701,True
18537,32776,True
18538,12291,True
18539,6413,True
18540,8977,True
18541,944,True
18542,59882,True
18543,67065,True
18544,24476,True
18545,45314,True
18546,16021,True
18547,45453,True
18548,4449,True
18549,7098,True
18550,57087,True
18551,4913,True
18552,6648,True
18553,36756,True
18554,4338,True
18555,8288,True
18556,4961,True
18557,7186,True
18558,31381,True
18559,6166,True
18560,9359,True
18561,20799,True
18562,1339,True
18563,71277,True
18564,20194,True
18565,4054,True
18566,4762,True
18567,20504,True
18568,4554,True
18569,8457,True
18570,43928,True
18571,18897,True
18572,33703,True
18573,7119,True
18574,18281,True
18575,33703,True
18576,17120,True
18577,40180,True
18578,14378,True
18579,40180,True
18580,33894,True
18581,25019,True
18582,25019,True
18583,39229,True
18584,44076,True
18585,44076,True
18586,3492,True
18587,62218,True
18588,48943,True
18589,987,True
18590,13705,True
18592,725,True
18594,66084,True
18595,1212,True
18596,28590,True
18597,33113,True
18598,1234,True
18599,23326,True
18600,40084,True
18601,22625,True
18602,486,True
18604,798,True
18605,12066,True
18607,14509,True
18615,1588,True
18616,542,True
18617,33090,True
18619,912,True
18620,32005,True
18622,786,True
18623,34349,True
18625,32271,True
18627,33987,True
18630,1225,True
18631,23224,True
18632,1068,True
18633,13904,True
18634,780,True
18635,9365,True
18636,5284,True
18637,37545,True
18638,1567,True
18640,44009,True
18641,3492,True
18642,15114,True
18643,54033,True
18644,3411,True
18645,15479,True
18646,54033,True
18647,47259,True
18648,53400,True
18649,9142,True
18650,16711,True
18651,40727,True
18652,37880,True
18653,17124,True
18654,1575,True
18655,37880,True
18656,37465,True
18657,5335,True
18658,1050,True
18666,6536,True
18667,37851,True
18668,26128,True
18670,879,True
18708,863,True
18709,4225,True
18711,863,True
18713,508,True
18716,11787,True
18742,727,True
18743,14678,True
18744,8709,True
18745,833,True
18746,36620,True
18747,915,True
18748,41376,True
18749,791,True
18750,48577,True
18751,1214,True
18752,43155,True
18753,1090,True
18754,25432,True
18755,800,True
18756,66189,True
18757,12957,True
18758,8886,True
18759,1060,True
18760,814,True
18761,72572,True
18762,6418,True
18763,4927,True
18764,2542,True
18765,51284,True
18766,9373,True
18767,42249,True
18768,2542,True
18769,22143,True
18770,2553,True
18771,46370,True
18772,1037,True
18773,4183,True
18775,1040,True
18776,55260,True
18777,909,True
18778,33673,True
18779,1997,True
18780,32261,True
18781,2679,True
18782,32969,True
18783,1854,True
18784,27338,True
18785,1116,True
18786,31630,True
18787,1189,True
18788,40805,True
18789,1435,True
18790,1155,True
18791,882,True
18792,5763,True
18793,43153,True
18794,885,True
18795,1072,True
18796,49079,True
18797,4714,True
18798,7127,True
18799,7141,True
18800,7805,True
18801,9231,True
18802,14593,True
18803,30538,True
18804,51719,True
18805,7043,True
18806,10945,True
18807,32817,True
18808,7897,True
18809,8113,True
18810,10170,True
18811,4218,True
18812,5917,True
18813,10434,True
18814,5072,True
18815,6650,True
18816,46239,True
18817,4240,True
18818,5909,True
18819,28153,True
18820,5805,True
18821,4383,True
18822,38226,True
18823,6957,True
18824,4822,True
18825,59590,True
18826,4088,True
18827,4808,True
18828,16237,True
18829,5935,True
18830,3753,True
18831,39949,True
18832,4418,True
18833,5554,True
18834,70992,True
18835,6252,True
18836,5087,True
18837,37062,True
18838,6787,True
18839,4905,True
18840,34799,True
18841,6096,True
18842,4602,True
18843,63436,True
18844,70576,True
18845,4626,True
18846,6278,True
18847,34493,True
18848,6141,True
18849,4753,True
18850,65953,True
18851,4725,True
18852,6314,True
18853,39864,True
18854,6080,True
18855,4175,True
18856,63236,True
18857,4196,True
18858,3099,True
18859,21873,True
18860,3625,True
18861,2529,True
18862,39943,True
18863,4161,True
18864,3177,True
18865,29028,True
18867,3169,True
18868,52774,True
18871,20424,True
18872,4068,True
18874,36817,True
18875,3806,True
18877,39051,True
18878,3975,True
18880,38809,True
18881,3865,True
18882,5649,True
18883,36389,True
18884,22553,True
18885,3983,True
18886,5733,True
18887,36760,True
18888,4839,True
18889,3484,True
18890,38587,True
18891,4033,True
18892,5341,True
18893,21386,True
18894,17748,True
18895,26506,True
18896,4226,True
18897,5858,True
18898,9003,True
18899,6445,True
18900,6252,True
18901,61801,True
18902,5203,True
18903,7744,True
18904,58567,True
18905,63811,True
18906,4953,True
18907,7008,True
18908,31337,True
18909,3047,True
18910,7903,True
18911,35263,True
18912,7179,True
18913,8020,True
18914,59780,True
18915,4540,True
18916,6877,True
18917,37663,True
18918,5597,True
18919,8357,True
18920,5620,True
18921,7010,True
18922,55942,True
18923,4228,True
18924,6390,True
18925,54061,True
18926,5673,True
18927,6599,True
18928,42942,True
18929,5419,True
18930,7170,True
18931,35879,True
18932,4234,True
18933,5390,True
18934,37813,True
18935,5172,True
18936,7166,True
18937,29418,True
18938,1388,True
18939,4259,True
18940,6460,True
18941,45835,True
18942,4310,True
18943,5820,True
18944,54577,True
18945,3448,True
18946,5179,True
18947,58855,True
18948,4531,True
18949,5814,True
18950,54847,True
18952,6198,True
18953,47033,True
18954,5061,True
18955,6807,True
18956,14346,True
18957,5192,True
18958,7039,True
18959,70043,True
18960,5019,True
18961,6566,True
18962,29960,True
18963,4680,True
18964,6843,True
18965,59052,True
18966,5202,True
18967,7171,True
18968,53588,True
18969,2077,True
18970,32860,True
18971,54032,True
18972,1705,True
18973,1972,True
18977,643,True
18978,1707,True
18979,15507,True
18980,2215,True
18981,37751,True
18982,1367,True
18983,895,True
18984,805,True
18985,74744,True
18986,1235,True
18987,26850,True
18988,45354,True
18989,1105,True
18991,1450,True
18992,869,True
18993,27099,True
18994,1714,True
18995,861,True
18996,810,True
18997,74795,True
18998,766,True
18999,14919,True
19001,1345,True
19002,2152,True
19003,34269,True
19006,1815,True
19007,26752,True
19008,4537,True
19010,18586,True
19011,49747,True
19012,114253,True
19013,38909,True
19014,32390,True
19015,48381,True
19016,18201,True
19017,48381,True
19018,36171,True
19019,42079,True
19020,36171,True
19021,18201,True
19023,63032,True
19026,612,True
19034,5355,True
19035,1500,True
19036,6846,True
19037,6042,True
19038,6042,True
19040,9845,True
19041,7046,True
19042,8242,True
19043,8724,True
19044,6840,True
19045,28177,True
19047,1879,True
19048,11266,True
19049,23744,True
19050,11266,True
19052,1796,True
19053,22499,True
19054,1879,True
19055,11228,True
19056,11228,True
19057,1796,True
19058,17302,True
19061,17302,True
19062,5804,True
19063,5804,True
19067,3674,True
19068,273,True
19070,454,True
19071,3674,True
19080,15635,True
19081,3088,True
19090,454,True
19092,10396,True
19098,43731,True
19103,12923,True
19104,15220,True
19105,15220,True
19106,815,True
19107,9513,True
19108,11530,True
19109,2568,True
19110,11840,True
19111,13933,True
19112,14918,True
19113,23129,True
19114,18232,True
19115,13196,True
19116,11840,True
19117,9513,True
19118,11530,True
19119,10328,True
19120,13933,True
19121,815,True
19122,10328,True
19123,14918,True
19124,16864,True
19125,250002,True
19126,23129,True
19127,2568,True
19128,10891,True
19129,13196,True
19130,10891,True
19131,10463,True
19133,10463,True
19134,10463,True
19135,2414,True
19136,13338,True
19137,2414,True
19138,7399,True
19140,7399,True
19141,11495,True
19142,4207,True
19143,855,True
19144,13933,True
19146,51197,True
19147,98381,True
19148,45152,True
19149,685,True
19150,665,True
19151,44117,True
19153,24479,True
19160,674,True
19162,1534,True
19163,62301,True
19164,692,True
19165,692,True
19168,13189,True
19170,19196,True
19171,1487,True
19172,11628,True
19175,24061,True
19176,45981,True
19177,705,True
19182,578,True
19185,55240,True
19187,640,True
19188,18169,True
19193,708,True
19195,31807,True
19196,606,True
19208,822,True
19209,17126,True
19211,682,True
19229,681,True
19231,652,True
19232,25763,True
19234,22164,True
19235,22194,True
19237,22218,True
19238,634,True
19240,1167,True
19242,56205,True
19244,588,True
19245,6125,True
19248,55112,True
19249,1011,True
19251,19897,True
19252,2331,True
19253,1750,True
19254,18949,True
19255,1590,True
19256,19395,True
19257,2617,True
19258,22418,True
19259,1943,True
19260,1193,True
19261,5822,True
19262,1551,True
19264,6220,True
19265,620,True
19267,62055,True
19269,1454,True
19271,13052,True
19273,1600,True
19274,20067,True
19275,11692,True
19276,55260,True
19277,21900,True
19278,1449,True
19279,13803,True
19280,17431,True
19281,1379,True
19282,26581,True
19283,598,True
19284,463,True
19285,90956,True
19286,2022,True
19287,13541,True
19296,648,True
19297,732,True
19298,15596,True
19299,821,True
19300,28064,True
19302,5029,True
19304,32413,True
19315,16777,True
19319,930,True
19327,32134,True
19328,1991,True
19330,40948,True
19332,1294,True
19333,46396,True
19334,954,True
19337,33189,True
19338,1200,True
19341,16037,True
19342,37932,True
19343,29276,True
19345,1335,True
19346,1201,True
19347,42863,True
19348,1247,True
19349,42765,True
19350,875,True
19351,45628,True
19355,15834,True
19361,1082,True
19362,30308,True
19366,37259,True
19367,10468,True
19369,1255,True
19370,1177,True
19371,16012,True
19372,10227,True
19373,27228,True
19375,25586,True
19376,27228,True
19381,14537,True
19382,1122,True
19383,97078,True
19384,1177,True
19385,1371,True
19388,16217,True
19392,868,True
19393,1198,True
19395,791,True
19396,1419,True
19397,78790,True
19398,49671,True
19399,57574,True
19400,1059,True
19401,47361,True
19402,4912,True
19403,600,True
19404,4912,True
19405,47099,True
19406,5598,True
19407,13319,True
19408,76926,True
19409,61967,True
19410,167083,True
19411,54079,True
19412,33613,True
19413,1329,True
19414,2281,True
19415,150279,True
19416,3841,True
19417,42137,True
19418,2172,True
19419,4298,True
19420,2084,True
19421,77625,True
19422,882,True
19423,1094,True
19424,18728,True
19425,15576,True
19426,807,True
19427,11412,True
19428,1225,True
19429,15997,True
19430,40296,True
19431,100939,True
19432,3722,True
19433,14178,True
19434,18951,True
19435,18754,True
19436,25766,True
19437,10949,True
19438,12498,True
19439,11834,True
19440,38076,True
19441,68905,True
19442,820,True
19443,53925,True
19444,88439,True
19445,48992,True
19446,10155,True
19447,34569,True
19448,40663,True
19449,19393,True
19450,897,True
19451,30469,True
19452,4045,True
19453,30469,True
19454,1210,True
19455,65796,True
19456,39351,True
19457,1612,True
19458,1463,True
19459,29462,True
19460,27142,True
19461,1565,True
19462,4409,True
19463,16488,True
19464,1569,True
19465,44791,True
19466,4459,True
19467,1564,True
19468,1085,True
19469,16199,True
19470,883,True
19471,7242,True
19472,10424,True
19473,13555,True
19474,839,True
19476,5354,True
19477,45564,True
19478,821,True
19479,44935,True
19480,45728,True
19481,33533,True
19482,775,True
19483,842,True
19484,43029,True
19485,790,True
19486,45285,True
19487,864,True
19488,880,True
19489,43105,True
19490,45306,True
19491,873,True
19492,811,True
19493,42186,True
19494,706,True
19495,45728,True
19496,83706,True
19515,6532,True
19516,66861,True
19517,33670,True
19518,937,True
19519,198,True
19520,76513,True
19521,868,True
19522,37318,True
19523,59763,True
19524,1402,True
19525,35189,True
19526,797,True
19527,49709,True
19528,6130,True
19529,895,True
19530,68156,True
19531,38167,True
19532,1194,True
19533,37563,True
19534,966,True
19535,52491,True
19536,28843,True
19537,786,True
19539,1175,True
19540,1039,True
19541,21540,True
19542,15650,True
19543,1129,True
19544,9947,True
19545,60073,True
19546,2718,True
19547,31378,True
19548,1274,True
19549,2372,True
19550,129639,True
19551,30682,True
19552,2804,True
19553,99274,True
19554,2804,True
19555,53836,True
19556,65247,True
19557,131062,True
19558,11913,True
19559,929,True
19560,74029,True
19561,33843,True
19562,25526,True
19563,16499,True
19564,17050,True
19565,23369,True
19566,615,True
19567,22454,True
19568,30472,True
19569,40232,True
19570,615,True
19571,48542,True
19572,929,True
19573,38169,True
19574,12771,True
19575,19852,True
19576,17050,True
19577,76513,True
19582,79292,True
19583,12565,True
19585,63982,True
19587,34800,True
19588,12565,True
19595,12235,True
19608,68942,True
19609,42202,True
19610,63982,True
19613,1594,True
19614,56342,True
19615,10056,True
19616,21770,True
19617,10056,True
19618,18582,True
19619,23742,True
19620,7055,True
19621,2330,True
19622,61201,True
19623,32336,True
19624,1327,True
19626,1623,True
19627,25291,True
19628,59977,True
19629,17866,True
19630,1667,True
19631,775,True
19632,40920,True
19633,13886,True
19634,34657,True
19635,24071,True
19636,34657,True
19637,3200,True
19638,104451,True
19639,107570,True
19640,38343,True
19641,1004,True
19642,25086,True
19643,1053,True
19644,11292,True
19645,16872,True
19646,15190,True
19647,17261,True
19648,943,True
19649,5773,True
19650,985,True
19651,20224,True
19652,12559,True
19653,1004,True
19654,11656,True
19655,1053,True
19656,16828,True
19657,9125,True
19658,17809,True
19659,943,True
19660,15189,True
19661,996,True
19662,11905,True
19663,2407,True
19664,29522,True
19665,962,True
19666,10888,True
19667,12212,True
19668,981,True
19669,12042,True
19670,12279,True
19671,12615,True
19672,12349,True
19673,837,True
19674,964,True
19675,14040,True
19676,12431,True
19677,29361,True
19678,12591,True
19679,16406,True
19680,15330,True
19681,949,True
19682,12765,True
19683,14795,True
19684,13890,True
19685,978,True
19686,20358,True
19687,808,True
19688,15493,True
19689,992,True
19690,15123,True
19691,1007,True
19692,20658,True
19693,13342,True
19694,8240,True
19695,909,True
19696,8208,True
19697,1199,True
19698,713,True
19699,1036,True
19700,16905,True
19701,1037,True
19702,16215,True
19703,16407,True
19704,15329,True
19705,964,True
19706,24930,True
19707,14807,True
19708,13886,True
19709,991,True
19710,807,True
19711,24879,True
19712,24859,True
19713,15486,True
19714,15115,True
19715,1021,True
19716,13315,True
19717,1034,True
19718,957,True
19719,1035,True
19720,1176,True
19721,55942,True
19722,755,True
19723,11532,True
19725,556,True
19726,701,True
19727,7526,True
19728,38890,True
19729,35547,True
19730,1430,True
19731,708,True
19732,21413,True
19733,717,True
19734,32819,True
19735,823,True
19736,55508,True
19737,737,True
19738,54997,True
19739,1323,True
19740,31290,True
19741,1454,True
19742,1472,True
19743,1364,True
19744,23795,True
19745,4355,True
19746,1013,True
19747,5257,True
19748,20137,True
19749,1525,True
19750,22049,True
19751,1013,True
19752,47115,True
19753,34712,True
19754,13776,True
19755,485,True
19756,3222,True
19757,932,True
19758,34499,True
19759,824,True
19760,39578,True
19761,21379,True
19762,715,True
19763,11430,True
19764,47115,True
19765,28477,True
19766,28477,True
19767,27210,True
19768,27029,True
19769,27210,True
19770,3100,True
19771,1435,True
19772,34044,True
19773,1249,True
19774,18421,True
19775,1454,True
19776,20122,True
19777,32793,True
19778,20122,True
19779,10135,True
19780,18626,True
19781,7033,True
19782,7085,True
19783,15983,True
19784,15983,True
19785,12863,True
19786,1249,True
19787,97549,True
19788,1074,True
19789,32159,True
19790,639,True
19791,570,True
19792,1147,True
19793,208388,True
19794,1228,True
19795,48725,True
19796,893,True
19797,29637,True
19798,499,True
19799,19648,True
19800,29863,True
19801,621,True
19802,17173,True
19803,25771,True
19804,2031,True
19805,59301,True
19806,1137,True
19807,71821,True
19808,576,True
19809,59127,True
19810,62864,True
19811,2292,True
19812,36247,True
19813,2017,True
19814,2570,True
19815,68520,True
19816,2447,True
19817,61176,True
19818,2455,True
19819,13023,True
19820,69651,True
19821,2096,True
19822,941,True
19823,32349,True
19824,859,True
19825,49095,True
19826,676,True
19827,82611,True
19828,7623,True
19829,2431,True
19830,1872,True
19831,682,True
19832,82828,True
19833,1646,True
19834,79487,True
19835,1885,True
19836,79328,True
19837,684,True
19838,4233,True
19839,809,True
19840,38088,True
19841,14135,True
19842,808,True
19843,14508,True
19844,655,True
19845,19736,True
19846,2635,True
19847,30405,True
19848,32268,True
19849,19157,True
19850,852,True
19851,19336,True
19852,17212,True
19853,4570,True
19854,1062,True
19855,17113,True
19856,4122,True
19857,25425,True
19858,892,True
19859,1323,True
19860,20242,True
19861,1101,True
19862,17990,True
19863,17699,True
19864,1062,True
19865,19324,True
19866,1038,True
19867,4583,True
19868,4098,True
19869,46872,True
19870,810,True
19871,23547,True
19872,45023,True
19873,53481,True
19874,518,True
19875,1585,True
19876,1314,True
19877,802,True
19878,1575,True
19879,37625,True
19880,1293,True
19881,28601,True
19882,25387,True
19883,839,True
19884,28564,True
19885,1097,True
19886,38279,True
19887,911,True
19888,28455,True
19889,1188,True
19890,108302,True
19891,802,True
19892,53530,True
19893,16780,True
19894,19805,True
19895,12419,True
19896,19119,True
19897,2602,True
19898,23098,True
19899,3422,True
19900,20981,True
19901,1004,True
19902,32975,True
19903,743,True
19904,1440,True
19905,16594,True
19906,668,True
19907,1003,True
19908,15604,True
19909,978,True
19910,27263,True
19911,1217,True
19912,4125,True
19913,23139,True
19914,20757,True
19915,6057,True
19916,4328,True
19917,20757,True
19918,6057,True
19919,979,True
19920,15005,True
19921,6399,True
19922,10677,True
19923,865,True
19924,16646,True
19925,7827,True
19926,9597,True
19927,14977,True
19928,5555,True
19929,1139,True
19930,4303,True
19931,1209,True
19932,32295,True
19933,727,True
19934,20611,True
19935,999,True
19936,38106,True
19937,11740,True
19938,10644,True
19939,67355,True
19940,22959,True
19941,5434,True
19942,22551,True
19943,2870,True
19944,12189,True
19945,15545,True
19946,21888,True
19947,3432,True
19948,4283,True
19949,11758,True
19950,4265,True
19951,3232,True
19952,70409,True
19953,999,True
19954,23743,True
19955,11632,True
19956,893,True
19957,12217,True
19958,4845,True
19959,9207,True
19960,14232,True
19961,881,True
19962,16975,True
19963,511,True
19964,20432,True
19965,10292,True
19966,16127,True
19967,625,True
19968,6762,True
19969,797,True
19970,13538,True
19971,32590,True
19972,816,True
19973,2604,True
19974,744,True
19975,19841,True
19976,15320,True
19977,22893,True
19978,1514,True
19979,14946,True
19980,763,True
19981,8199,True
19982,716,True
19983,11583,True
19984,16552,True
19985,20801,True
19986,1639,True
19987,32224,True
19988,12688,True
19989,692,True
19990,9034,True
19991,3488,True
19992,5892,True
19993,815,True
19994,24982,True
19995,642,True
19996,18947,True
19997,1293,True
19998,16428,True
19999,23135,True
20000,1083,True
20001,10876,True
20002,1178,True
20003,23247,True
20004,14032,True
20005,23166,True
20006,1256,True
20007,14495,True
20008,1196,True
20009,23100,True
20010,27016,True
20011,29283,True
20012,10904,True
20013,2481,True
20014,6323,True
20015,1184,True
20016,31045,True
20017,22895,True
20018,1524,True
20019,10848,True
20020,23247,True
20021,1300,True
20022,23166,True
20023,14078,True
20024,1336,True
20025,3861,True
20026,1521,True
20027,1199,True
20028,12636,True
20029,24714,True
20030,14069,True
20031,1300,True
20032,13985,True
20033,1336,True
20034,14119,True
20035,3652,True
20036,1598,True
20037,3959,True
20038,2962,True
20039,14052,True
20040,26222,True
20041,26963,True
20042,1270,True
20043,31716,True
20044,29062,True
20045,16277,True
20046,1093,True
20047,26299,True
20048,36011,True
20049,2495,True
20050,945,True
20051,56450,True
20052,34949,True
20053,2561,True
20054,37003,True
20055,934,True
20056,37717,True
20057,39517,True
20058,1392,True
20059,41011,True
20060,39102,True
20061,1095,True
20062,1060,True
20063,1279,True
20064,1204,True
20065,70348,True
20066,1039,True
20067,1253,True
20068,2712,True
20069,957,True
20070,52431,True
20071,38255,True
20072,1291,True
20073,38735,True
20074,1178,True
20075,1042,True
20076,1412,True
20077,920,True
20078,36755,True
20079,35394,True
20080,195787,True
20081,4836,True
20082,13691,True
20083,1111,True
20084,66146,True
20085,5590,True
20086,10063,True
20087,2591,True
20088,60162,True
20089,11378,True
20090,1093,True
20091,1427,True
20092,2105,True
20093,1355,True
20094,27276,True
20095,57343,True
20096,2026,True
20097,1691,True
20098,37831,True
20099,990,True
20100,42547,True
20101,55977,True
20102,1727,True
20103,13740,True
20104,669,True
20105,33938,True
20106,60619,True
20107,1162,True
20108,933,True
20109,33305,True
20110,33938,True
20111,37422,True
20112,689,True
20113,1734,True
20114,35444,True
20115,1450,True
20116,27920,True
20117,30097,True
20118,2824,True
20119,51437,True
20120,2902,True
20121,1798,True
20122,38549,True
20123,578,True
20124,37423,True
20125,19818,True
20126,1331,True
20127,11335,True
20128,1116,True
20129,36517,True
20130,2336,True
20131,37072,True
20132,34087,True
20133,906,True
20134,1514,True
20135,4710,True
20136,10925,True
20137,2293,True
20138,42372,True
20139,903,True
20140,16146,True
20141,1331,True
20142,21239,True
20143,27613,True
20144,1305,True
20145,1244,True
20146,36567,True
20147,1101,True
20148,34064,True
20149,579,True
20150,42626,True
20151,4320,True
20152,6948,True
20153,18090,True
20154,5446,True
20155,7082,True
20156,1518,True
20157,19777,True
20158,2436,True
20159,84203,True
20160,1287,True
20161,36424,True
20162,715,True
20163,29654,True
20164,24821,True
20165,32846,True
20166,2872,True
20167,1097,True
20168,31023,True
20169,34746,True
20170,2944,True
20171,2853,True
20172,22980,True
20173,1227,True
20174,27353,True
20175,1160,True
20176,38696,True
20177,1314,True
20178,68404,True
20179,6332,True
20180,7905,True
20181,56099,True
20182,4194,True
20183,6859,True
20184,14843,True
20185,5633,True
20186,7263,True
20187,22957,True
20188,5651,True
20189,7180,True
20190,36071,True
20191,67600,True
20192,14712,True
20193,22386,True
20194,14140,True
20195,15987,True
20196,15987,True
20197,22386,True
20198,14712,True
20199,15189,True
20200,11283,True
20201,36083,True
20202,1168,True
20204,929,True
20205,2011,True
20206,37429,True
20208,706,True
20209,854,True
20210,36562,True
20211,791,True
20212,34983,True
20214,996,True
20215,36095,True
20216,690,True
20217,32508,True
20218,721,True
20219,37818,True
20220,1695,True
20221,2212,True
20222,1033,True
20223,34561,True
20224,51805,True
20225,2263,True
20226,40029,True
20227,1432,True
20228,36648,True
20229,22005,True
20230,2815,True
20231,1510,True
20232,14859,True
20233,1251,True
20234,36184,True
20235,1262,True
20236,35441,True
20237,599,True
20238,27713,True
20239,34230,True
20240,1741,True
20241,1414,True
20242,36512,True
20243,1397,True
20244,36923,True
20245,1252,True
20246,15553,True
20247,21953,True
20248,2781,True
20249,23732,True
20250,962,True
20251,2346,True
20252,2121,True
20253,2367,True
20254,30517,True
20255,3838,True
20256,4476,True
20257,31392,True
20258,13056,True
20259,5623,True
20260,4210,True
20261,26700,True
20262,13038,True
20263,75669,True
20264,67370,True
20265,4540,True
20266,3632,True
20267,4906,True
20268,34361,True
20269,28969,True
20270,67535,True
20271,71739,True
20272,1072,True
20273,2408,True
20276,84227,True
20279,50747,True
20280,10413,True
20281,50747,True
20282,13505,True
20283,22053,True
20284,677,True
20285,14042,True
20286,25411,True
20287,23846,True
20288,5462,True
20289,9868,True
20290,1826,True
20291,32475,True
20292,1826,True
20293,1247,True
20294,31865,True
20295,7767,True
20296,1247,True
20297,4961,True
20298,4900,True
20299,879,True
20300,39052,True
20301,34913,True
20302,601,True
20303,11341,True
20304,827,True
20305,14537,True
20306,930,True
20307,9876,True
20308,323,True
20309,5916,True
20310,16424,True
20311,21823,True
20314,41842,True
20315,5705,True
20320,16277,True
20321,15342,True
20322,32694,True
20323,4987,True
20324,4987,True
20325,10847,True
20326,34482,True
20327,2474,True
20328,7777,True
20329,2542,True
20330,11689,True
20331,2474,True
20332,11807,True
20333,8486,True
20334,33032,True
20335,7777,True
20336,13634,True
20337,18434,True
20338,13420,True
20339,8486,True
20340,18434,True
20341,3065,True
20342,9906,True
20343,10013,True
20344,10364,True
20345,3842,True
20346,2376,True
20347,9611,True
20348,3206,True
20349,11241,True
20350,10513,True
20351,8964,True
20352,3797,True
20353,9906,True
20354,10847,True
20355,10364,True
20356,4058,True
20357,2270,True
20358,10513,True
20359,2759,True
20360,8029,True
20361,1210,True
20362,3325,True
20363,11241,True
20364,1367,True
20365,3089,True
20366,9340,True
20367,9340,True
20368,4258,True
20369,3461,True
20370,8537,True
20371,5734,True
20372,4396,True
20373,8537,True
20374,1647,True
20375,3461,True
20376,9611,True
20377,3089,True
20378,1146,True
20379,8964,True
20380,1146,True
20381,3065,True
20383,4258,True
20384,9469,True
20385,10013,True
20386,2376,True
20387,1367,True
20388,10283,True
20389,2270,True
20390,792,True
20391,10283,True
20392,792,True
20393,7797,True
20394,3797,True
20395,7797,True
20396,2378,True
20397,1879,True
20398,11183,True
20399,3206,True
20400,522,True
20401,11183,True
20402,522,True
20403,3842,True
20404,10442,True
20405,673,True
20406,4058,True
20407,10442,True
20408,2759,True
20409,673,True
20410,7924,True
20411,7924,True
20412,8029,True
20413,1879,True
20414,1210,True
20415,10888,True
20416,8968,True
20417,3112,True
20418,10888,True
20419,8968,True
20420,3271,True
20421,9880,True
20422,1074,True
20423,3911,True
20424,10690,True
20425,8237,True
20426,7152,True
20427,4852,True
20428,9028,True
20429,3271,True
20430,9238,True
20431,4852,True
20432,3112,True
20433,9028,True
20434,11015,True
20435,2938,True
20436,2378,True
20437,11015,True
20438,1074,True
20439,9880,True
20440,9238,True
20441,15116,True
20442,15116,True
20443,17087,True
20444,15116,True
20445,15116,True
20446,36755,True
20447,17087,True
20448,8432,True
20449,11311,True
20450,26471,True
20451,9596,True
20452,8432,True
20453,13575,True
20455,2568,True
20456,13389,True
20457,12610,True
20458,13389,True
20459,2511,True
20460,11311,True
20461,26471,True
20462,13575,True
20463,9596,True
20464,26971,True
20465,21880,True
20466,1531,True
20467,12603,True
20468,1072,True
20469,30772,True
20470,12810,True
20471,35404,True
20472,11733,True
20473,9697,True
20474,30481,True
20475,23177,True
20476,1276,True
20477,6529,True
20478,9697,True
20479,6529,True
20480,20511,True
20481,1276,True
20482,20511,True
20483,16346,True
20484,16346,True
20485,23177,True
20486,24306,True
20487,2452,True
20488,76552,True
20489,34864,True
20490,2452,True
20491,2367,True
20492,24324,True
20493,34864,True
20494,7604,True
20495,40310,True
20496,24353,True
20497,12848,True
20498,70061,True
20499,29746,True
20500,17667,True
20501,29746,True
20502,44751,True
20509,24958,True
20510,406,True
20512,639,True
20514,18113,True
20517,26215,True
20521,417,True
20522,2006,True
20523,737,True
20524,26768,True
20525,33683,True
20527,26102,True
20528,48346,True
20529,1563,True
20530,13753,True
20531,48346,True
20532,5908,True
20533,26317,True
20534,7811,True
20535,13221,True
20536,26290,True
20537,1015,True
20538,4625,True
20539,26570,True
20540,26290,True
20541,37056,True
20542,25904,True
20543,37056,True
20544,7055,True
20545,5627,True
20546,80896,True
20547,4141,True
20548,3333,True
20549,3499,True
20550,52742,True
20551,3900,True
20552,32837,True
20553,22996,True
20554,57902,True
20555,3889,True
20556,54127,True
20557,184087,True
20558,6777,True
20559,26123,True
20560,1199,True
20561,37528,True
20562,1774,True
20563,3329,True
20564,18980,True
20565,87894,True
20566,28193,True
20567,46791,True
20568,2373,True
20569,5627,True
20570,54164,True
20571,74506,True
20572,5768,True
20573,15264,True
20574,20291,True
20575,36750,True
20576,2325,True
20577,116114,True
20578,3979,True
20579,58364,True
20580,2511,True
20581,13964,True
20582,2568,True
20583,13446,True
20584,48113,True
20585,2451,True
20586,3929,True
20587,41621,True
20588,19185,True
20589,128247,True
20590,66435,True
20591,710,True
20592,908,True
20593,75786,True
20596,41723,True
20599,6807,True
20600,47469,True
20601,82415,True
20602,29385,True
20603,7260,True
20604,26951,True
20605,29268,True
20606,33338,True
20607,25820,True
20608,29663,True
20609,33338,True
20610,1099,True
20611,165692,True
20612,749,True
20613,13708,True
20614,97416,True
20615,8947,True
20616,1115,True
20617,4580,True
20618,5661,True
20619,1115,True
20620,1690,True
20621,11273,True
20622,3634,True
20623,1057,True
20624,21673,True
20625,866,True
20626,2074,True
20627,9044,True
20628,48585,True
20629,1681,True
20630,86513,True
20631,2889,True
20632,48648,True
20633,1408,True
20634,37244,True
20635,39770,True
20636,38489,True
20637,2506,True
20638,1260,True
20639,37867,True
20640,40569,True
20641,1535,True
20642,51033,True
20644,15743,True
20645,87628,True
20646,57806,True
20647,14814,True
20648,3703,True
20649,12896,True
20650,37669,True
20651,10898,True
20652,25531,True
20653,8750,True
20654,15542,True
20655,2223,True
20656,846,True
20657,22867,True
20658,13306,True
20659,22764,True
20660,29710,True
20661,3917,True
20662,175930,True
20663,29208,True
20664,7062,True
20665,2128,True
20666,864,True
20672,1039,True
20673,40468,True
20674,1825,True
20675,59179,True
20676,28212,True
20677,59179,True
20678,40506,True
20679,3621,True
20680,33725,True
20681,560,True
20682,41734,True
20683,89987,True
20684,123122,True
20685,42378,True
20686,606,True
20687,86669,True
20693,1665,True
20696,2993,True
20697,17324,True
20700,2993,True
20702,2939,True
20704,3588,True
20705,268844,True
20707,26816,True
20708,63425,True
20709,984,True
20710,2870,True
20711,39010,True
20712,4225,True
20713,1809,True
20714,1259,True
20715,35216,True
20716,33705,True
20717,25361,True
20718,51726,True
20719,70635,True
20720,33593,True
20721,145482,True
20722,14650,True
20723,29026,True
20724,34125,True
20725,54503,True
20726,34125,True
20727,767,True
20728,39451,True
20729,33606,True
20730,1050,True
20731,38866,True
20732,115316,True
20733,1224,True
20734,3445,True
20735,63001,True
20736,55340,True
20737,1015,True
20738,1029,True
20739,31935,True
20740,526,True
20741,13114,True
20744,43673,True
20745,4363,True
20746,5345,True
20747,1245,True
20748,55989,True
20749,1061,True
20750,1303,True
20751,955,True
20752,21614,True
20753,42816,True
20754,831,True
20755,4478,True
20756,11754,True
20757,13708,True
20758,1147,True
20759,43485,True
20760,25253,True
20761,50664,True
20762,2765,True
20763,6165,True
20764,4938,True
20765,7765,True
20766,4448,True
20767,1129,True
20768,1044,True
20769,4884,True
20770,5506,True
20771,85169,True
20772,4498,True
20773,9350,True
20774,30728,True
20775,1219,True
20776,3992,True
20777,3558,True
20778,6003,True
20779,37309,True
20780,3817,True
20781,57967,True
20782,49535,True
20783,3122,True
20784,6643,True
20785,32476,True
20786,44428,True
20787,1268,True
20788,1189,True
20789,652,True
20790,2193,True
20791,7736,True
20792,6192,True
20793,2806,True
20794,17671,True
20795,15230,True
20796,6595,True
20797,6388,True
20798,22333,True
20799,4411,True
20800,6629,True
20801,48816,True
20802,10744,True
20803,135246,True
20804,16934,True
20819,5932,True
20821,10852,True
20822,1187,True
20838,6587,True
20844,23770,True
20845,25063,True
20846,36888,True
20847,25063,True
20848,27328,True
20849,41412,True
20850,32160,True
20851,22555,True
20852,41412,True
20853,1660,True
20854,30791,True
20855,69658,True
20856,5405,True
20857,55248,True
20858,1458,True
20859,433,True
20860,198,True
20861,2223,True
20862,12948,True
20863,5127,True
20864,3440,True
20865,4414,True
20866,3290,True
20867,17555,True
20868,1296,True
20869,1846,True
20870,3253,True
20871,198,True
20872,1296,True
20873,1375,True
20876,2065,True
20878,23203,True
20879,56566,True
20883,1064,True
20885,1036,True
20886,72932,True
20887,1126,True
20888,16516,True
20889,69173,True
20897,13573,True
20899,1586,True
20900,42208,True
20901,3932,True
20902,25010,True
20903,1600,True
20904,42066,True
20905,1431,True
20906,18954,True
20907,1655,True
20908,40506,True
20909,1888,True
20910,57697,True
20911,1445,True
20912,49358,True
20915,670,True
20928,5026,True
20929,832,True
20930,13253,True
20931,13627,True
20932,767,True
20933,767,True
20934,16406,True
20935,13618,True
20936,14550,True
20937,804,True
20938,1377,True
20939,20137,True
20940,24058,True
20941,74116,True
20942,59663,True
20943,43914,True
20944,1177,True
20945,1521,True
20946,28338,True
20947,14256,True
20948,36870,True
20949,33609,True
20950,903,True
20951,689,True
20952,903,True
20954,29418,True
20955,44091,True
20956,1688,True
20957,972,True
20958,14142,True
20959,15307,True
20960,1102,True
20961,14452,True
20962,51747,True
20963,1000,True
20964,26876,True
20965,5478,True
20966,985,True
20967,4668,True
20968,21204,True
20969,7250,True
20970,1138,True
20971,1338,True
20972,32867,True
20973,27806,True
20974,1015,True
20975,4685,True
20976,20677,True
20977,6736,True
20978,5776,True
20979,17629,True
20980,858,True
20981,45615,True
20982,1232,True
20983,46404,True
20984,891,True
20985,891,True
20986,1072,True
20987,37932,True
20988,15762,True
20989,1042,True
20991,40304,True
20992,951,True
20993,1657,True
20994,31033,True
20999,1277,True
21000,15078,True
21001,19170,True
21002,1159,True
21003,19637,True
21021,1961,True
21022,10325,True
21029,19342,True
21030,17431,True
21031,8089,True
21038,1684,True
21039,52998,True
21040,7046,True
21041,116471,True
21042,2785,True
21043,17758,True
21044,34561,True
21045,44110,True
21046,2064,True
21047,96457,True
21055,1226,True
21056,1880,True
21057,34745,True
21058,8069,True
21059,1155,True
21060,1153,True
21061,80644,True
21062,54878,True
21063,285748,True
21064,8298,True
21065,54878,True
21066,1729,True
21067,8211,True
21068,264281,True
21070,162476,True
21072,861,True
21073,21863,True
21074,67783,True
21075,11557,True
21076,2610,True
21077,44410,True
21079,64576,True
21087,1439,True
21088,1560,True
21115,9402,True
21142,1431,True
21143,33423,True
21144,39947,True
21152,3029,True
21154,740,True
21155,81698,True
21156,4032,True
21157,42063,True
21159,41870,True
21162,2969,True
21163,2274,True
21164,926,True
21171,1316,True
21172,34994,True
21173,41738,True
21174,771,True
21175,41413,True
21176,1483,True
21177,815,True
21178,82651,True
21179,37012,True
21180,907,True
21181,9971,True
21182,44054,True
21183,775,True
21184,35788,True
21186,419,True
21188,4624,True
21190,533,True
21191,46235,True
21192,35282,True
21193,2093,True
21194,2940,True
21195,41093,True
21196,2315,True
21197,60576,True
21198,14022,True
21199,2615,True
21200,21176,True
21201,56318,True
21202,7326,True
21203,1842,True
21204,21188,True
21205,51110,True
21206,2610,True
21207,1147,True
21208,3777,True
21209,767,True
21210,713,True
21211,603,True
21212,1578,True
21213,13626,True
21214,728,True
21215,21082,True
21216,12898,True
21217,846,True
21218,13428,True
21219,12950,True
21220,13678,True
21221,4250,True
21222,16199,True
21223,498,True
21224,79204,True
21226,823,True
21227,12376,True
21228,3722,True
21229,5350,True
21230,20711,True
21231,9104,True
21232,17461,True
21233,2655,True
21234,3378,True
21235,3682,True
21236,2145,True
21237,1568,True
21238,5437,True
21239,21937,True
21242,1154,True
21243,847,True
21244,46676,True
21245,40044,True
21247,570,True
21248,46573,True
21249,827,True
21251,6132,True
21252,40050,True
21253,21682,True
21255,1542,True
21256,45243,True
21257,146974,True
21258,27573,True
21259,22292,True
21260,30631,True
21261,11041,True
21262,4816,True
21263,10534,True
21264,47375,True
21265,23070,True
21266,1047,True
21267,11789,True
21268,116355,True
21269,5848,True
21270,34044,True
21271,3396,True
21272,51157,True
21273,6613,True
21274,7586,True
21275,33190,True
21276,700,True
21277,48895,True
21278,700,True
21279,93970,True
21280,32526,True
21281,31082,True
21282,20611,True
21283,33725,True
21284,22454,True
21285,28056,True
21286,31082,True
21287,1386,True
21288,39029,True
21289,39029,True
21290,6228,True
21291,8465,True
21292,50631,True
21293,602,True
21294,111283,True
21296,1101,True
21297,69985,True
21298,1277,True
21299,80052,True
21300,1080,True
21303,1054,True
21304,37457,True
21305,4935,True
21306,6840,True
21307,8923,True
21308,363,True
21309,2679,True
21310,2761,True
21311,737,True
21312,23980,True
21313,7072,True
21314,144678,True
21315,22088,True
21316,457,True
21318,2159,True
21319,697,True
21320,6881,True
21322,1752,True
21323,46315,True
21324,15827,True
21325,67649,True
21326,4085,True
21327,4540,True
21328,67649,True
21329,1639,True
21330,20708,True
21331,1567,True
21332,35813,True
21333,33058,True
21335,21579,True
21336,33423,True
21337,42144,True
21338,32664,True
21339,43004,True
21340,42144,True
21341,45288,True
21344,43864,True
21345,32076,True
21347,22689,True
21348,477,True
21349,1332,True
21350,1332,True
21351,89590,True
21352,1332,True
21353,57226,True
21354,116303,True
21355,116303,True
21356,56261,True
21357,23287,True
21358,925,True
21359,925,True
21361,1171,True
21364,30168,True
21367,956,True
21368,33058,True
21369,27048,True
21370,830,True
21371,39380,True
21372,1316,True
21376,4678,True
21377,30061,True
21378,628,True
21379,32899,True
21380,3481,True
21381,190050,True
21382,839,True
21383,43308,True
21385,43284,True
21386,1159,True
21388,4896,True
21389,110240,True
21390,6751,True
21391,6000,True
21392,73200,True
21393,71892,True
21394,6000,True
21395,13886,True
21396,29873,True
21397,42640,True
21398,760,True
21399,73200,True
21400,11562,True
21401,5614,True
21402,5614,True
21403,6192,True
21404,31873,True
21405,6129,True
21406,8740,True
21407,7614,True
21411,7140,True
21413,6805,True
21414,3097,True
21416,7614,True
21417,6762,True
21418,10258,True
21419,6192,True
21420,9890,True
21422,28374,True
21424,6479,True
21425,10258,True
21426,10645,True
21428,12896,True
21429,10869,True
21430,3554,True
21431,3165,True
21433,6988,True
21434,22398,True
21435,3554,True
21436,7865,True
21437,10869,True
21439,11128,True
21440,58607,True
21441,7865,True
21442,10645,True
21443,40336,True
21444,6688,True
21445,8740,True
21446,9663,True
21447,28374,True
21448,9890,True
21450,6778,True
21464,4962,True
21465,1927,True
21469,6805,True
21484,1106,True
21485,4962,True
21487,1106,True
21488,8118,True
21489,7331,True
21490,7870,True
21492,12896,True
21493,1358,True
21494,3097,True
21496,4045,True
21498,9663,True
21499,1927,True
21500,2496,True
21502,7870,True
21503,4045,True
21516,4331,True
21519,2496,True
21520,1358,True
21522,6129,True
21523,6762,True
21525,6688,True
21526,6479,True
21529,8066,True
21530,7331,True
21534,8066,True
21535,3165,True
21537,31873,True
21538,82747,True
21539,118581,True
21540,86563,True
21541,2062,True
21543,86563,True
21547,49064,True
21548,38216,True
21561,17138,True
21566,38216,True
21568,88600,True
21569,25804,True
21571,3360,True
21572,25962,True
21573,5979,True
21574,4894,True
21575,4825,True
21576,4825,True
21577,5894,True
21578,5979,True
21579,4933,True
21580,4825,True
21581,4825,True
21582,6067,True
21583,4933,True
21584,46716,True
21585,25191,True
21586,45464,True
21587,81453,True
21598,37233,True
21599,648,True
21600,32518,True
21601,723,True
21602,25991,True
21603,8076,True
21604,1168,True
21605,624,True
21606,18754,True
21607,3023,True
21608,20148,True
21609,12439,True
21610,3067,True
21611,783,True
21612,17191,True
21614,1178,True
21615,50699,True
21616,45919,True
21617,32042,True
21623,262356,True
21624,71770,True
21625,4939,True
21626,109166,True
21627,1624,True
21628,66506,True
21629,2812,True
21630,2812,True
21631,8730,True
21632,1624,True
21633,19268,True
21634,9078,True
21635,32042,True
21636,7209,True
21648,32648,True
21649,3556,True
21650,259849,True
21651,4618,True
21652,22677,True
21653,1607,True
21654,200,True
21655,10639,True
21656,10976,True
21657,7389,True
21658,17566,True
21659,290,True
21660,5719,True
21661,2632,True
21662,6203,True
21663,2145,True
21664,6541,True
21665,2540,True
21666,12650,True
21667,2272,True
21668,15350,True
21669,22471,True
21670,2244,True
21671,11809,True
21672,14639,True
21673,694,True
21674,62210,True
21675,1140,True
21676,11546,True
21677,40310,True
21678,7604,True
21679,25879,True
21680,44751,True
21681,27072,True
21682,28683,True
21683,47383,True
21686,101682,True
21687,70627,True
21688,25485,True
21689,25009,True
21691,34183,True
21692,629,True
21693,629,True
21694,64576,True
21695,67514,True
21696,71273,True
21697,71273,True
21698,82743,True
21699,100356,True
21700,71654,True
21701,162476,True
21702,100356,True
21703,67514,True
21704,217088,True
21705,82743,True
21706,9992,True
21707,2917,True
21708,2388,True
21709,2485,True
21710,13740,True
21711,4056,True
21712,16152,True
21713,5054,True
21714,10949,True
21715,12015,True
21716,3665,True
21717,6427,True
21718,1786,True
21729,56215,True
21730,35123,True
21731,145231,True
21732,51769,True
21734,51769,True
21736,36081,True
21737,112025,True
21738,26279,True
21739,28424,True
21741,55981,True
21742,4299,True
21743,144104,True
21744,3790,True
21745,82809,True
21746,2322,True
21747,71038,True
21748,76156,True
21749,722615,True
21750,4482,True
21751,5651,True
21752,19477,True
21753,8630,True
21754,3703,True
21755,17144,True
21756,8881,True
21757,12858,True
21758,12869,True
21759,5965,True
21760,15592,True
21761,4672,True
21762,16138,True
21763,4875,True
21764,744,True
21765,56631,True
21766,18464,True
21767,775,True
21768,12265,True
21769,198840,True
21770,775,True
21771,18384,True
21772,624,True
21773,67058,True
21774,682,True
21775,3694,True
21776,50502,True
21777,703,True
21778,180300,True
21779,16293,True
21780,743,True
21781,8566,True
21782,7189,True
21783,1291,True
21785,83467,True
21788,26317,True
21789,13753,True
21790,20415,True
21791,15178,True
21792,20415,True
21793,26142,True
21794,4723,True
21795,33146,True
21796,56543,True
21797,49428,True
21798,49428,True
21799,119051,True
21800,11218,True
21801,798,True
21802,35780,True
21803,32174,True
21804,18110,True
21805,47130,True
21806,32174,True
21807,798,True
21808,18110,True
21809,22824,True
21810,56075,True
21811,22824,True
21812,853,True
21813,33929,True
21814,258444,True
21815,64104,True
21816,3755,True
21817,43424,True
21818,112649,True
21819,19734,True
21820,261096,True
21821,74777,True
21822,3889,True
21823,70525,True
21824,60579,True
21825,231358,True
21826,50693,True
21827,36748,True
21828,8846,True
21829,34945,True
21830,41174,True
21831,20672,True
21832,7808,True
21833,33675,True
21834,15774,True
21835,7882,True
21836,135877,True
21837,49160,True
21838,10334,True
21839,226960,True
21840,38574,True
21841,10032,True
21842,34841,True
21843,17159,True
21844,11929,True
21845,57981,True
21846,42474,True
21847,72143,True
21848,232577,True
21849,103040,True
21850,33901,True
21851,6463,True
21852,55869,True
21853,128857,True
21854,1830,True
21855,95815,True
21856,96994,True
21857,1886,True
21858,2657,True
21859,2923,True
21860,1534,True
21861,5676,True
21862,2657,True
21863,1534,True
21864,18004,True
21865,10135,True
21866,3718,True
21867,92822,True
21868,658,True
21869,9430,True
21870,2254,True
21871,703,True
21872,37352,True
21873,14944,True
21874,1269,True
21875,646,True
21876,22043,True
21877,14857,True
21878,1219,True
21879,716,True
21880,15410,True
21882,1377,True
21883,14759,True
21884,1020,True
21885,3206,True
21886,1869,True
21888,2724,True
21889,160845,True
21890,675,True
21891,4136,True
21892,67056,True
21893,1804,True
21894,43536,True
21895,40194,True
21896,2193,True
21897,647,True
21898,1318,True
21899,651,True
21900,6601,True
21901,946,True
21902,163824,True
21903,802,True
21904,20863,True
21905,12586,True
21906,8054,True
21907,7025,True
21908,27252,True
21910,6608,True
21911,5344,True
21912,31079,True
21913,4670,True
21914,3220,True
21915,26515,True
21916,4654,True
21917,3225,True
21918,36084,True
21919,5346,True
21920,3246,True
21921,20510,True
21922,4573,True
21923,3374,True
21924,30333,True
21925,6621,True
21926,7018,True
21927,36612,True
21928,6681,True
21929,7635,True
21930,54569,True
21931,8150,True
21932,6234,True
21933,4817,True
21934,6402,True
21935,2847,True
21936,102195,True
21937,7215,True
21938,7431,True
21939,16463,True
21940,49087,True
21941,38214,True
21942,1294,True
21943,68706,True
21944,2826,True
21945,4087,True
21946,2167,True
21947,7218,True
21948,9133,True
21949,1284,True
21950,7881,True
21951,10742,True
21952,12366,True
21953,81881,True
21954,38271,True
21955,2766,True
21956,590,True
21957,693,True
21958,29553,True
21959,29438,True
21960,1353,True
21961,14879,True
21962,46849,True
21964,1234,True
21965,46849,True
21966,36491,True
21967,1234,True
21968,28460,True
21969,104334,True
21970,5089,True
21971,45622,True
21972,104334,True
21973,24937,True
21974,12135,True
21975,6981,True
21976,24937,True
21977,12135,True
21978,90205,True
21979,24426,True
21980,6910,True
21981,12083,True
21982,12083,True
21983,24426,True
21984,6981,True
21985,8442,True
21986,34607,True
21987,45699,True
21988,17678,True
21989,27431,True
21999,27123,True
22001,15387,True
22032,23298,True
22036,15612,True
22038,10289,True
22041,13527,True
22072,14411,True
22073,82768,True
22075,92168,True
22076,22778,True
22077,10803,True
22078,9240,True
22079,2682,True
22080,45681,True
22085,26494,True
22086,26494,True
22087,100782,True
22088,64946,True
22089,26494,True
22090,26494,True
22091,27431,True
22092,3671,True
22093,14699,True
22094,16978,True
22095,17352,True
22096,4574,True
22097,14172,True
22098,6739,True
22099,4030,True
22100,17111,True
22101,1867,True
22102,3671,True
22103,17111,True
22104,4574,True
22105,1867,True
22106,13648,True
22107,762,True
22108,13648,True
22109,14172,True
22111,4186,True
22112,1080,True
22113,4304,True
22114,22390,True
22116,4304,True
22117,8393,True
22120,9860,True
22121,4085,True
22122,4186,True
22125,3536,True
22126,13412,True
22127,5055,True
22128,4085,True
22129,12732,True
22130,4464,True
22131,12732,True
22132,12722,True
22133,5055,True
22134,16251,True
22135,12722,True
22136,22390,True
22137,4864,True
22140,4864,True
22141,8393,True
22142,5466,True
22143,14686,True
22144,5466,True
22145,9913,True
22146,14686,True
22147,1825,True
22148,9655,True
22150,11485,True
22151,12697,True
22152,9655,True
22153,9913,True
22154,7249,True
22155,12697,True
22156,7249,True
22157,11485,True
22159,21979,True
22160,28212,True
22161,40468,True
22162,21979,True
22163,9095,True
22164,17950,True
22165,10792,True
22166,10623,True
22167,9095,True
22168,4328,True
22169,12415,True
22170,10792,True
22171,25399,True
22172,21116,True
22173,21295,True
22174,19014,True
22175,22326,True
22176,18589,True
22177,5017,True
22178,21116,True
22179,16441,True
22180,5017,True
22181,531,True
22184,30756,True
22185,564,True
22186,693,True
22187,2730,True
22188,123118,True
22189,2961,True
22190,5993,True
22191,39740,True
22192,2406,True
22193,6961,True
22194,57286,True
22195,32083,True
22196,600,True
22197,65867,True
22198,32083,True
22199,71204,True
22200,32168,True
22201,32168,True
22202,915,True
22203,34988,True
22204,43013,True
22205,91604,True
22206,34790,True
22207,43388,True
22208,52661,True
22209,13375,True
22210,6629,True
22211,268819,True
22212,110048,True
22213,6796,True
22214,18138,True
22215,4846,True
22219,41211,True
22220,42198,True
22221,42198,True
22222,1413,True
22223,4275,True
22224,33245,True
22225,27006,True
22226,35326,True
22227,1525,True
22228,47201,True
22229,9013,True
22230,1947,True
22231,7833,True
22232,3797,True
22233,2187,True
22234,7018,True
22235,6005,True
22236,7018,True
22237,5971,True
22238,7358,True
22239,3657,True
22240,2187,True
22241,7358,True
22242,7051,True
22243,5971,True
22244,9375,True
22245,7365,True
22246,7051,True
22247,6005,True
22248,9375,True
22249,4110,True
22250,8635,True
22251,8778,True
22252,7778,True
22253,8442,True
22254,8778,True
22255,2282,True
22256,4110,True
22257,7778,True
22258,15366,True
22259,32118,True
22260,731,True
22261,36191,True
22263,893,True
22264,19559,True
22265,22034,True
22266,72482,True
22267,79709,True
22268,8468,True
22269,657,True
22270,490,True
22271,72482,True
22272,22309,True
22273,657,True
22274,33045,True
22275,79709,True
22276,568,True
22277,8472,True
22278,67411,True
22279,863,True
22280,747,True
22281,97730,True
22282,53794,True
22283,18701,True
22285,613,True
22286,32793,True
22287,669,True
22288,30292,True
22289,998,True
22290,998,True
22291,508,True
22292,312,True
22293,466,True
22294,388,True
22295,466,True
22296,34184,True
22297,19867,True
22298,590,True
22299,52214,True
22300,836,True
22301,16906,True
22302,950,True
22303,31314,True
22304,17263,True
22305,24369,True
22306,950,True
22307,24369,True
22308,5697,True
22309,44450,True
22310,851,True
22311,914,True
22312,1072,True
22313,456,True
22314,20865,True
22315,406,True
22316,29170,True
22317,565,True
22318,25577,True
22319,3616,True
22320,41937,True
22321,408,True
22322,72382,True
22323,18195,True
22324,936,True
22325,33322,True
22326,1084,True
22327,2595,True
22328,8166,True
22329,1319,True
22330,31558,True
22331,31861,True
22332,1277,True
22333,2706,True
22334,44108,True
22335,37130,True
22336,1341,True
22337,5217,True
22338,4084,True
22339,17442,True
22340,7645,True
22341,17389,True
22343,11954,True
22344,12680,True
22345,20847,True
22346,5077,True
22347,18658,True
22348,20442,True
22349,5077,True
22350,11954,True
22351,20991,True
22352,5217,True
22353,22692,True
22354,20991,True
22355,72414,True
22356,11386,True
22357,6235,True
22358,6235,True
22359,22621,True
22360,20847,True
22361,22621,True
22363,16019,True
22364,7645,True
22365,12680,True
22366,14939,True
22367,16019,True
22368,17389,True
22369,22692,True
22370,14939,True
22371,20442,True
22372,4084,True
22373,6629,True
22374,5192,True
22375,6629,True
22376,27583,True
22377,8316,True
22380,9731,True
22381,8316,True
22382,27583,True
22385,5192,True
22386,28683,True
22388,25882,True
22389,1371,True
22390,25586,True
22391,16388,True
22392,56013,True
22393,40906,True
22394,663,True
22395,14537,True
22396,26407,True
22397,49288,True
22398,21401,True
22399,1002,True
22400,576,True
22401,9700,True
22402,11315,True
22403,23558,True
22404,12810,True
22405,30481,True
22406,11733,True
22407,23287,True
22408,9595,True
22409,37662,True
22410,37662,True
22411,52150,True
22412,24624,True
22413,19716,True
22414,19949,True
22415,19966,True
22416,1306,True
22417,69892,True
22418,55540,True
22419,19966,True
22420,55540,True
22435,1670,True
22436,48732,True
22437,3930,True
22438,3719,True
22439,22066,True
22440,7093,True
22441,8505,True
22442,3013,True
22443,443,True
22444,455,True
22445,8789,True
22446,509,True
22447,26969,True
22449,10721,True
22452,2353,True
22455,68543,True
22458,24190,True
22460,24190,True
22461,31327,True
22463,37652,True
22464,31327,True
22465,19297,True
22466,33503,True
22467,33503,True
22468,47275,True
22472,28190,True
22473,18214,True
22474,16809,True
22475,12040,True
22476,11819,True
22477,18214,True
22479,11819,True
22480,23827,True
22481,15461,True
22482,16809,True
22483,15461,True
22484,14192,True
22485,46714,True
22486,13292,True
22487,48019,True
22488,14192,True
22489,15706,True
22490,47002,True
22491,13292,True
22492,46714,True
22493,47002,True
22495,12040,True
22496,21932,True
22497,14117,True
22498,21932,True
22499,20793,True
22500,18148,True
22501,14117,True
22502,15397,True
22503,20793,True
22504,121862,True
22505,1170,True
22506,38788,True
22507,23422,True
22508,536,True
22509,1712,True
22510,663,True
22511,38742,True
22512,1208,True
22513,1732,True
22514,25483,True
22515,1012,True
22516,32233,True
22519,785,True
22522,704,True
22523,726,True
22528,1046,True
22530,1814,True
22532,874,True
22535,590,True
22536,703,True
22538,22200,True
22543,40594,True
22544,23760,True
22545,40594,True
22546,17670,True
22547,5550,True
22548,17670,True
22549,69091,True
22550,29199,True
22551,12428,True
22552,26867,True
22553,33028,True
22554,20361,True
22555,13725,True
22556,15084,True
22557,12428,True
22558,991,True
22559,114763,True
22560,16851,True
22561,13803,True
22563,21865,True
22564,16828,True
22566,17196,True
22577,765,True
22580,662,True
22581,25625,True
22582,11799,True
22583,691,True
22584,743,True
22585,46699,True
22599,28282,True
22601,667,True
22602,31129,True
22603,28393,True
22604,1061,True
22605,740,True
22606,18238,True
22607,1093,True
22614,26315,True
22615,801,True
22617,6788,True
22618,1484,True
22625,29442,True
22627,504,True
22628,3756,True
22629,4972,True
22630,978,True
22631,3507,True
22632,743,True
22634,727,True
22635,727,True
22636,31574,True
22637,18680,True
22638,32256,True
22639,27719,True
22640,32256,True
22642,22087,True
22643,625,True
22644,57481,True
22645,625,True
22646,75536,True
22647,69809,True
22648,6670,True
22649,10340,True
22650,25866,True
22651,65804,True
22652,744,True
22653,744,True
22662,9169,True
22663,8654,True
22664,9169,True
22665,13221,True
22666,1563,True
22667,16163,True
22668,32750,True
22669,16163,True
22670,28440,True
22671,902,True
22672,902,True
22673,1871,True
22674,14834,True
22676,1871,True
22677,79373,True
22678,78615,True
22679,1028,True
22680,45204,True
22681,443,True
22682,22210,True
22683,632,True
22688,21472,True
22689,1028,True
22690,645,True
22691,22174,True
22692,18494,True
22694,21706,True
22696,630,True
22698,26542,True
22699,45505,True
22700,45505,True
22701,1563,True
22702,1532,True
22703,29121,True
22704,1670,True
22705,31050,True
22706,1992,True
22707,33183,True
22708,1168,True
22709,7076,True
22710,66150,True
22711,1246,True
22712,10976,True
22713,3883,True
22714,10045,True
22715,2709,True
22716,33347,True
22717,80338,True
22718,75669,True
22719,117493,True
22720,4093,True
22721,4973,True
22722,33187,True
22723,64037,True
22724,136573,True
22725,46814,True
22726,46143,True
22727,25312,True
22728,20195,True
22729,27424,True
22730,115316,True
22731,12480,True
22732,39154,True
22733,25312,True
22734,36494,True
22735,23321,True
22736,12480,True
22737,27424,True
22738,12977,True
22739,46274,True
22740,20195,True
