node_id,latitude,longitude
290573470,45.782313300000006,126.56863630000001
290573873,45.7848181,126.5659873
290576137,45.7837006,126.5671944
334296860,45.661900800000005,126.72565510000001
334304099,45.7035959,126.67899170000001
334304104,45.717280300000006,126.64598190000001
334304106,45.7205371,126.63993350000001
334304111,45.725134600000004,126.62670680000001
334304113,45.7294837,126.61402400000001
334304160,45.7640134,126.5912057
334304164,45.759801700000004,126.5966623
334304167,45.7556722,126.60406350000001
334304432,45.7555272,126.58553660000001
334304433,45.756923900000004,126.5894387
334304434,45.757342,126.59075100000001
334304444,45.7658921,126.59972440000001
334304448,45.7643501,126.6090286
334304999,45.782134500000005,126.55706740000001
334305000,45.783222300000006,126.55562130000001
334305011,45.760128400000006,126.586454
334305012,45.7683933,126.57533430000001
334305013,45.7745084,126.5673802
334324836,45.7794925,126.5754799
334325317,45.8038419,126.5469815
334325326,45.805497800000005,126.5462375
334325330,45.804068400000006,126.54600180000001
334358674,45.7581548,126.6304247
334360317,45.7578953,126.5840598
334360322,45.761024500000005,126.5886763
334360329,45.771578500000004,126.59792890000001
334360330,45.773465300000005,126.60147370000001
334360334,45.775199900000004,126.6064092
334360338,45.777078100000004,126.614856
334360339,45.7772245,126.6166855
334360341,45.777552500000006,126.6195419
334360346,45.778058,126.62127550000001
334360358,45.785085300000006,126.63506400000001
334360359,45.785767,126.63736010000001
334360363,45.788054100000004,126.64293
334360364,45.7887977,126.64431300000001
334360370,45.7983976,126.67558700000001
334360378,45.7960416,126.68851380000001
334360385,45.786307,126.69537050000001
334360388,45.763689500000005,126.70112890000001
334360390,45.7510307,126.70398080000001
334360391,45.7503551,126.70402980000001
334360403,45.7246624,126.67135920000001
334362011,45.711472400000005,126.7510326
334362019,45.725483600000004,126.73309180000001
334362020,45.7282518,126.71386980000001
334363416,45.786492200000005,126.77904880000001
334363420,45.7856946,126.76350760000001
334363421,45.785900700000006,126.75969210000001
334363428,45.7892724,126.74646530000001
334363429,45.7884128,126.74414730000001
334363433,45.790500900000005,126.73093700000001
334363442,45.7825852,126.6720659
334363443,45.772393300000005,126.66083330000001
334369610,45.7908971,126.54900950000001
334369611,45.7989376,126.54788850000001
334380061,45.8337966,126.73748400000001
334380065,45.8285106,126.7247696
334380072,45.8226886,126.72355270000001
334380073,45.8217646,126.7233235
334380074,45.818504000000004,126.72292920000001
334380078,45.7973617,126.7067538
334380312,45.814960600000006,126.7511968
334380318,45.802123400000006,126.7693217
334380319,45.799539200000005,126.7742755
334650460,45.7881,126.64689800000001
334650461,45.7886006,126.6485641
334650462,45.789105600000006,126.65024450000001
334650463,45.7896182,126.65195030000001
334650465,45.790700900000004,126.6555538
334650466,45.791304100000005,126.65756110000001
334650533,45.7869718,126.6476006
334650534,45.785192,126.6486835
334650535,45.784579,126.6490725
334650536,45.7846996,126.64947640000001
334650537,45.7833575,126.6502976
334650553,45.7864285,126.645904
334650576,45.7826997,126.6481866
334650578,45.779481000000004,126.65026040000001
335579308,45.675130100000004,126.6142827
338475995,45.7706791,126.7291328
338475997,45.7736268,126.7532503
338476001,45.7763507,126.7755649
401243633,45.729934400000005,126.7020049
401244518,45.734507300000004,126.70056690000001
401256777,45.763707600000004,126.70126200000001
401256780,45.7682331,126.69989070000001
401256897,45.7662787,126.7003459
401256955,45.767433700000005,126.70206540000001
401256957,45.767239200000006,126.69806240000001
401256965,45.766770300000005,126.6993116
401257628,45.767828300000005,126.7061874
401257629,45.767692600000004,126.7048458
401257632,45.7665579,126.6955279
401257634,45.766315500000005,126.69368270000001
401257636,45.7654712,126.68664450000001
401257637,45.7646053,126.67974620000001
401257640,45.763281500000005,126.66874650000001
401257641,45.7630126,126.66649720000001
401284761,45.7671902,126.6621312
401284762,45.7675989,126.66209690000001
401284763,45.7692245,126.6619562
401284764,45.770388000000004,126.6619385
401284787,45.7722095,126.6604358
401285165,45.770344,126.66156620000001
401285167,45.767569900000005,126.6619119
401285168,45.767166200000005,126.661951
401285241,45.772451200000006,126.66440510000001
401285243,45.772535700000006,126.6696174
401285245,45.773186300000006,126.6845181
401285414,45.7898391,126.69462100000001
401285557,45.7699616,126.7232694
402990784,45.7308564,126.6993233
402993318,45.7300977,126.69702600000001
402993689,45.729919800000005,126.69649390000001
402993698,45.728822,126.691433
402996797,45.725428300000004,126.67562360000001
402999317,45.7243842,126.67019010000001
403001899,45.7151015,126.66266110000001
403001983,45.715180600000004,126.66239220000001
403003332,45.713128700000006,126.65807430000001
403004953,45.7099466,126.66722030000001
403007383,45.7108301,126.66430840000001
403008330,45.7109314,126.6643592
403012305,45.7136207,126.6561482
403015186,45.7171906,126.6459166
403019414,45.7175002,126.6262332
403019463,45.724984400000004,126.626607
403022992,45.718505300000004,126.64171270000001
403025835,45.7262408,126.6229816
403033004,45.7231795,126.631488
403107551,45.7249587,126.62720110000001
403107593,45.7248139,126.6271097
403107799,45.724862900000005,126.62652630000001
403107801,45.7246923,126.62703300000001
403107919,45.725068400000005,126.6272703
403107920,45.725239900000005,126.62677670000001
403108046,45.7241851,126.62854850000001
403108049,45.7235476,126.63034110000001
403108246,45.725996,126.62325380000001
403108436,45.7263974,126.62351640000001
403108469,45.7241708,126.62894490000001
403108897,45.7290873,126.6147791
403109514,45.732987400000006,126.6044097
403110622,45.733069400000005,126.60379940000001
403110626,45.729378700000005,126.6139509
403112426,45.731101100000004,126.6097184
403112428,45.730774700000005,126.6094829
403112759,45.730820300000005,126.6099834
403112763,45.733614900000006,126.61173830000001
403113540,45.7336557,126.6116114
403113834,45.7309526,126.60960490000001
403113836,45.7278712,126.6075643
403114153,45.7278523,126.60777680000001
403115117,45.7393943,126.58732090000001
403115120,45.7352659,126.59810900000001
403115590,45.739511500000006,126.58745300000001
403115591,45.735358700000006,126.5981857
403117263,45.7416764,126.5844612
403118301,45.7436358,126.5856035
403118757,45.7488302,126.58972610000001
403119297,45.7533339,126.5931939
403119514,45.7563863,126.59148870000001
403122092,45.759211900000004,126.58523210000001
403124269,45.7584711,126.58825610000001
403196619,45.7681805,126.57479640000001
403196632,45.7600867,126.58588130000001
403198959,45.758610100000006,126.5862388
403199658,45.758382100000006,126.58801020000001
403207346,45.7609848,126.58898780000001
403207351,45.759782400000006,126.5889506
403208780,45.7639257,126.59141340000001
403211221,45.7520918,126.5927692
403211225,45.7524151,126.59265230000001
403211238,45.755430100000005,126.59046520000001
403213442,45.7500002,126.5979992
403213446,45.750958600000004,126.59563000000001
403213449,45.751295500000005,126.59483770000001
403214906,45.752254,126.58110010000001
403214911,45.7554664,126.58533200000001
403220285,45.7595522,126.58559310000001
403222071,45.7568204,126.58915900000001
403222072,45.7553435,126.5902224
403222076,45.7539632,126.5912452
403222079,45.752245200000004,126.59251450000001
403222083,45.7508824,126.5955658
403222084,45.7499363,126.5979355
403222927,45.746884200000004,126.60461640000001
403222930,45.7458545,126.60677240000001
403226219,45.766224400000006,126.5934254
403226224,45.771416200000004,126.59802010000001
403227045,45.771497100000005,126.59811230000001
403227047,45.773354000000005,126.60159720000001
403227051,45.774185900000006,126.60337460000001
403227059,45.774404700000005,126.6041835
403228431,45.7750555,126.60649060000001
403228445,45.7769519,126.61488440000001
403228450,45.7773863,126.61959010000001
403228462,45.7779966,126.6214444
403230602,45.783005,126.6296868
403234915,45.7865401,126.6399753
403237683,45.7886667,126.64444870000001
403237761,45.7849641,126.6350852
403237764,45.7856432,126.6374748
403237766,45.786149,126.6392885
403237773,45.7879653,126.6430612
403241527,45.7700788,126.6014952
403241530,45.770856800000004,126.5995379
403245438,45.7737149,126.61772090000001
403245444,45.774657000000005,126.6222853
403247399,45.7691753,126.6040456
403247403,45.768739200000006,126.60529240000001
403247407,45.7682896,126.6065779
403247411,45.7678335,126.60788170000001
403247415,45.7673779,126.6091842
403247425,45.766848100000004,126.6107101
403247433,45.7662892,126.61231950000001
403247444,45.765462500000005,126.6147002
403250413,45.7521459,126.6053504
403250528,45.756165100000004,126.6086678
403251665,45.7645525,126.6148452
403251671,45.764933600000006,126.6163444
403251675,45.7627995,126.61379430000001
403251678,45.7609979,126.6125066
403251682,45.7577888,126.6101438
403255677,45.746512300000006,126.62223230000001
403255680,45.746414900000005,126.62239550000001
403256925,45.7453343,126.62425520000001
403258233,45.752281700000005,126.61246940000001
403262761,45.7424267,126.629356
403263138,45.743853,126.62686470000001
403276223,45.7378878,126.63731990000001
403276724,45.7371574,126.6415156
403276736,45.737543800000005,126.63807960000001
403278089,45.7324484,126.63772300000001
403278090,45.7337873,126.6386734
403278101,45.7341629,126.63927690000001
403279006,45.7373022,126.64173190000001
403282179,45.736647700000006,126.64101140000001
403300835,45.736738900000006,126.64524660000001
403300959,45.734204000000005,126.65291990000001
403302313,45.741747200000006,126.6487074
403302314,45.7395276,126.64519010000001
403302708,45.7414186,126.64940680000001
403302711,45.741506900000005,126.64981110000001
403302714,45.7416211,126.6499818
403304144,45.7172618,126.6268881
403304199,45.725373600000005,126.6326401
403304724,45.732110500000005,126.63730720000001
403306019,45.7292853,126.63492620000001
403306020,45.728781000000005,126.6344121
403306021,45.725577200000004,126.6321123
403306022,45.7242392,126.63114920000001
403306023,45.7183885,126.6276698
403306332,45.7321698,126.6371189
403308900,45.737819900000005,126.63725050000001
403310827,45.730925600000006,126.63588530000001
403311897,45.729357900000004,126.6347116
403313330,45.7292031,126.6351695
403313444,45.729063700000005,126.6353756
403313612,45.730688300000004,126.6365521
403314521,45.7240659,126.63168630000001
403316635,45.7239486,126.6304841
403316636,45.7245414,126.62879190000001
403328069,45.7342384,126.6119536
403328075,45.7331511,126.6112801
403329083,45.728795100000006,126.60827160000001
403329415,45.728763900000004,126.60837000000001
403329418,45.733115100000006,126.6113715
403329681,45.7343612,126.612335
403330174,45.7274243,126.60723820000001
403330684,45.7273518,126.60744860000001
403345544,45.7261706,126.60638
403345546,45.7241749,126.60497230000001
403345548,45.7220938,126.6034838
403349464,45.7161291,126.60507860000001
403349466,45.7129404,126.60581040000001
403349469,45.7098886,126.6064932
403349477,45.695438,126.60961230000001
403349484,45.6850128,126.61187400000001
403349486,45.6832232,126.61229540000001
403351241,45.709913900000004,126.60676420000001
403351255,45.722009,126.6037692
403354002,45.7213324,126.6057631
403357856,45.7228019,126.6013829
403357859,45.723658900000004,126.59884040000001
403357864,45.724462100000004,126.59730990000001
403357877,45.7284007,126.59030910000001
403357880,45.728989600000006,126.58953380000001
403357889,45.7351327,126.58148100000001
403359260,45.7408884,126.5832517
403359263,45.7410755,126.5834612
403361489,45.7465531,126.59479400000001
403361492,45.7439794,126.5923716
403361495,45.7425039,126.59098350000001
403361498,45.742326500000004,126.59082760000001
403361521,45.7394631,126.58812340000001
403361529,45.739104000000005,126.58769350000001
403364660,45.7376445,126.59152700000001
403365627,45.7381152,126.5913967
403367327,45.733142300000004,126.6045237
403367329,45.7356981,126.59790950000001
404578760,45.7000831,126.5302498
404585578,45.7460383,126.6559969
404596712,45.746497600000005,126.59491720000001
404596727,45.7406191,126.5945681
404596768,45.7330187,126.58637590000001
404596794,45.731309200000005,126.58393470000001
404596797,45.729277100000004,126.58068850000001
404596802,45.7289607,126.58022720000001
404596808,45.7281071,126.57913130000001
404596813,45.7266313,126.57785480000001
404596827,45.724034700000004,126.57452280000001
404596834,45.720852900000004,126.56956400000001
404596844,45.712935800000004,126.5575474
404597536,45.7489544,126.6612135
404613154,45.7441301,126.6525026
404621875,45.7426005,126.6606612
404622809,45.7427082,126.6609325
404622821,45.7495519,126.6620355
404625285,45.7468425,126.66789720000001
404628409,45.741145700000004,126.65827180000001
404628417,45.7405704,126.65744720000001
404628426,45.7404318,126.6572895
404628439,45.737447,126.65513720000001
404628444,45.735137900000005,126.65355670000001
404629489,45.7198439,126.6428135
404630030,45.719807100000004,126.64290960000001
404632205,45.729936800000004,126.65012920000001
404632214,45.7341624,126.65303850000001
404632227,45.737326100000004,126.65527820000001
404633305,45.740296,126.65745940000001
404633309,45.7404285,126.6576162
404633313,45.7425341,126.6609147
404633326,45.746710500000006,126.6678844
404637118,45.7183675,126.6418196
404639582,45.718337500000004,126.64191530000001
404640342,45.7164738,126.64065260000001
404641802,45.719664400000006,126.64105180000001
404642363,45.718899900000004,126.6405194
404642371,45.7183677,126.64209530000001
404642377,45.717305,126.6450492
404652237,45.774187600000005,126.65722040000001
404652533,45.771922100000005,126.66085860000001
404653119,45.771964000000004,126.66096160000001
404653143,45.7742462,126.6572881
404656641,45.7693238,126.66175120000001
406091148,45.7513537,126.625719
406091154,45.7518119,126.62490570000001
406091158,45.7534264,126.62205700000001
406094257,45.7449425,126.6246445
406094302,45.7536615,126.63083970000001
406094306,45.7530457,126.62888910000001
406094311,45.7523895,126.6269443
406095950,45.7528991,126.62603630000001
406097326,45.7472371,126.6270372
406109729,45.7588255,126.6287039
406109735,45.757698000000005,126.6315115
406109739,45.7567284,126.63384280000001
406111974,45.762576,126.62609750000001
406113681,45.762720200000004,126.62903680000001
406114042,45.7627272,126.6291441
406117812,45.754027400000005,126.63929370000001
406120040,45.7528633,126.64150210000001
406120051,45.7508454,126.6443031
406122629,45.7413882,126.65644390000001
406122637,45.747236900000004,126.6490461
406122643,45.751680500000006,126.64344150000001
406122651,45.7529447,126.64156620000001
406122655,45.7535716,126.6404557
406122658,45.754196300000004,126.6394865
406130907,45.7470342,126.64625900000001
406130931,45.751710100000004,126.6538828
406130934,45.752698,126.65495410000001
406130944,45.7563887,126.65916580000001
406135442,45.7627042,126.6641948
406135445,45.7624982,126.6614615
406135449,45.763764300000005,126.6625293
406140294,45.767815000000006,126.7027554
406140309,45.768076900000004,126.7012851
406143507,45.767091400000005,126.70125220000001
406143584,45.766892600000006,126.6989465
406149779,45.766164100000005,126.69372650000001
406149782,45.7664428,126.69578030000001
406149790,45.7674182,126.7037791
406149794,45.767711500000004,126.70622100000001
406151029,45.765257500000004,126.68655600000001
406151033,45.765274500000004,126.6866942
406441967,45.7403223,126.66724470000001
406441990,45.743797900000004,126.66760780000001
406444286,45.737264100000004,126.6611342
406444289,45.7373769,126.6613305
406444292,45.738793400000006,126.66395750000001
406444297,45.7402865,126.66629200000001
406445403,45.735387200000005,126.68115920000001
406445417,45.734019700000005,126.680794
406445419,45.7319047,126.68024630000001
406447361,45.7311557,126.68548050000001
406447365,45.731597400000005,126.6823873
406447368,45.731291600000006,126.6772088
406447372,45.7303841,126.6728094
406447375,45.7292925,126.6669971
406449014,45.7287971,126.6782495
406449019,45.7227733,126.680734
406449021,45.719893400000004,126.68191080000001
406451324,45.725426600000006,126.69472660000001
406451327,45.724287800000006,126.68629360000001
406451328,45.723647500000006,126.68463360000001
406451330,45.722216700000004,126.6780983
406451332,45.721963900000006,126.67307500000001
406451333,45.7214606,126.6702041
406451967,45.726039,126.69865340000001
406451996,45.7256889,126.70324160000001
406456487,45.7338018,126.69976510000001
406456491,45.7314585,126.69910890000001
406456690,45.7313312,126.6996383
406456698,45.733739,126.70035100000001
406457010,45.734589400000004,126.6999844
406458792,45.7276989,126.7178954
406459681,45.7334947,126.7195611
406465630,45.7395493,126.73083100000001
406465633,45.7428552,126.73006330000001
406465654,45.766448000000004,126.7242449
406475537,45.7346469,126.68661200000001
406475540,45.7318774,126.6857695
406475550,45.7273914,126.68474830000001
406481836,45.7248407,126.6845816
406483193,45.724839,126.6846945
406486067,45.727144,126.6846483
406486071,45.727207,126.6850067
406487679,45.7235719,126.68450130000001
406488788,45.724837300000004,126.684802
406491946,45.7300504,126.6855972
406491951,45.7311071,126.68585270000001
406491954,45.7318553,126.68598510000001
406494822,45.7270878,126.6823375
406494829,45.729424800000004,126.681319
406496463,45.7346206,126.68680090000001
406501678,45.745823400000006,126.6900399
406501685,45.7484691,126.69067810000001
406501695,45.7487154,126.69069350000001
406510114,45.7599499,126.68804340000001
406510116,45.7625678,126.6873884
406510118,45.7675314,126.686107
406510119,45.773211700000004,126.6846979
406510126,45.7781013,126.68296740000001
406510133,45.781207,126.67978910000001
406513196,45.7844988,126.6718125
406513200,45.784078300000004,126.67099850000001
406513848,45.784820100000005,126.6724774
406515190,45.790619400000004,126.69173420000001
406515193,45.7899364,126.6892411
406515196,45.7875974,126.6816495
406532676,45.7840398,126.6771915
406532706,45.7654532,126.6865046
406532709,45.762548200000005,126.68723480000001
406532712,45.7599335,126.6878963
412198260,45.8088057,126.54693280000001
412198486,45.8059103,126.5523981
412198572,45.805821200000004,126.55249540000001
412198615,45.805323200000004,126.53991520000001
412198649,45.806656200000006,126.533861
412198653,45.8051528,126.53952620000001
412198661,45.8087754,126.5463251
412199227,45.8060525,126.54685980000001
412199233,45.8034453,126.5473474
412199234,45.8060623,126.54704290000001
412199346,45.799877800000004,126.5477944
412199347,45.800895800000006,126.5478951
412199348,45.802385300000005,126.547696
412199349,45.803118600000005,126.54768750000001
412199512,45.8030622,126.54684780000001
412199514,45.8006754,126.5472795
412199700,45.7988178,126.54213750000001
412199918,45.808125200000006,126.54680800000001
412199931,45.8080027,126.5466358
412200537,45.815112500000005,126.5459289
412200538,45.818082700000005,126.5451539
412200658,45.815112600000006,126.54573560000001
412200838,45.8241564,126.5411303
412200839,45.822863600000005,126.5422226
412200844,45.8151226,126.54552860000001
412200846,45.813623,126.54566290000001
412200882,45.8095726,126.54685470000001
412200886,45.816213000000005,126.54596240000001
412200889,45.819426,126.5448757
412200893,45.8245786,126.54206690000001
412200960,45.8063439,126.55945690000001
412200961,45.806117500000006,126.555688
412201011,45.8060309,126.55575730000001
412201075,45.806404900000004,126.5601529
412201557,45.8077753,126.5464414
412201738,45.807819800000004,126.53987590000001
412201866,45.798918300000004,126.547655
412201869,45.7949518,126.54815450000001
412201871,45.790860300000006,126.5488284
412201877,45.784043000000004,126.55423090000001
412201897,45.794965100000006,126.54836340000001
412202068,45.783101,126.5555065
412202069,45.7820741,126.55687030000001
412202349,45.7743632,126.56716100000001
412475298,45.7503047,126.58813
412475302,45.7509625,126.58297900000001
412475424,45.749787500000004,126.58324510000001
412475426,45.750504500000005,126.5889525
412475427,45.7526256,126.58742930000001
412475428,45.7539582,126.58644600000001
412475429,45.7568575,126.58422560000001
412475432,45.7579342,126.58677200000001
412475502,45.7563479,126.5878806
412475503,45.7549008,126.58896530000001
412475504,45.7535223,126.58996800000001
412475557,45.7534405,126.5900227
412475843,45.755778500000005,126.59142030000001
412475844,45.754462200000006,126.58776160000001
412475845,45.754028500000004,126.58661790000001
412475846,45.7532817,126.58545930000001
412475847,45.7513261,126.58597730000001
412475865,45.752886200000006,126.59369050000001
412475866,45.7534154,126.5933088
412475980,45.7649125,126.60924510000001
412475981,45.763528,126.60824570000001
412475983,45.7596183,126.60537540000001
412475984,45.757549700000006,126.60419780000001
412475985,45.755883000000004,126.6035451
412475988,45.7538045,126.6017836
412476725,45.758264700000005,126.601785
412476975,45.7606921,126.602545
412476979,45.761933400000004,126.60222130000001
412476993,45.7526354,126.60062070000001
412477071,45.7619077,126.60208910000001
412477077,45.7582934,126.6016859
412477079,45.7571857,126.6005265
412477290,45.760916800000004,126.6063819
412477291,45.760670000000005,126.6076476
412477292,45.7603845,126.60901820000001
412477330,45.7613915,126.60467100000001
412477361,45.7601117,126.60408860000001
412477362,45.7590477,126.6068582
412477363,45.758626400000004,126.6079378
412477365,45.756940900000004,126.61235800000001
412477366,45.7566081,126.6132498
412477509,45.7581624,126.6064127
412477510,45.7570558,126.6058694
412477512,45.755667900000006,126.6042603
412477564,45.7578775,126.60295930000001
412477565,45.7568107,126.6068051
412477566,45.7564118,126.60900310000001
412477567,45.7557929,126.61031930000001
412477568,45.755445800000004,126.6115175
412477569,45.7551787,126.61240330000001
412477570,45.754908400000005,126.61337280000001
412477571,45.754696800000005,126.6141034
412477649,45.757867000000005,126.6074641
412477650,45.759497200000006,126.60846090000001
412477651,45.761586300000005,126.6097775
412477652,45.7626356,126.6104308
412477653,45.7634315,126.61093580000001
412477654,45.7644206,126.6088823
412477800,45.7623253,126.61347590000001
412477812,45.7617903,126.61312050000001
412477813,45.762667500000006,126.6076206
412478112,45.7554977,126.60406300000001
412478115,45.7549658,126.603346
412479103,45.7522887,126.5827747
412479109,45.747390700000004,126.5809502
412479110,45.7469575,126.5770777
412479111,45.746168700000005,126.57210710000001
412479119,45.743854500000005,126.57211640000001
412479120,45.740587700000006,126.5721704
412479542,45.7408817,126.5759926
412479544,45.741109800000004,126.57768370000001
412479549,45.740933500000004,126.5831206
412479611,45.7411301,126.5832378
412479619,45.741373800000005,126.5784299
412479625,45.741021800000006,126.57596020000001
412479664,45.740899600000006,126.5742407
412479665,45.7411431,126.5759321
412480640,45.736561200000004,126.6077975
412480641,45.735923500000006,126.6089817
412480682,45.7430225,126.6220646
412480686,45.7401561,126.61877120000001
412480687,45.739546100000005,126.6180666
412480688,45.7392461,126.617716
412480689,45.7383948,126.6167125
412480690,45.737436900000006,126.61561950000001
412480691,45.736411600000004,126.6144251
412480705,45.7437855,126.6267847
412480706,45.7452753,126.6241851
412481424,45.7392283,126.6528792
412481429,45.7402232,126.6516318
412483002,45.738532600000006,126.65359910000001
412483004,45.737364500000005,126.65509610000001
412483434,45.738600500000004,126.64909530000001
412483435,45.738781,126.64543520000001
412483642,45.731909300000005,126.6595281
412485033,45.728365800000006,126.66732800000001
412485034,45.731570100000006,126.6661433
412485035,45.7332072,126.665514
412485036,45.7333924,126.6654204
412485039,45.7356697,126.6632677
412485146,45.733311500000006,126.6651789
412485148,45.7312704,126.66587340000001
412485149,45.728903300000006,126.66699650000001
412485290,45.734219700000004,126.67926680000001
412485348,45.7357693,126.6753345
412485397,45.725051900000004,126.6687078
412485507,45.7241901,126.67026890000001
412485568,45.7236022,126.66937250000001
412485588,45.723578100000005,126.66922710000001
412485589,45.7214381,126.6700632
412485778,45.7237244,126.66882330000001
412486148,45.724894400000004,126.6684749
412486422,45.7264725,126.6678241
412486423,45.7259055,126.66486320000001
412486507,45.724322300000004,126.6655041
412486512,45.7235475,126.66586380000001
412486850,45.7239738,126.67223910000001
412486858,45.723399900000004,126.66945120000001
412489565,45.7698126,126.72330570000001
412489571,45.770545600000005,126.72919850000001
412489572,45.771394,126.7362322
412489576,45.7735125,126.75350730000001
412490556,45.774444800000005,126.7610678
412490559,45.7752787,126.7678774
412490561,45.776230500000004,126.7757287
412490724,45.7774876,126.79354520000001
412503538,45.790385300000004,126.77640350000001
412504179,45.8133708,126.8004963
412564883,45.815050400000004,126.75398630000001
412727847,45.821604300000004,126.57801740000001
412727853,45.818338100000005,126.5625188
412727854,45.8137058,126.5631132
412727857,45.815059600000005,126.56973350000001
412727860,45.815612900000005,126.57843690000001
412727887,45.8154282,126.5756231
412727891,45.819949300000005,126.5743987
412728330,45.814898,126.57855900000001
412728334,45.8110774,126.59112340000001
412728335,45.809084000000006,126.5959466
412728531,45.7831333,126.6296145
412728533,45.777320100000004,126.6329482
412728534,45.7769421,126.63314310000001
412728535,45.7729407,126.6354666
412728536,45.770176600000006,126.6370347
412754507,45.800862800000004,126.53453560000001
412754527,45.801063500000005,126.534486
412754529,45.8010698,126.53386350000001
412754530,45.8006863,126.53401400000001
412754565,45.801705000000005,126.5344072
412754566,45.8067014,126.5336173
412754646,45.801746800000004,126.53420150000001
412754789,45.7993393,126.52689660000001
412755308,45.802241300000006,126.53414180000001
412755310,45.8021772,126.5343502
412759151,45.7849875,126.5696369
412759152,45.7850873,126.56982710000001
412759153,45.7863939,126.57227420000001
412759154,45.787248600000005,126.5738668
412759162,45.7845626,126.5785297
412759164,45.7840177,126.5793467
412759294,45.7808665,126.5654288
412759296,45.7805704,126.56609160000001
412759298,45.7786516,126.56779470000001
412759300,45.7771326,126.56940410000001
412759685,45.781367,126.5594535
412759690,45.7803507,126.57463200000001
412759691,45.780427,126.57479620000001
412759693,45.781566000000005,126.5769436
412759697,45.7828637,126.57670900000001
412759748,45.7859275,126.56819100000001
412759749,45.7863586,126.5689547
412759750,45.788315000000004,126.57273550000001
412760015,45.788614200000005,126.57241470000001
412760139,45.7837612,126.5712735
412760141,45.783367500000004,126.5710009
412760142,45.7832298,126.57114720000001
412760143,45.7831908,126.5715751
412760144,45.783289100000005,126.57175830000001
412760145,45.783568300000006,126.57182410000001
412760146,45.783702600000005,126.57169520000001
412760337,45.7819536,126.56866450000001
412760339,45.781951500000005,126.56902430000001
412760341,45.782196400000004,126.5691367
412760343,45.7823129,126.5690187
412760394,45.784604800000004,126.57378340000001
412760395,45.784623,126.57425780000001
412760397,45.7850307,126.57382100000001
412760398,45.7847372,126.5736526
412760426,45.7829563,126.57603160000001
412760427,45.781544000000004,126.5733476
412760428,45.7816327,126.5735164
412760632,45.7836609,126.5710681
412760633,45.7846484,126.5689904
412760636,45.7855718,126.56890080000001
412760637,45.7857563,126.569246
412760640,45.7854357,126.5704912
412761121,45.781576900000005,126.55783240000001
412761266,45.7848204,126.56448850000001
412761273,45.790614500000004,126.5749918
412761275,45.790628500000004,126.5755027
412761278,45.784064300000004,126.58520050000001
412761282,45.7801069,126.5874945
412761310,45.7820279,126.59193570000001
412761439,45.776943300000006,126.5844713
412761442,45.7720811,126.5778071
412761659,45.784164600000004,126.58550140000001
412767432,45.7892475,126.6461917
412767433,45.7897532,126.6478529
412767434,45.7902685,126.6495287
412767435,45.790775200000006,126.65122590000001
412767436,45.7912757,126.6529127
412767437,45.791842100000004,126.6548077
412767715,45.794748500000004,126.66422030000001
412767718,45.798281100000004,126.6756675
412768377,45.796564100000005,126.68394490000001
412768758,45.796637200000006,126.6839918
412768762,45.7977548,126.6818918
412769196,45.801411400000006,126.6735045
412769378,45.795969400000004,126.6885096
412770466,45.799011300000004,126.6751629
412772641,45.7977447,126.6703904
412772645,45.7967674,126.66601310000001
412772659,45.795452100000006,126.65042140000001
412772661,45.794741900000005,126.6483635
412772664,45.7928494,126.64241550000001
412772665,45.792213600000004,126.64079910000001
412772667,45.791414200000006,126.6393278
412772668,45.790492500000006,126.6378959
412772669,45.789711100000005,126.6365854
412772670,45.788063900000004,126.63399220000001
412772671,45.787283200000005,126.632789
412772857,45.7872501,126.64144320000001
412774484,45.794882400000006,126.66421840000001
412774895,45.7933194,126.6637242
412774901,45.789132800000004,126.6594127
412774902,45.788384300000004,126.6570724
412775016,45.7918019,126.65424770000001
412775020,45.7851737,126.6588049
412775458,45.7844786,126.6626013
412775461,45.7836555,126.66667240000001
412775807,45.782811900000006,126.6718311
412775809,45.7834622,126.66841570000001
412776006,45.774923400000006,126.65608110000001
412780485,45.779513300000005,126.65036740000001
412780508,45.782757000000004,126.64836520000001
412780511,45.7887448,126.6445743
412780648,45.774852800000005,126.65600230000001
412780756,45.7811242,126.65118090000001
412780759,45.7795147,126.64408230000001
412947208,45.675942600000006,126.77157090000001
412947215,45.688742000000005,126.76641670000001
412947217,45.692236,126.76641350000001
412947293,45.671067300000004,126.75220030000001
412947294,45.675558800000005,126.7833726
412947295,45.6760086,126.7798106
412947341,45.676068900000004,126.77858330000001
412947614,45.6749591,126.7784974
412947640,45.676155400000006,126.77682340000001
412947672,45.6757329,126.7767773
412947674,45.675283,126.77852250000001
412947675,45.675193,126.78002520000001
412947876,45.6756613,126.7785518
412947877,45.675558800000005,126.78004240000001
412948274,45.6778917,126.7827632
412948278,45.676464900000006,126.7798492
412948282,45.6765004,126.78178480000001
412948398,45.6768123,126.77987850000001
412948420,45.6767942,126.78298640000001
414087381,45.7022405,126.7705095
414090506,45.677635200000005,126.7100518
414091159,45.6737662,126.7158481
414092274,45.6798781,126.72076960000001
414093186,45.682234,126.72179200000001
414093187,45.684332700000006,126.72266750000001
414093196,45.6860596,126.7299545
414093206,45.6906418,126.7385024
414093209,45.6878164,126.745344
414093211,45.686881,126.74609930000001
414093226,45.673045,126.76009540000001
415662761,45.7092096,126.75060130000001
415667682,45.731287300000005,126.75872220000001
415669228,45.785375200000004,126.70951960000001
415985176,45.677998800000005,126.6415685
415985177,45.678010900000004,126.64170850000001
415985183,45.6795295,126.6520253
415992974,45.6750358,126.642317
415992975,45.675706500000004,126.6422273
415992985,45.7117968,126.6381973
415992986,45.711366000000005,126.6382968
415992995,45.704685700000006,126.63629010000001
415992997,45.698676500000005,126.63704050000001
415993004,45.675686000000006,126.64203750000001
415993543,45.711819000000006,126.63836140000001
415993551,45.698278800000004,126.6372881
415993554,45.698700800000005,126.6372348
415993558,45.704710000000006,126.63646080000001
415993594,45.7113796,126.63844530000001
415993693,45.698377300000004,126.63429710000001
415993694,45.6980444,126.63237670000001
415993696,45.697675600000004,126.6285675
415993697,45.698256,126.6371115
415993698,45.6974408,126.6286292
415993699,45.6977721,126.6315534
415993700,45.697881,126.63241280000001
415993762,45.695659500000005,126.60955440000001
415993763,45.697636900000006,126.62822340000001
415993764,45.6967159,126.61946270000001
415993765,45.696202,126.61468070000001
415993767,45.695699100000006,126.60992710000001
415993780,45.6954785,126.60998740000001
415993785,45.695985900000004,126.61472710000001
415993787,45.696480300000005,126.61950180000001
415993788,45.6974123,126.62827560000001
415993794,45.6971603,126.62603430000001
415993843,45.6962545,126.6262408
415993850,45.690370900000005,126.6255256
415993912,45.6928022,126.6296379
415993913,45.695153000000005,126.62912940000001
415993914,45.6964289,126.6288413
415993915,45.699992300000005,126.6280586
415993917,45.7043989,126.6267325
415993920,45.703486700000006,126.61802370000001
415994008,45.7032138,126.61806460000001
415994009,45.7035178,126.6207289
415994010,45.7038529,126.6238672
415994011,45.704154800000005,126.62679150000001
415994012,45.6999568,126.62767280000001
415994013,45.696421,126.6284724
415994014,45.6951199,126.6287573
415994015,45.692751300000005,126.6292576
415994292,45.702768400000004,126.61139460000001
415994294,45.702462100000005,126.60809710000001
415994309,45.7014002,126.61851340000001
415994312,45.710955600000005,126.6163946
416055431,45.6767065,126.55132490000001
416055437,45.6789083,126.55584830000001
417641819,45.6740493,126.5881588
417641820,45.6744013,126.58824290000001
417642402,45.6750096,126.570231
417643345,45.6822625,126.56713020000001
417643350,45.688684800000004,126.58013100000001
417643357,45.7002997,126.58899720000001
417643359,45.7077547,126.58737490000001
417643361,45.7140615,126.58740940000001
417643362,45.714032800000005,126.58762870000001
417643364,45.715180200000006,126.59640630000001
417643365,45.7157884,126.605461
418792978,45.670998600000004,126.55221470000001
418792979,45.673259200000004,126.5470016
418795681,45.6972376,126.53661550000001
418795936,45.700822900000006,126.54165080000001
418796248,45.7056289,126.54345710000001
418797815,45.7046465,126.54667850000001
418803812,45.6991184,126.53076270000001
418805073,45.7044993,126.5466945
418805076,45.706722500000005,126.54965390000001
418805147,45.702608500000004,126.5441732
418806323,45.6971939,126.5594501
418806430,45.6972055,126.55873770000001
418806435,45.6972688,126.55909340000001
418808470,45.710517800000005,126.55475630000001
493138058,45.762275200000005,126.6626325
562862718,45.7615485,126.6194473
567877248,45.774538,126.60410820000001
567877257,45.770464000000004,126.5970994
604389297,45.7591393,126.6111542
610579518,45.811346400000005,126.55503200000001
610579522,45.7725926,126.60536920000001
610579525,45.7566805,126.61505240000001
610579527,45.7677807,126.61402070000001
610579529,45.768078100000004,126.62266620000001
610579530,45.7675769,126.6203102
610579531,45.7745411,126.6123172
610579532,45.7732119,126.60752980000001
610579533,45.7757549,126.61201140000001
610579534,45.7761152,126.615131
610579586,45.818319900000006,126.5856231
610579642,45.816023,126.5927551
651277582,45.643036,126.6508878
656621931,45.8462265,126.53254150000001
665770255,45.796240100000006,126.65169170000001
665770292,45.8549298,126.6214262
665772905,45.8199174,126.63763410000001
665776436,45.826224200000006,126.60446010000001
665776438,45.8260414,126.60463050000001
665776439,45.8227623,126.60721980000001
665776447,45.808026600000005,126.61804230000001
677291088,45.7731761,126.5763376
677291089,45.775707700000005,126.5762155
677291092,45.7780318,126.57311050000001
677291093,45.778601200000004,126.57541420000001
677291094,45.777745200000005,126.57659520000001
677291098,45.7798967,126.58225250000001
677291100,45.7777138,126.5830078
677291101,45.7773343,126.5834779
677291102,45.777091000000006,126.58411090000001
677291104,45.777231900000004,126.58267900000001
677291107,45.7750343,126.5722358
677291115,45.773253600000004,126.5725517
677291119,45.7761123,126.57875670000001
677291120,45.7760849,126.57945880000001
677292302,45.762597500000005,126.6142813
677292304,45.7629583,126.6160737
677292305,45.7635221,126.61882630000001
677292309,45.7621029,126.6154535
677292312,45.7650012,126.6214582
677292314,45.763720600000006,126.619855
677292316,45.764143600000004,126.62182840000001
677292317,45.764631,126.6241475
677292318,45.765091500000004,126.62637280000001
677292324,45.7702316,126.62417490000001
677292327,45.765870400000004,126.614502
677292328,45.766366500000004,126.61799540000001
677292331,45.764848900000004,126.6093905
677292332,45.7641939,126.61076340000001
677292333,45.7635056,126.61224870000001
677292337,45.765250900000005,126.6077396
677292338,45.765684300000004,126.60801660000001
677292339,45.767815500000005,126.6105165
677292341,45.7685225,126.61383850000001
677292342,45.7689448,126.61724620000001
677292343,45.7692825,126.61960400000001
677292345,45.7697677,126.6219305
677292346,45.770605,126.6260912
677292351,45.766813600000006,126.6142643
677292353,45.767347300000004,126.61771920000001
677292356,45.762940500000006,126.62232370000001
677292368,45.7685733,126.63242050000001
677292371,45.7672206,126.627943
677292373,45.7652493,126.6184621
677292374,45.7660288,126.6024304
677292375,45.765396100000004,126.60390840000001
677292376,45.7648321,126.6052133
677292379,45.7653553,126.6019143
677292380,45.7646868,126.60329010000001
677292381,45.764112100000006,126.60449050000001
677292382,45.7634235,126.60599470000001
677292383,45.764608900000006,126.6013403
677292384,45.764077900000004,126.60268110000001
677292388,45.7619729,126.60246420000001
677292393,45.756461300000005,126.60225860000001
677292396,45.765138300000004,126.6077544
677292398,45.7689457,126.60048630000001
677292403,45.766712500000004,126.60509440000001
677292405,45.7665335,126.60492470000001
677292406,45.7643154,126.60116020000001
677292407,45.764445,126.60124040000001
677292412,45.7664777,126.60326260000001
677292417,45.765964800000006,126.60632290000001
677292419,45.766449200000004,126.601471
677293254,45.7511529,126.6683052
677293257,45.7550595,126.7029705
677293258,45.7551476,126.7036377
677293260,45.7469302,126.6688718
677293263,45.7502232,126.70402600000001
677293264,45.750285500000004,126.7046495
677293266,45.750410900000006,126.7046404
677293268,45.7516218,126.67248070000001
677295344,45.7503158,126.59351020000001
677295345,45.749832600000005,126.59463090000001
677295348,45.7493257,126.59578160000001
677295349,45.748850700000006,126.59691280000001
677295352,45.7453562,126.589426
677295353,45.7478958,126.5915056
677295354,45.7513391,126.5943799
677295355,45.7514144,126.59445350000001
677295358,45.7470165,126.5936458
677295359,45.748262800000006,126.5947964
677295367,45.7449608,126.59030980000001
677295392,45.742109600000006,126.5879673
677295393,45.743385,126.5890078
677295395,45.7460949,126.59207830000001
677295401,45.7443833,126.5865947
677295403,45.7449121,126.59327470000001
677295413,45.7475194,126.5924107
677295414,45.7488034,126.59365360000001
677295418,45.752689600000004,126.60047890000001
677295420,45.7477421,126.59591390000001
677295423,45.7448944,126.59853700000001
677295429,45.742608800000006,126.60339390000001
677295430,45.740184600000006,126.6077855
677295432,45.7392246,126.60954470000001
678569367,45.7532471,126.62875340000001
678569389,45.7615684,126.6195773
717523655,45.669879800000004,126.7238391
717563508,45.6736707,126.71577090000001
717564658,45.684271800000005,126.70023690000001
717564662,45.678950500000006,126.7077984
719127405,45.8357164,126.52037510000001
719127916,45.806754500000004,126.5201988
785860536,45.743005800000006,126.584967
818871825,45.6486019,126.2855672
818871863,45.699523000000006,126.52793410000001
906119710,45.750302600000005,126.6081757
906119722,45.7488224,126.61068800000001
1170838564,45.751130100000005,126.63214300000001
1170838566,45.753373,126.62983120000001
1170838567,45.7516161,126.64334070000001
1170838569,45.757248100000005,126.626873
1170838600,45.7685151,126.65227460000001
1170838601,45.7631791,126.63256980000001
1170838616,45.771443700000006,126.6413356
1170838618,45.742031100000005,126.6487094
1170838623,45.7513571,126.64364870000001
1170838627,45.764608300000006,126.6593593
1170838629,45.766061400000005,126.65684590000001
1170838631,45.7573281,126.63190840000001
1170838646,45.7470708,126.6362794
1170838651,45.7511352,126.63945700000001
1170838655,45.765922100000004,126.64255410000001
1170838658,45.7570099,126.63332910000001
1170838660,45.7518417,126.64291320000001
1170838681,45.7514805,126.64388290000001
1170838684,45.7544812,126.633413
1170838686,45.764442300000006,126.61870590000001
1170838698,45.749277400000004,126.6294098
1170838719,45.751681000000005,126.6342666
1170838722,45.7712504,126.64650900000001
1170838728,45.757082000000004,126.6333941
1170838767,45.752406400000005,126.64266730000001
1170838770,45.769205,126.65105070000001
1170838777,45.7618986,126.6193327
1170838806,45.762545700000004,126.66096950000001
1170838812,45.7534993,126.6403638
1170838818,45.7456953,126.6358065
1170838840,45.7567369,126.64243900000001
1170838851,45.7551615,126.63202960000001
1170838869,45.753222900000004,126.64130250000001
1170838880,45.7502082,126.64102450000001
1170838884,45.7496935,126.6377855
1170838907,45.7545456,126.62867630000001
1170838912,45.7692465,126.651176
1170838934,45.747676000000006,126.63809660000001
1170838938,45.7447321,126.62480540000001
1170838945,45.762089100000004,126.61927480000001
1170838969,45.7659396,126.6567026
1170838974,45.7464528,126.6402104
1170838985,45.740390700000006,126.6331413
1170838991,45.7722722,126.64408560000001
1170839036,45.7767738,126.63324390000001
1170839045,45.758638000000005,126.64464600000001
1170839060,45.740115700000004,126.6328981
1170839068,45.762818700000004,126.6170158
1170839079,45.771348700000004,126.64134990000001
1170839082,45.761995600000006,126.61898040000001
1170839106,45.773658000000005,126.64117320000001
1170839120,45.748779000000006,126.63936340000001
1170839136,45.7577407,126.63239130000001
1170839147,45.7522698,126.6423137
1170839166,45.761903100000005,126.61745060000001
1170839174,45.7514704,126.63155900000001
1170839195,45.755885000000006,126.6302043
1170839199,45.755440300000004,126.62655040000001
1170839229,45.752546900000006,126.6328033
1170839244,45.7706717,126.64837670000001
1170839251,45.7441036,126.64294550000001
1170839255,45.7718441,126.6448419
1170839258,45.7538083,126.63468850000001
1170839303,45.7517508,126.64355010000001
1170839321,45.7644905,126.65930970000001
1170839325,45.7530894,126.62900300000001
1170839328,45.7477585,126.6321223
1170839344,45.7428727,126.6288121
1170839367,45.7718676,126.64544140000001
1170839374,45.746921500000006,126.6336169
1170839406,45.751564200000004,126.643252
1170839441,45.761997900000004,126.61746930000001
1170839444,45.770256200000006,126.64908340000001
1170839492,45.7410615,126.6313698
1170839494,45.7721558,126.6450604
1170839496,45.7539048,126.6302684
1170839513,45.774106700000004,126.64014820000001
1170839520,45.7714592,126.6467135
1170839527,45.7412785,126.6316053
1170839531,45.7685687,126.65234740000001
1170839569,45.7450064,126.6251258
1170839573,45.7530518,126.6413794
1170839576,45.749786900000004,126.6345333
1170839578,45.7519981,126.6431996
1170839601,45.7646266,126.63790060000001
1170839621,45.7522887,126.63735550000001
1170839656,45.7526743,126.6264369
1170839658,45.7640955,126.618812
1170839691,45.742530300000006,126.62887590000001
1170839695,45.7514285,126.64375930000001
1170839700,45.761821600000005,126.6174098
1170839705,45.775903,126.6353421
1170839707,45.7508453,126.63578500000001
1170839712,45.740377200000005,126.63244530000001
1170839731,45.7635633,126.61896630000001
1170839744,45.7487512,126.63328530000001
1170839788,45.746027700000006,126.63521300000001
1170839792,45.765734300000005,126.6570659
1170839796,45.7483133,126.6369949
1170839799,45.765851500000004,126.6572064
1170839802,45.740713400000004,126.63260340000001
1170839809,45.7724568,126.64434070000001
1170839827,45.751310800000006,126.64355440000001
1170839840,45.7464224,126.62217220000001
1171848042,45.741055900000006,126.63961830000001
1171848043,45.7654237,126.64838730000001
1171848045,45.767437300000005,126.70108200000001
1171848046,45.7492481,126.66157030000001
1171848050,45.734156000000006,126.63828570000001
1171848056,45.7509351,126.6643071
1171848059,45.742359900000004,126.62929260000001
1171848076,45.7602095,126.64230810000001
1171848082,45.7915957,126.69359000000001
1171848090,45.7370691,126.64146690000001
1171848091,45.7471733,126.6573982
1171848092,45.7929307,126.69240250000001
1171848095,45.7917603,126.69388400000001
1171848099,45.767452600000006,126.7001295
1171848103,45.7731147,126.68410010000001
1171848108,45.790975200000005,126.69393900000001
1171848111,45.730109600000006,126.64078380000001
1171848122,45.791044400000004,126.69423210000001
1171848123,45.738228400000004,126.63935640000001
1171848124,45.736966200000005,126.6435529
1171848131,45.7371574,126.63893820000001
1171848136,45.7359704,126.63802310000001
1171848140,45.769096600000005,126.69954600000001
1171848143,45.74935,126.6611642
1171848144,45.7316653,126.63735700000001
1171848158,45.735266900000006,126.63956830000001
1171848159,45.749338,126.66096460000001
1171848160,45.736854900000004,126.6452565
1171848164,45.746141300000005,126.65671090000001
1171848166,45.767104200000006,126.70194930000001
1171848169,45.739081500000005,126.6394295
1171848172,45.767638000000005,126.69941460000001
1171848179,45.7368006,126.64353810000001
1171848183,45.746907900000004,126.65787990000001
1171848184,45.7366594,126.6413785
1171848186,45.7670406,126.645588
1171848191,45.7370965,126.6391646
1171848194,45.7260196,126.64682470000001
1171848195,45.737403400000005,126.6377482
1171848196,45.761578400000005,126.6550701
1171848199,45.752704,126.6827489
1171848209,45.748459800000006,126.6905031
1171848212,45.7352554,126.6408624
1171848222,45.767289700000006,126.6973808
1171848226,45.748188500000005,126.6838848
1171848231,45.751689000000006,126.65876340000001
1171848235,45.767379000000005,126.7012081
1171848242,45.7862827,126.69522490000001
1171848244,45.733929,126.6382116
1171848252,45.7829014,126.67307810000001
1171848253,45.7935194,126.69234410000001
1171848276,45.7929691,126.692526
1171848281,45.737061000000004,126.63930400000001
1171848299,45.7465297,126.65635990000001
1171848308,45.7623064,126.66142860000001
1171848309,45.7370431,126.64017340000001
1171848317,45.7619345,126.65444520000001
1171848319,45.7494717,126.66106560000001
1171848340,45.737937900000006,126.63750510000001
1171848343,45.7581665,126.6399279
1171848344,45.7730468,126.68349640000001
1171848351,45.7618755,126.66222610000001
1171848352,45.7365799,126.63873620000001
1171848354,45.7916998,126.69383280000001
1171848359,45.737062200000004,126.6409679
1171848360,45.7487003,126.69049980000001
1171848363,45.766540000000006,126.6981892
1171848365,45.748434200000005,126.66411900000001
1171848367,45.733831200000004,126.6385305
1171848396,45.736774200000006,126.6417093
1171848399,45.7830729,126.67358870000001
1171848456,45.7319231,126.6365097
1171848477,45.741988600000006,126.650113
1171848485,45.7485939,126.6905023
1171848488,45.7897903,126.6942159
1171848512,45.7930696,126.6927893
1171848513,45.7691006,126.69965880000001
1171848515,45.7270611,126.6475537
1171848523,45.793482600000004,126.69226160000001
1171848524,45.737633300000006,126.63790750000001
1171848525,45.743610200000006,126.64418470000001
1172876340,45.7962975,126.68802260000001
1172876393,45.785633700000005,126.68890750000001
1172876408,45.767207600000006,126.70132210000001
1172876428,45.7835614,126.6961751
1172876432,45.796134900000006,126.68876770000001
1172876434,45.798397,126.6890328
1172876458,45.761659,126.70197060000001
1172876461,45.783947500000004,126.6957359
1172876483,45.7959759,126.68897650000001
1172876486,45.7953835,126.68872640000001
1172876509,45.768416800000004,126.6931608
1172876513,45.7965485,126.6874774
1172876520,45.7879451,126.6882894
1172876548,45.7682889,126.70002640000001
1172876580,45.7740986,126.6918289
1172876599,45.795170600000006,126.6861432
1172876605,45.7958659,126.6863304
1172876618,45.7668893,126.7010257
1172876620,45.7966332,126.68780770000001
1172876655,45.763904100000005,126.70144540000001
1172876676,45.7663785,126.70070790000001
1172876707,45.7985155,126.6886937
1172876714,45.7962976,126.6871598
1172876734,45.7669975,126.69868770000001
1172876747,45.764742500000004,126.70054760000001
1172876775,45.7959085,126.68678770000001
1172876776,45.7655228,126.7009895
1172876800,45.779074,126.69056750000001
1172876804,45.798432500000004,126.6889287
1172876806,45.7676826,126.7033361
1172876863,45.798487900000005,126.68876290000001
1172876893,45.7673295,126.7012571
1172876922,45.796252900000006,126.6860649
1172876930,45.7960435,126.6877151
1172876934,45.766865800000005,126.69873360000001
1172876966,45.7961765,126.6861291
1172876970,45.796342100000004,126.68823370000001
1172876989,45.7682347,126.69960400000001
1174021917,45.733453100000006,126.62927760000001
1174021921,45.733680500000006,126.62885030000001
1174021923,45.7369375,126.6229232
1174021926,45.7979289,126.67130960000001
1174021927,45.7978405,126.6708705
1176788098,45.7449595,126.6243563
1176788103,45.744077600000004,126.62205960000001
1176788108,45.7474372,126.61712700000001
1176788109,45.745145300000004,126.62488570000001
1176788130,45.7473619,126.62097100000001
1176788134,45.7872975,126.7025947
1176788142,45.778635,126.6869944
1176788168,45.746490800000004,126.6224858
1176788171,45.7863472,126.69511080000001
1176788179,45.786393200000006,126.69547750000001
1176788182,45.745379500000006,126.62171740000001
1176788203,45.7524578,126.6331598
1176788207,45.750317,126.63063670000001
1176788210,45.7475114,126.6199079
1176788227,45.7501109,126.6192338
1176788235,45.746326200000006,126.62233300000001
1176788238,45.751550300000005,126.62843950000001
1176788242,45.7435422,126.6226828
1176788248,45.7833288,126.6858414
1176788250,45.7520199,126.612661
1176788273,45.7462096,126.62217960000001
1176788277,45.7459891,126.6162561
1176788278,45.7488783,126.6253061
1176788286,45.752317700000006,126.63300100000001
1176788308,45.7866773,126.68442830000001
1176788349,45.748959000000006,126.61822570000001
1176788351,45.746719600000006,126.6369212
1176788353,45.7459612,126.62198570000001
1177761257,45.739419700000006,126.56595530000001
1177761300,45.768821100000004,126.6723424
1177761301,45.7637774,126.67283660000001
1177761305,45.739170200000004,126.5625509
1177761308,45.7512655,126.58068300000001
1177761309,45.769365,126.66461070000001
1177761313,45.7501206,126.65375850000001
1177761330,45.7658233,126.67260030000001
1177761349,45.736608700000005,126.54453140000001
1177761353,45.7722725,126.67204890000001
1177761370,45.746392500000006,126.6570544
1177761378,45.768730000000005,126.66983130000001
1177761402,45.738909,126.56268920000001
1177761404,45.7437465,126.6582628
1177761409,45.769576,126.66977680000001
1177761437,45.766252300000005,126.67256080000001
1177761444,45.7725693,126.67168810000001
1177761459,45.7425299,126.6581711
1177761461,45.7368576,126.5444205
1177761465,45.7395651,126.56591220000001
1179259631,45.702277900000006,126.68020650000001
1179259684,45.7263985,126.6792525
1179259697,45.713821900000006,126.6838314
1179259717,45.7284427,126.6901876
1179259722,45.7261089,126.67936150000001
1179259763,45.724112000000005,126.67030580000001
1179259788,45.712891600000006,126.68352730000001
1179259791,45.7281685,126.68933360000001
1179259845,45.730135000000004,126.69898620000001
1179259855,45.726955700000005,126.6836432
1179259857,45.709717000000005,126.66737710000001
1179259868,45.725143300000006,126.67480830000001
1179259890,45.724867800000006,126.67188390000001
1179259916,45.722127500000006,126.68455580000001
1179259920,45.721995400000004,126.67620450000001
1179259924,45.7262476,126.67957630000001
1179259952,45.724485,126.67014730000001
1179259959,45.7216072,126.68944300000001
1179259962,45.7272966,126.68531150000001
1179259984,45.7284785,126.69103890000001
1179259988,45.7231552,126.6951609
1179259989,45.713769500000005,126.65625560000001
1179259994,45.7208601,126.69538960000001
1179259997,45.7084654,126.669801
1179260011,45.7291912,126.69419660000001
1179260016,45.724513900000005,126.67202150000001
1179260035,45.6972207,126.6781679
1179260036,45.703527,126.6789095
1179260038,45.713796800000004,126.68403640000001
1179260039,45.7269659,126.6943025
1179260041,45.7278469,126.68822630000001
1179260068,45.7027845,126.68018590000001
1179260074,45.702609,126.680345
1179260077,45.727479800000005,126.68601120000001
1179260104,45.729790900000005,126.6698475
1180316530,45.7442584,126.6053452
1180316535,45.7515238,126.61063100000001
1180316547,45.7555926,126.60400550000001
1180316551,45.7513759,126.61422100000001
1180316558,45.754296100000005,126.60703780000001
1180316564,45.753227300000006,126.6104174
1180316570,45.7533953,126.60662970000001
1180316579,45.754478500000005,126.60720540000001
1180316586,45.751064400000004,126.61397980000001
1180316588,45.752786,126.6117289
1180316591,45.7527394,126.61108600000001
1180316600,45.752459800000004,126.61235760000001
1180316604,45.756463100000005,126.60890810000001
1180316622,45.7524275,126.61140850000001
1180316623,45.7517146,126.60492180000001
1180316644,45.751025000000006,126.6147885
1180316661,45.752833700000004,126.6111419
1180316663,45.753805400000005,126.60897410000001
1180316674,45.7526713,126.60820430000001
1180322374,45.7609355,126.61606660000001
1180322375,45.7531945,126.61068290000001
1180322385,45.760964300000005,126.6171013
1282026928,45.667508600000005,126.52825430000001
1282026932,45.6685597,126.52541760000001
1282886282,45.840467000000004,126.5384195
1282895860,45.8336606,126.5101721
1282895863,45.809188600000006,126.52017970000001
1282895866,45.8235115,126.51036040000001
1282895868,45.8299614,126.52008590000001
1282895877,45.8267703,126.51041980000001
1282895879,45.823478900000005,126.5202821
1282895882,45.8236572,126.5200248
1282895883,45.833660200000004,126.5104177
1282895884,45.8102935,126.5200142
1282895890,45.7986189,126.5245074
1282895892,45.8301219,126.510384
1282895893,45.7986318,126.52501190000001
1282895896,45.8196899,126.5200013
1282895897,45.810293200000004,126.52014390000001
1282895906,45.8268542,126.520065
1282895907,45.8237231,126.5018242
1282895912,45.826853400000005,126.52034400000001
1282895916,45.8234791,126.5200267
1282895922,45.8055972,126.5204324
1282895925,45.826882100000006,126.5104196
1282895928,45.8336404,126.52039330000001
1282895941,45.8235065,126.51009970000001
1282895949,45.8227289,126.5103904
1282895951,45.833640900000006,126.52012140000001
1282895952,45.816777,126.5102997
1282895953,45.8267717,126.51012360000001
1282895957,45.806092400000004,126.5202095
1282895959,45.833800700000005,126.5104271
1282895960,45.7990427,126.5248923
1282895962,45.820429100000005,126.5103579
1282895964,45.816787100000006,126.509996
1282895973,45.8337518,126.5201248
1282895979,45.8357113,126.5104158
1282895980,45.8338021,126.51016340000001
1282895983,45.8236586,126.5202782
1282895984,45.826883,126.51011600000001
1282895991,45.8236787,126.51034310000001
1282895992,45.7988063,126.52438040000001
1282895993,45.823684300000004,126.5100884
1287972563,45.8244909,126.72235590000001
1287972566,45.830715100000006,126.71577680000001
1287972585,45.834803400000006,126.7619844
1287972588,45.829382,126.7197227
1287972599,45.8375667,126.79697490000001
1287972785,45.834458600000005,126.7124557
1287972960,45.828843000000006,126.7218758
1287978109,45.8661739,126.7514989
1287992095,45.8398333,126.7372378
1287992184,45.8401598,126.74224170000001
1287992198,45.836853100000006,126.74133490000001
1287992241,45.837186,126.7372727
1287992257,45.839852900000004,126.74090020000001
1287992300,45.8398386,126.73709470000001
1287992443,45.8384711,126.7429321
1287992495,45.841220500000006,126.74070270000001
1287992522,45.842206000000004,126.76442200000001
1287992540,45.8410505,126.74072720000001
1287992546,45.8367075,126.74382220000001
1371263799,45.712699400000005,126.55785370000001
1371263800,45.712865900000004,126.5580984
1371263801,45.7130949,126.557782
1371263825,45.728764000000005,126.58051520000001
1371263826,45.7290647,126.5809593
1371263830,45.7306442,126.53789320000001
1371263832,45.731233800000005,126.5841053
1371263841,45.733868300000005,126.5362455
1371263843,45.7367221,126.59116590000001
1371263844,45.7340425,126.53656950000001
1371263845,45.734185800000006,126.5361323
1371263847,45.734373600000005,126.58255100000001
1371263848,45.734357100000004,126.53644340000001
1371263870,45.7405485,126.5947337
1371263873,45.7448093,126.5987228
1371263874,45.7481956,126.60188570000001
1371263876,45.7516479,126.6050685
1629280290,45.7604775,126.61484600000001
1629280295,45.760643800000004,126.6140402
1629280301,45.778278400000005,126.56195170000001
1629280303,45.7600703,126.61671380000001
1629280304,45.7685667,126.62491720000001
1632773341,45.7482399,126.6679979
1632794733,45.760801900000004,126.66248510000001
1632794735,45.762515500000006,126.6322789
1634842661,45.7716134,126.613055
1634844110,45.768106800000005,126.59801080000001
1634844112,45.7677184,126.59677180000001
1704654721,45.644128900000005,126.73941810000001
1704654820,45.650877900000005,126.6266647
1704654823,45.650857800000004,126.78250700000001
1704654838,45.6519824,126.63682940000001
1704654867,45.661869800000005,126.7255207
1704654916,45.668871900000006,126.7213382
1719057958,45.7682267,126.6174677
1719057975,45.771230900000006,126.61881360000001
1719057986,45.7722191,126.6233435
1719066052,45.7748651,126.62381880000001
1719076658,45.768985,126.62698150000001
1719100455,45.771063700000006,126.61888210000001
1719100461,45.7708554,126.613246
1719100473,45.772098500000006,126.6129327
1719100475,45.772615,126.61280260000001
1719100478,45.773253700000005,126.61598670000001
1719100488,45.7691017,126.61368780000001
1719100527,45.771481,126.6130883
1719100529,45.769553800000004,126.6170663
1719100531,45.775530200000006,126.6153074
1719100533,45.772217000000005,126.61839280000001
1719100534,45.7713181,126.61654530000001
1719100567,45.774308600000005,126.61568020000001
1719100569,45.7751357,126.6121674
1719100571,45.7701488,126.6168906
1719100573,45.7737142,126.6158654
1719100584,45.774908700000005,126.615497
1917520824,45.841478300000006,126.7498755
1917520942,45.834535100000004,126.7621708
1917521054,45.8403112,126.75200310000001
1917521067,45.8414452,126.7496574
1917521106,45.834637900000004,126.76228130000001
1917565827,45.641665700000004,126.61802890000001
1917565828,45.641736400000006,126.61781350000001
1918109391,45.817509900000005,126.7874687
1918109395,45.8175031,126.78728550000001
1918109409,45.8321276,126.7665506
1918109473,45.8322233,126.7666482
1943922426,45.6389104,126.52305600000001
1943923712,45.712886000000005,126.500162
1943923741,45.716097700000006,126.52119040000001
1943923748,45.7169116,126.52755750000001
1943923806,45.740299900000004,126.57129320000001
1943923853,45.746095100000005,126.57072980000001
1943923865,45.748244,126.7540544
1943923868,45.7483067,126.74733640000001
1943923876,45.748594700000005,126.75392950000001
1943923909,45.7488277,126.74401250000001
1943923910,45.748792800000004,126.75558450000001
1943923911,45.748977200000006,126.7443114
1943924005,45.751203800000006,126.7368072
1943924029,45.751362900000004,126.713671
1943924031,45.7513516,126.7369063
1943924045,45.7515633,126.7135983
1943924069,45.7515268,126.71498380000001
1943924085,45.7520785,126.7850078
1943924088,45.7517166,126.71494150000001
1943924168,45.7528522,126.73169940000001
1943924182,45.7530197,126.731807
1943924192,45.7532488,126.7518953
1943924419,45.7571425,126.58380770000001
1943924445,45.7584427,126.58387250000001
1943924554,45.7677245,126.57460540000001
1943924564,45.767903200000006,126.5736959
1943924577,45.7688069,126.5757415
1943924609,45.769846400000006,126.5744066
1943924613,45.771214,126.57176310000001
1943924622,45.771457700000006,126.57212020000001
1943924632,45.771751900000005,126.5710621
1943924638,45.7736235,126.56599030000001
1943924676,45.7845967,126.6626518
1943924719,45.789887300000004,126.65584940000001
1943924723,45.791952,126.65473800000001
1943924726,45.7916879,126.6547876
1943924727,45.7928401,126.65420470000001
1943924757,45.793826300000006,126.6535468
1943924758,45.793825600000005,126.6546955
1943924760,45.7938321,126.65396260000001
1943924798,45.7942583,126.6510963
1943924877,45.795139500000005,126.65390090000001
1943924900,45.802746600000006,126.6948363
1943924926,45.8078215,126.6926277
1943924930,45.8079837,126.6924836
1943924952,45.8125766,126.50155260000001
1943924960,45.812617700000004,126.52019190000001
1943924962,45.812617100000004,126.5200118
1943924964,45.8126435,126.5277269
1943924966,45.8126643,126.53930020000001
1943924975,45.8131825,126.5547458
1943924979,45.8140404,126.56985460000001
1943924992,45.814782300000005,126.5785788
1943925011,45.8177965,126.68491730000001
1943925035,45.820376700000004,126.68240100000001
1943925039,45.8203465,126.63734070000001
1943925041,45.820272,126.6379431
1943925045,45.820497,126.63781130000001
1943925049,45.8213068,126.64284160000001
1943925064,45.823980600000006,126.67947050000001
1943925078,45.8231489,126.63575530000001
1943925091,45.824302800000005,126.63540130000001
1943925095,45.823374,126.6362347
1943925113,45.8250058,126.67877840000001
1943925142,45.8273998,126.63515720000001
1943925156,45.828486000000005,126.6107156
1943925195,45.8310273,126.61809350000001
1943925197,45.831197,126.6179505
1943925203,45.832354,126.63473110000001
1943925205,45.832501400000005,126.6353301
1943925252,45.835595000000005,126.63454630000001
1943925259,45.836516800000005,126.6334027
1943925261,45.8365552,126.6339954
2143750323,45.7801442,126.80112810000001
2154993739,45.836868900000006,126.7572435
2154993740,45.836906500000005,126.75718970000001
2154993744,45.8374523,126.75790330000001
2154993745,45.837490800000005,126.75783820000001
2154993765,45.840707200000004,126.75100830000001
2154993775,45.8420165,126.7601422
2154993776,45.842019300000004,126.76028720000001
2162487696,45.8405524,126.5300344
2162487700,45.8396254,126.5312808
2162487706,45.839517,126.5285039
2162487708,45.8380682,126.51040510000001
2162487709,45.839260200000005,126.53119950000001
2162487713,45.8391041,126.5310922
2162487716,45.8380584,126.5102145
2162487719,45.839233300000004,126.528597
2168403084,45.7531839,126.6286656
2168403085,45.7641575,126.61863430000001
2168403088,45.7696898,126.61353960000001
2168403091,45.7705932,126.602078
2168403092,45.7707726,126.61670640000001
2168403093,45.7714969,126.5978355
2168403094,45.7715994,126.60597620000001
2168403095,45.7717217,126.6210927
2168403098,45.7719083,126.616371
2168403099,45.772512500000005,126.61619250000001
2168403100,45.772600700000005,126.63411950000001
2168403102,45.7727899,126.61814030000001
2168403104,45.774027800000006,126.6398427
2168403105,45.7742057,126.6200697
2168403108,45.775550300000006,126.62003670000001
2168469645,45.7986791,126.52506240000001
2168469649,45.799064400000006,126.52479100000001
2168469657,45.8019072,126.5562574
2168469672,45.811105600000005,126.54666920000001
2168469678,45.811392600000005,126.54803980000001
2168469685,45.8118722,126.54590040000001
2168469689,45.8120659,126.5467119
2168469690,45.811948400000006,126.5484282
2168469703,45.812431200000006,126.50172920000001
2168469708,45.812475000000006,126.5200128
2168469709,45.812475400000004,126.52018760000001
2168469713,45.812492500000005,126.52791440000001
2168469714,45.8125195,126.5330579
2168469715,45.8124659,126.54232900000001
2168469716,45.8125275,126.5400206
2168469717,45.8125407,126.54676160000001
2168469719,45.8125313,126.5499994
2168469720,45.812644600000006,126.54231240000001
2168469724,45.812748600000006,126.50155000000001
2168469725,45.8127444,126.50172880000001
2168469727,45.812749100000005,126.54996750000001
2168469728,45.811342800000006,126.5104764
2168469729,45.8127921,126.5200121
2168469730,45.8127925,126.52019240000001
2168469731,45.812811200000006,126.5276764
2168469732,45.812811800000006,126.52788190000001
2168469734,45.8128131,126.54233190000001
2168469740,45.8129202,126.5499424
2168469741,45.8129457,126.5200123
2168469742,45.8129463,126.5201928
2168469743,45.8129117,126.5531464
2168469745,45.812969300000006,126.527865
2168469747,45.8129465,126.54231080000001
2168469748,45.812957600000004,126.5455613
2168469750,45.8129883,126.54018690000001
2168469753,45.813028,126.55477010000001
2168469754,45.813060300000004,126.5499219
2168469755,45.813031900000006,126.5550494
2168469756,45.8132086,126.54227840000001
2168469758,45.8131878,126.55502800000001
2168469759,45.813210100000006,126.54989990000001
2168469762,45.8133123,126.55040050000001
2168469765,45.813348500000004,126.55472340000001
2168469767,45.8133556,126.5549919
2168469769,45.8134042,126.55307260000001
2168469771,45.8134875,126.554714
2168469772,45.8135185,126.56312820000001
2168469773,45.813501200000005,126.55497290000001
2168469775,45.8135792,126.5464101
2168469776,45.813717200000006,126.5439293
2168469780,45.813881800000004,126.5630838
2168469783,45.813901400000006,126.56987110000001
2168469785,45.814019800000004,126.56306550000001
2168469789,45.814137300000006,126.54410270000001
2168469795,45.814225500000006,126.56983260000001
2168469796,45.814269800000005,126.57592650000001
2168469799,45.8144057,126.5698112
2168469806,45.8146611,126.5445107
2168469813,45.815075,126.54494980000001
2168469814,45.815095,126.5785254
2168469816,45.8151147,126.54656000000001
2168469817,45.815256500000004,126.57849780000001
2168469829,45.816282300000005,126.5543887
2168469831,45.816236100000005,126.54527990000001
2168469832,45.8162954,126.55463320000001
2168469837,45.8182464,126.58579800000001
2168469838,45.818430500000005,126.58533750000001
2168469839,45.818506500000005,126.58513930000001
2168469841,45.8201243,126.55390990000001
2191032207,45.806116900000006,126.52042970000001
2191032227,45.717291200000005,126.61730840000001
2191032229,45.729126400000006,126.5893415
2191032230,45.7380968,126.55365320000001
2191032231,45.710888100000005,126.6637721
2191032236,45.7401239,126.5690215
2191032238,45.720076600000006,126.60882930000001
2191032242,45.8084726,126.5014955
2191032247,45.7382416,126.5571426
2191032251,45.714629900000006,126.53978230000001
2191032259,45.7512459,126.59169840000001
2191032267,45.7316075,126.5474219
2191032276,45.798421600000005,126.5078943
2191032280,45.7254778,126.53283490000001
2191032292,45.7821148,126.47752820000001
2191032293,45.6998936,126.5225707
2191032302,45.7111376,126.66408030000001
2191032304,45.7237665,126.5190721
2191032307,45.8124509,126.51025840000001
2191032310,45.728889300000006,126.58937700000001
2191032311,45.710025900000005,126.66696560000001
2191032315,45.7224099,126.51960960000001
2191032317,45.796174900000004,126.5062381
2191032318,45.644645100000005,126.3134505
2191032333,45.8124502,126.51000570000001
2191032354,45.724372,126.56496240000001
2191032355,45.7327693,126.5560949
2191032359,45.736260900000005,126.51947720000001
2191032362,45.635564800000004,126.63944450000001
2191032366,45.723545900000005,126.5190776
2191032368,45.812913200000004,126.51003960000001
2191032375,45.8054032,126.50358100000001
2191032377,45.806384,126.52035470000001
2191032394,45.800466400000005,126.51462930000001
2191032395,45.7502646,126.57630460000001
2191032403,45.8124303,126.5015501
2191032409,45.690136200000005,126.5301902
2191032410,45.795013700000005,126.51000630000001
2191032411,45.7329705,126.55760190000001
2191032421,45.739439000000004,126.61208320000001
2191032433,45.691696400000005,126.62767810000001
2191032435,45.7331828,126.55753100000001
2191032436,45.717163600000006,126.527437
2191032438,45.7343386,126.5701624
2191032440,45.748693,126.5895476
2191032441,45.7329827,126.55603470000001
2191032445,45.7477364,126.5529563
2191032454,45.7275815,126.57024020000001
2191032455,45.7320864,126.62468430000001
2191032465,45.699513700000004,126.5229271
2191032468,45.714237600000004,126.5088551
2191032475,45.737323700000005,126.5196873
2191032479,45.711952800000006,126.62538140000001
2191032480,45.7003372,126.65638440000001
2191032485,45.792413100000005,126.511581
2191032493,45.734483100000006,126.5698258
2191032508,45.7236684,126.5199247
2191032512,45.729975700000004,126.57351100000001
2191032513,45.7344929,126.5701217
2191032520,45.7264272,126.63319560000001
2191032522,45.7298003,126.57324050000001
2191032541,45.7238922,126.5199211
2191032549,45.739668800000004,126.56879590000001
2191032551,45.8021705,126.5053592
2191032565,45.695597600000006,126.52539220000001
2191032569,45.714140500000006,126.62462550000001
2191032571,45.736118700000006,126.61794750000001
2191032579,45.7938861,126.516299
2191032580,45.7343148,126.56984680000001
2191032585,45.7353772,126.62552230000001
2191032590,45.8127672,126.51002890000001
2191032598,45.8085194,126.5016556
2191032601,45.7385207,126.5570672
2191032602,45.746149,126.5874385
2191032603,45.7327029,126.60561220000001
2191032605,45.801982800000005,126.50547420000001
2191032622,45.804318800000004,126.5121922
2191032627,45.733455500000005,126.6148725
2191032629,45.704441200000005,126.6270841
2191032635,45.740589,126.60224000000001
2191032637,45.7337633,126.56994650000001
2191032640,45.7997504,126.51274860000001
2191032656,45.717408400000004,126.6264852
2191032666,45.6965668,126.51249220000001
2191032668,45.7499431,126.5981352
2191032674,45.7286912,126.53917890000001
2191032679,45.806346500000004,126.52012800000001
2191032686,45.710748,126.5038813
2191032693,45.7477018,126.55261970000001
2191032701,45.713809600000005,126.62495870000001
2191032707,45.812914000000006,126.5102705
2191032708,45.7166416,126.55311870000001
2191032712,45.804959200000006,126.51420180000001
2191032716,45.8041311,126.51231480000001
2191032727,45.651955400000006,126.63655290000001
2191032740,45.7286663,126.5396132
2191032743,45.7350931,126.6167633
2191032745,45.746751100000004,126.55329610000001
2191032746,45.7811138,126.4774249
2191032755,45.740211300000006,126.61298110000001
2191032757,45.807587500000004,126.5104828
2191032758,45.7287249,126.62421630000001
2191032760,45.7397118,126.56913130000001
2191032771,45.7223808,126.51938220000001
2191032780,45.7004408,126.6566367
2191032787,45.802041100000004,126.50565820000001
2191032792,45.732516100000005,126.6175994
2191032794,45.7284955,126.53931010000001
2191032795,45.747854600000004,126.5525812
2191032796,45.8042667,126.5120208
2191032801,45.7400765,126.5686871
2191032812,45.697371700000005,126.67822770000001
2191032831,45.738104,126.611524
2191032832,45.664211200000004,126.63824240000001
2191032854,45.7348183,126.6202444
2191032856,45.812575100000004,126.50173090000001
2191032860,45.715499200000004,126.6511739
2191032866,45.8040766,126.51213820000001
2191032871,45.805351,126.5034093
2191032880,45.7256999,126.53266520000001
2191032888,45.664230100000005,126.63804440000001
2191032893,45.7479041,126.5529149
2191032894,45.802228500000005,126.50554240000001
2191032897,45.741727100000006,126.61474340000001
2191032901,45.6915272,126.62953030000001
2191032906,45.793128800000005,126.5063252
2191032907,45.7498753,126.5980777
2191032910,45.8127678,126.5102667
2191032916,45.7317958,126.54727770000001
2191032926,45.688032400000004,126.52997350000001
2191032942,45.728856900000004,126.5394627
2191032953,45.7246292,126.63166520000001
2191032960,45.750790300000006,126.5673988
2191032968,45.7857848,126.4821603
2191032971,45.7245495,126.56523340000001
2191083249,45.754472,126.59268110000001
2191083280,45.7732959,126.61263100000001
2191083286,45.755908500000004,126.59174030000001
2191083317,45.7696209,126.60277190000001
2191083322,45.754037100000005,126.59146690000001
2191083324,45.7708401,126.6064305
2191083325,45.771703800000004,126.60591140000001
2191083350,45.730243900000005,126.5281748
2191083355,45.7738516,126.612491
2191083371,45.7716264,126.57091070000001
2191083374,45.7624002,126.59749690000001
2191083386,45.7657844,126.5996456
2191083395,45.758367400000004,126.59859130000001
2191083399,45.7735593,126.61256460000001
2191083411,45.7683972,126.60163530000001
2191083432,45.771414400000005,126.6085431
2191083488,45.7539474,126.5915315
2191083499,45.7681714,126.60789120000001
2191083504,45.772302,126.6080428
2191083505,45.7291997,126.521883
2191083531,45.7647301,126.59896
2191083545,45.729977600000005,126.5283713
2191083567,45.754375100000004,126.5927408
2207437205,45.845873100000006,126.7372581
2306079959,45.798147300000004,126.6162405
2306079961,45.7999135,126.61101590000001
2306079968,45.798521300000004,126.61241030000001
2306120256,45.795188700000004,126.61362720000001
2306120257,45.796065500000005,126.6106934
2306120259,45.796471800000006,126.61621910000001
2306120264,45.7979229,126.61872960000001
2306120266,45.798419700000004,126.6134507
2306120279,45.7907534,126.61665900000001
2306120283,45.796598100000004,126.61181810000001
2306162095,45.8364552,126.60567490000001
2306162105,45.8371532,126.60487710000001
2306162110,45.8359596,126.60435140000001
2306162116,45.828573000000006,126.61094980000001
2306162120,45.836169000000005,126.6055292
2306162125,45.836587900000005,126.60385690000001
2306162126,45.8358779,126.6047858
2306162136,45.828403900000005,126.61107870000001
2306166475,45.828316300000004,126.61084430000001
2308210996,45.813588100000004,126.58908480000001
2308210998,45.8169041,126.5894825
2308211010,45.8120211,126.5881008
2308211011,45.8138755,126.58819530000001
2308211043,45.814321400000004,126.5935726
2308211044,45.8157,126.58828650000001
2308211081,45.813358300000004,126.5906001
2308211092,45.8155421,126.5917885
2337946852,45.648700000000005,126.2855567
2468521641,45.737278,126.7587565
2468521642,45.7015527,126.75025240000001
2468521660,45.7028101,126.7300055
2468521682,45.687959500000005,126.71623880000001
2468521927,45.7350134,126.58170720000001
2468865284,45.812928,126.4828956
2468865303,45.812772200000005,126.4828504
2468972393,45.7911434,126.50754620000001
2468972421,45.7885295,126.49988730000001
2468972433,45.7959243,126.5150785
2468972437,45.798285,126.4937215
2468972445,45.798681200000004,126.50749370000001
2468972454,45.800766100000004,126.5016044
2468972456,45.8009478,126.50149010000001
2468972467,45.795455100000005,126.49557630000001
2468972468,45.796615200000005,126.5256542
2468972473,45.790771500000005,126.49851910000001
2468972487,45.7985095,126.49376140000001
2468976091,45.8301377,126.510176
2468976096,45.830111900000006,126.52008850000001
2468976099,45.8299547,126.52035930000001
2468976101,45.8301954,126.50183150000001
2468982735,45.742533300000005,126.54278210000001
2468982736,45.720766600000005,126.5594657
2468982737,45.743516,126.5200899
2468982740,45.7444433,126.52803370000001
2468982741,45.7462363,126.54174590000001
2468982743,45.745215300000005,126.53299270000001
2468982744,45.738058,126.54401840000001
2468982750,45.746403400000005,126.5417955
2468982751,45.7433513,126.5199051
2468982753,45.7451214,126.5333928
2468982754,45.7452624,126.5333456
2468982755,45.745065800000006,126.53304460000001
2468982758,45.7434042,126.5192494
2468982760,45.736673700000004,126.5353561
2468984809,45.736328500000006,126.6961981
2469058895,45.8408165,126.63081890000001
2469060832,45.834099800000004,126.59835410000001
2469060838,45.8388354,126.6031459
2469068978,45.796323,126.75501860000001
2469069003,45.7797349,126.76227080000001
2469069005,45.7826158,126.7593114
2469069024,45.7916243,126.7114853
2469069050,45.795411,126.71144480000001
2469069067,45.788347300000005,126.7370121
2469069098,45.786241700000005,126.71230600000001
2469069123,45.7984573,126.68127240000001
2469069129,45.786349400000006,126.75742500000001
2469069141,45.792208,126.7013127
2469069144,45.7920475,126.6994863
2469069194,45.8048288,126.6889867
2469069198,45.7960754,126.73656450000001
2469083072,45.7417822,126.67685560000001
2469083089,45.7477822,126.6769043
2469083090,45.7476725,126.6769328
2469083121,45.751393,126.66831130000001
2469083126,45.732811600000005,126.7000768
2469083138,45.748526000000005,126.6767552
2469083141,45.7328934,126.6995497
2469095906,45.7339629,126.5634672
2469095948,45.7337403,126.56357510000001
2469095956,45.738823700000005,126.56199880000001
2469095975,45.727709600000004,126.57007610000001
2469943501,45.818765500000005,126.569293
2469943508,45.818565500000005,126.5356545
2469943509,45.818365500000006,126.5321248
2469943515,45.820609600000004,126.56225710000001
2469943520,45.802042,126.54707080000001
2469943529,45.8182035,126.5276419
2469943537,45.8257734,126.56844240000001
2469943540,45.8035074,126.5342286
2469943541,45.8026689,126.5606999
2469943543,45.8212981,126.54327740000001
2469943546,45.8033117,126.5378926
2469943547,45.818336900000006,126.5314173
2469943549,45.8259436,126.56165410000001
2469943558,45.8231113,126.57458650000001
2469943565,45.8347375,126.54283830000001
2469943756,45.812994,126.53890120000001
2469951307,45.7480807,126.6839168
2469951309,45.746625,126.68426240000001
2470793078,45.8087571,126.50289430000001
2470793081,45.808564000000004,126.5084398
2470793085,45.806436100000006,126.50682540000001
2470793086,45.8085846,126.5066886
2470793087,45.808337800000004,126.50623800000001
2470793093,45.809354600000006,126.52442040000001
2470793099,45.8088725,126.5062005
2470793100,45.810940900000006,126.5029051
2470793110,45.806934500000004,126.50651760000001
2470793112,45.810954300000006,126.50171680000001
2470793120,45.8091365,126.5054535
2470793123,45.8070728,126.52457190000001
2470793125,45.808762,126.50167780000001
2470793127,45.8085536,126.5098329
2470793139,45.8066922,126.5241972
2470793144,45.808565200000004,126.5076418
2471017260,45.8014452,126.52285130000001
2471017261,45.802438800000004,126.52729790000001
2471017266,45.8021565,126.5297129
2471017267,45.7991529,126.5257031
2471017283,45.801962800000005,126.5286566
2471017291,45.8018456,126.53184750000001
2471017297,45.8005829,126.5324401
2471017303,45.800947400000005,126.533563
2471017307,45.8002125,126.5271895
2471017311,45.801484800000004,126.523024
2471017317,45.801699000000006,126.5278018
2471017319,45.8011192,126.5314869
2471017321,45.8017684,126.5242819
2471017330,45.8006728,126.52631670000001
2471025507,45.7406942,126.52910240000001
2471025508,45.7414105,126.5344345
2471025510,45.726333100000005,126.53465580000001
2471025511,45.7313534,126.531631
2471025512,45.739861600000005,126.52290980000001
2471025514,45.7418446,126.53765840000001
2471025516,45.7413552,126.5340752
2471025521,45.744570800000005,126.527995
2471025525,45.7207828,126.5357683
2471025527,45.7260895,126.53478790000001
2471025528,45.7180253,126.53503090000001
2471025533,45.7316894,126.53153710000001
2471042401,45.6949492,126.50049510000001
2471042403,45.696509600000006,126.50631130000001
2471042404,45.7014129,126.52130890000001
2471042407,45.7437496,126.5218478
2471042417,45.7196191,126.54947980000001
2471042419,45.721527800000004,126.5279029
2471042423,45.717373300000006,126.5011748
2471042426,45.696705,126.50618910000001
2471042429,45.7294451,126.52574870000001
2471042430,45.717774500000004,126.53675570000001
2471042431,45.733848,126.51998080000001
2471042432,45.7269681,126.56065280000001
2471042436,45.7092225,126.51659880000001
2471042441,45.701078800000005,126.50345390000001
2471042442,45.7355843,126.53045130000001
2471042443,45.685434,126.4982525
2471042444,45.733472400000004,126.5246486
2471042449,45.687047400000004,126.51984390000001
2471042451,45.6979618,126.5116158
2471042452,45.7200016,126.52023740000001
2471042459,45.730608700000005,126.5664222
2471042461,45.7015151,126.50968080000001
2471042468,45.6869195,126.5199676
2471042476,45.699733900000005,126.516756
2471042477,45.7182563,126.5078464
2471042480,45.718341900000006,126.50783310000001
2471042481,45.719842500000006,126.51946640000001
2471042482,45.6999367,126.5166236
2471042483,45.688370400000004,126.4964207
2471042484,45.7194656,126.5492023
2471042485,45.703043400000006,126.51463570000001
2471042487,45.7237701,126.55580780000001
2471042489,45.729750300000006,126.52565200000001
2471042490,45.692990300000005,126.5147443
2471042491,45.722556000000004,126.54539330000001
2471042492,45.710631500000005,126.50341340000001
2471042499,45.706427500000004,126.52559860000001
2471042501,45.7173937,126.540535
2471042505,45.7436182,126.52188170000001
2471042510,45.726838,126.55204260000001
2471042512,45.708603800000006,126.5105551
2471042515,45.729734300000004,126.55751190000001
2471042516,45.701139600000005,126.5214631
2471042518,45.724845900000005,126.52720520000001
2471042519,45.724651400000006,126.52729020000001
2471042522,45.7046002,126.51328050000001
2471042525,45.7025652,126.5045563
2471042526,45.720944900000006,126.5405599
2471042528,45.722720300000006,126.54569740000001
2471042532,45.7045581,126.5195884
2471042533,45.6997621,126.50403100000001
2471042536,45.689755600000005,126.49594800000001
2471042537,45.7029603,126.5272695
2471042539,45.7017703,126.4883858
2471042542,45.727721200000005,126.56177120000001
2471042546,45.7072268,126.5060598
2471042550,45.7322068,126.57068450000001
2471042552,45.7054958,126.5004538
2471043710,45.6980778,126.4984895
2471043711,45.6875786,126.5051688
2471043712,45.6893254,126.51086480000001
2471043713,45.694732,126.5006465
2471043714,45.7036365,126.49444890000001
2471043715,45.6916467,126.5019862
2471043716,45.692285500000004,126.5090473
2471043717,45.6904856,126.5033245
2471043718,45.697935400000006,126.4980228
2471043719,45.6946005,126.5001751
2471072940,45.773079100000004,126.6480372
2471072944,45.7723765,126.64492550000001
2471075940,45.7271842,126.6985417
2471075953,45.7228957,126.6989599
2471113892,45.6536464,126.77775980000001
2471113942,45.661507300000004,126.78917840000001
2473432126,45.814768900000004,126.5592902
2473432134,45.816099900000005,126.56062240000001
2473432137,45.8170629,126.54569120000001
2473432191,45.818258300000004,126.5591744
2473432206,45.8163801,126.55635240000001
2473432212,45.8147299,126.55805310000001
2473432216,45.813893,126.55876800000001
2473432301,45.814788,126.5576353
2473432303,45.817962300000005,126.5544313
2473432311,45.8204152,126.55895830000001
2473432317,45.8147372,126.5589381
2473432329,45.8181456,126.55732330000001
2473432373,45.820301300000004,126.55705540000001
2473432379,45.8158717,126.5564489
2473432381,45.8155711,126.56045300000001
2473432393,45.811885200000006,126.558715
2473432432,45.820999300000004,126.558884
2473432463,45.8179329,126.5541776
2473432474,45.813158300000005,126.55886140000001
2473432481,45.820886800000004,126.5569966
2473434467,45.814592100000006,126.550199
2473434485,45.8148518,126.55457360000001
2473434488,45.813428900000005,126.5521901
2473434489,45.8133509,126.55220100000001
2473434490,45.8148636,126.5547995
2473485196,45.8107527,126.7046861
2473485230,45.8036474,126.70010880000001
2473485237,45.8082946,126.69346820000001
2473485243,45.8146633,126.70676610000001
2473485263,45.814698400000005,126.72051610000001
2473537389,45.680413200000004,126.6743253
2473537402,45.6662988,126.73684250000001
2473537411,45.633330900000004,126.7351052
2473537426,45.6864015,126.67398720000001
2473537462,45.650497300000005,126.6887904
2473537483,45.6827592,126.6749987
2473537484,45.689590900000006,126.67283900000001
2473537492,45.6799576,126.67176920000001
2473539347,45.6988238,126.53061570000001
2473546498,45.691363100000004,126.69011270000001
2473546508,45.6891936,126.68943460000001
2473546512,45.6933604,126.69001360000001
2473546525,45.6867121,126.68694450000001
2473546531,45.6779786,126.68570690000001
2473546535,45.6730698,126.6890992
2473546547,45.69353,126.6902579
2473549065,45.699037000000004,126.6693293
2473549075,45.698841900000005,126.6691813
2473549087,45.692058,126.6657337
2473549099,45.6931462,126.6508472
2473607901,45.649658300000006,126.48752710000001
2473607917,45.664862400000004,126.50246170000001
2473607922,45.677348,126.5015259
2473607925,45.677599300000004,126.50136570000001
2473607931,45.6515752,126.53196100000001
2476377657,45.638723600000006,126.73734940000001
2476377663,45.688526800000005,126.58035290000001
2476377668,45.691812500000005,126.5025188
2476377669,45.692699100000006,126.49371900000001
2476377673,45.6935202,126.69000770000001
2476377674,45.693557000000006,126.69007590000001
2476377676,45.6948037,126.5000457
2476377677,45.697570600000006,126.52386800000001
2476377678,45.69765,126.5238259
2476377679,45.697765200000006,126.52451070000001
2476377680,45.6978482,126.52445720000001
2476377684,45.6983722,126.528772
2476377687,45.698472800000005,126.52851360000001
2476377688,45.698553100000005,126.52738060000001
2476377693,45.698901600000006,126.5271754
2476377698,45.699978400000006,126.5228831
2476377699,45.700025700000005,126.5283409
2476377703,45.700366,126.65190510000001
2476377704,45.7002814,126.5296679
2476377711,45.7011236,126.52214260000001
2476377714,45.7014003,126.5223229
2476377718,45.701655800000005,126.5214729
2476377719,45.701652700000004,126.52216310000001
2476377722,45.7017486,126.5217961
2476377723,45.7031742,126.52716210000001
2476377724,45.7032273,126.52785610000001
2476377725,45.703789,126.49493840000001
2476377726,45.704669800000005,126.5199415
2476377728,45.7067277,126.5262988
2476377733,45.714218300000006,126.54569950000001
2476377736,45.7158244,126.5343773
2476377737,45.716196700000005,126.52181180000001
2476377739,45.7163559,126.52107470000001
2476377740,45.7165009,126.5533053
2476377741,45.7164657,126.52170430000001
2476377749,45.7170183,126.52076830000001
2476377750,45.7176484,126.5211917
2476377751,45.7194894,126.5197155
2476377754,45.719604600000004,126.5202586
2476377756,45.720469400000006,126.51939370000001
2476377759,45.720484000000006,126.51998400000001
2476377769,45.721240200000004,126.5194151
2476377770,45.721219100000006,126.51966180000001
2476377773,45.7230494,126.5192111
2476377774,45.7224761,126.51975130000001
2476377776,45.724172100000004,126.51918230000001
2476377777,45.7241696,126.51975460000001
2476377779,45.7269598,126.7229018
2476377780,45.7269719,126.5198924
2476377781,45.726977700000006,126.51915460000001
2476377790,45.727973500000004,126.51882440000001
2476377791,45.7280984,126.51859250000001
2476377792,45.728038100000006,126.5203297
2476377794,45.7283497,126.5206926
2476377798,45.7287278,126.5181898
2476377802,45.7292642,126.5184018
2476377803,45.729385,126.52048520000001
2476377804,45.7294652,126.5186549
2476377805,45.7295073,126.52028940000001
2476377815,45.7302392,126.5198644
2476377816,45.7303756,126.51916990000001
2476377817,45.732324600000005,126.57105820000001
2476377818,45.7324806,126.60496490000001
2476377819,45.733404900000004,126.60255230000001
2476377821,45.7337386,126.6029302
2476377822,45.7338688,126.51913390000001
2476377829,45.7390212,126.58786330000001
2476377830,45.7393948,126.5883192
2476377831,45.7394314,126.51990090000001
2476377833,45.7422721,126.5909781
2476377838,45.748910300000006,126.66088880000001
2476377839,45.748987,126.6608111
2476377842,45.7494226,126.6611804
2476377850,45.7510673,126.6643956
2476377858,45.7471369,126.6639997
2476377859,45.751499900000006,126.67249210000001
2476377862,45.7536513,126.6685003
2476377864,45.753828000000006,126.66460670000001
2476377865,45.753948,126.6619761
2476377867,45.7539596,126.66155490000001
2476377868,45.7540856,126.65896230000001
2476377869,45.754163600000005,126.65725300000001
2476377870,45.7546157,126.60284970000001
2476377874,45.7559546,126.60336860000001
2476377877,45.757504100000006,126.60436700000001
2476377878,45.758527,126.6619756
2476377879,45.7595479,126.60555900000001
2476377880,45.760888800000004,126.60653930000001
2476377884,45.762044200000005,126.60738260000001
2476377889,45.7626487,126.6077906
2476377895,45.7634618,126.6083859
2476377919,45.7810142,126.64252640000001
2476377934,45.7828821,126.6567622
2476377943,45.783436,126.6572673
2476377945,45.783790100000004,126.66670730000001
2476377958,45.7852904,126.65859750000001
2476377965,45.7853597,126.65916410000001
2476377967,45.7854796,126.65891610000001
2476377970,45.7857854,126.65812580000001
2476377971,45.786093,126.65808480000001
2476377972,45.7858269,126.7608787
2476377973,45.785941900000005,126.65852170000001
2476377975,45.786614300000004,126.65812790000001
2476377976,45.7868513,126.66144050000001
2476377979,45.7882243,126.6565917
2476377985,45.789401600000005,126.6562834
2476377993,45.791688300000004,126.6543163
2476377998,45.7916377,126.65464480000001
2476378002,45.7924512,126.6567806
2476378004,45.792563,126.65670360000001
2476378013,45.793517800000004,126.65323120000001
2476378015,45.795397,126.6549324
2476378039,45.800409800000004,126.51442420000001
2476378067,45.8042059,126.51181790000001
2476378072,45.804364500000005,126.5123504
2476378075,45.8060291,126.5106085
2476378080,45.807633100000004,126.51065430000001
2476378095,45.812888400000006,126.5017236
2476378180,45.8190521,126.72301530000001
2476378181,45.8199532,126.7226179
2476378183,45.820958600000004,126.7225466
2476378197,45.8216422,126.7225097
2476817470,45.738527700000006,126.76176600000001
2476817530,45.734777400000006,126.79509050000001
2476825200,45.739245100000005,126.6954139
2476825208,45.741457000000004,126.67902190000001
2476825212,45.738549400000004,126.7009692
2476825213,45.740929200000004,126.6827794
2476825233,45.740143200000006,126.6884473
2476825236,45.740168700000005,126.6882695
2476848400,45.7807016,126.77303880000001
2476848450,45.7861768,126.77005910000001
2477328507,45.7291722,126.7801503
2477328520,45.7373945,126.771561
2477328541,45.7366504,126.77825130000001
2477328557,45.7304316,126.77751950000001
2477332816,45.7236306,126.7556986
2477332817,45.720653000000006,126.7699371
2477339355,45.741211400000005,126.61997670000001
2477339358,45.745825800000006,126.61771920000001
2477339362,45.744587100000004,126.61762350000001
2477339366,45.747990400000006,126.61908620000001
2477339368,45.784811600000005,126.6549269
2477339371,45.7907778,126.65076020000001
2477339374,45.7828074,126.65617440000001
2477347631,45.744183,126.6729416
2477347635,45.745844700000006,126.6898819
2477347643,45.747301400000005,126.6722196
2477347647,45.7420222,126.69613520000001
2477347652,45.7413582,126.7017909
2477347669,45.747190800000006,126.6722424
2477347689,45.725480600000004,126.67497370000001
2477347693,45.7441503,126.70259000000001
2477431530,45.669934100000006,126.53658610000001
2477431536,45.675872600000005,126.5404934
2477431538,45.6688345,126.53579260000001
2503867787,45.733966800000005,126.7215177
2503867803,45.727323600000005,126.7204997
2503867845,45.741042500000006,126.7571819
2503867852,45.748042000000005,126.74749980000001
2503867869,45.742846,126.7527807
2503930339,45.833776400000005,126.53457470000001
2503930355,45.8367304,126.5323374
2503930385,45.836652400000006,126.53206750000001
2503930395,45.846158,126.53283750000001
2503941750,45.840427000000005,126.52652710000001
2503941751,45.8415556,126.52313550000001
2504856912,45.7565274,126.68691510000001
2504856976,45.756349400000005,126.68557190000001
2504856991,45.7584833,126.7021912
2504876335,45.7733787,126.71390450000001
2504876356,45.7691527,126.71676310000001
2504876377,45.7734651,126.7157504
2504882039,45.719637600000006,126.70494190000001
2504886137,45.706928600000005,126.68158210000001
2504886141,45.7056538,126.6903218
2504886157,45.708670100000006,126.67229200000001
2504886164,45.7070008,126.68182780000001
2504889846,45.767503700000006,126.64697340000001
2504889850,45.7590875,126.68115230000001
2504889852,45.7609713,126.69627290000001
2504889854,45.7594525,126.63767910000001
2504889856,45.772583600000004,126.65027830000001
2504889858,45.7704718,126.6485985
2504889859,45.7721115,126.6511052
2504889864,45.758301,126.67458950000001
2504889871,45.7698381,126.6486883
2504889873,45.7667258,126.64612740000001
2504890750,45.7631128,126.5930069
2504890757,45.764612500000005,126.59889720000001
2504890760,45.763762400000005,126.59396710000001
2504900697,45.7602126,126.6574607
2504900701,45.7564901,126.64569170000001
2504900702,45.7527774,126.6489803
2504900704,45.7616479,126.65890390000001
2504900708,45.756458900000005,126.653165
2510446074,45.6757561,126.54155200000001
2510446078,45.673387500000004,126.5470978
2510446080,45.674493000000005,126.54474640000001
2510446081,45.6731418,126.54802970000001
2510458167,45.7371239,126.64174080000001
2510467761,45.6694243,126.723359
2510467773,45.670710400000004,126.71960580000001
2511142613,45.7981093,126.50752070000001
2511142615,45.7995348,126.51471880000001
2511142619,45.7943938,126.5179076
2511142624,45.8040181,126.5119473
2511142626,45.8000971,126.51436410000001
2511142627,45.798549400000006,126.50781540000001
2511142633,45.804175900000004,126.5124713
2511142634,45.797521200000006,126.5070742
2511142636,45.7962411,126.50606920000001
2511142638,45.7965445,126.51734760000001
2511142641,45.7997376,126.51533060000001
2511142644,45.7999924,126.51260330000001
2511142648,45.7946035,126.5185455
2511142653,45.7998728,126.51267220000001
2511142655,45.8043746,126.5131525
2511142658,45.800463300000004,126.51412970000001
2511142661,45.798360800000005,126.50769460000001
2511151334,45.692778000000004,126.50869610000001
2511151335,45.6966626,126.518674
2511151338,45.697976100000005,126.5236311
2511151340,45.698536700000005,126.51165780000001
2511151343,45.6949662,126.51319570000001
2511151346,45.698315,126.5120954
2511151347,45.6981449,126.5109
2511151349,45.6903244,126.5027845
2511151352,45.687417700000005,126.50461720000001
2511151356,45.698345700000004,126.51104310000001
2511151357,45.6978859,126.51133170000001
2511151359,45.695103800000005,126.51364590000001
2511151362,45.6979771,126.51099710000001
2511151366,45.693428000000004,126.50823820000001
2511151368,45.693039600000006,126.50850140000001
2511151372,45.698029000000005,126.51180970000001
2511151373,45.698478800000004,126.5119832
2511153197,45.6907517,126.5022024
2511153199,45.6915794,126.50179320000001
2511153201,45.6910035,126.50207010000001
2511153203,45.690209700000004,126.50238920000001
2511157959,45.744946000000006,126.58155730000001
2511157970,45.744496000000005,126.57765230000001
2511160233,45.7213561,126.6029881
2511160239,45.7154365,126.59886030000001
2511162017,45.678002600000006,126.6418716
2511162021,45.6879695,126.63935910000001
2511162037,45.6879815,126.6395162
2511162039,45.687004200000004,126.63048730000001
2511162043,45.711838500000006,126.6385048
2511162050,45.6853886,126.6402412
2511162051,45.685047100000006,126.61219270000001
2511162053,45.6987156,126.6373834
2511162057,45.687044900000004,126.63090580000001
2511164582,45.713146900000005,126.6380309
2511164601,45.7055876,126.63615420000001
2511164613,45.677987300000005,126.64138740000001
2511164616,45.687943600000004,126.63917280000001
2511164625,45.7154759,126.63961880000001
2511164628,45.6750114,126.6421037
2511164636,45.675684000000004,126.6418898
2511164653,45.675045000000004,126.6424202
2511164654,45.7151708,126.6443993
2511164657,45.7113506,126.63812530000001
2511164660,45.6638116,126.6448486
2511164663,45.675723100000006,126.64236760000001
2511164671,45.698662500000005,126.6368992
2511164672,45.716421200000006,126.64080380000001
2511164674,45.6982401,126.63697400000001
2511165666,45.7099283,126.65102390000001
2511165670,45.7122906,126.6526814
2511165674,45.7006828,126.6514312
2511551299,45.785242200000006,126.6682476
2511551315,45.7878096,126.66777820000001
2513900308,45.7691547,126.69939110000001
2513900314,45.772772800000006,126.64354600000001
2513900320,45.7906983,126.73030670000001
2513900333,45.7781132,126.65090780000001
2513900342,45.7751819,126.65002750000001
2513900345,45.780297700000006,126.6497128
2513900348,45.7762393,126.6482735
2537834493,45.769469400000006,126.66716670000001
2537834501,45.7664491,126.6699222
2537834508,45.766842000000004,126.66742780000001
2537839878,45.7803276,126.70069930000001
2537839884,45.7791221,126.70103590000001
2537839895,45.786854600000005,126.69910890000001
2537843187,45.762308000000004,126.70714770000001
2537843196,45.7661868,126.70610210000001
2537853867,45.7453256,126.7117206
2537853879,45.744168800000004,126.70320040000001
2537853895,45.7434613,126.7088808
2537853906,45.746341400000006,126.70965460000001
2537881928,45.6505036,126.6589246
2538057002,45.735806100000005,126.6481842
2538057014,45.738828000000005,126.6358718
2538057021,45.739159400000005,126.6376867
2538057035,45.738878,126.64374040000001
2538059758,45.721803200000004,126.67216300000001
2538059767,45.722101,126.6844083
2538059769,45.721568500000004,126.6812263
2549776585,45.7852916,126.5876391
2549785993,45.8242041,126.5803568
2549786009,45.8283173,126.5711024
2549786063,45.8262288,126.57578110000001
2549786087,45.822938300000004,126.57922040000001
2549786099,45.834490100000004,126.59005950000001
2549786124,45.8334295,126.58575510000001
2549786126,45.8249184,126.57460250000001
2549786150,45.8239395,126.57372230000001
2560359159,45.7630294,126.6313872
2575825333,45.7313934,126.7211233
2575825334,45.729762900000004,126.71847430000001
2575836568,45.7350001,126.7592051
2575836668,45.712807500000004,126.71120660000001
2575836674,45.7347673,126.76009850000001
2575984725,45.930293400000004,126.6832725
2593864620,45.832450400000006,126.60799300000001
2593864629,45.8323699,126.6077709
2593870814,45.861835000000006,126.41131240000001
2645379456,45.7422534,126.6293469
2645379538,45.7433508,126.628033
2645379589,45.7441237,126.62588020000001
2676836341,45.7255722,126.5984056
2676836342,45.7293322,126.60170350000001
2676836354,45.742491300000005,126.62147560000001
2676836357,45.7431799,126.61306590000001
2676836365,45.745594100000005,126.6197951
2676836366,45.745702200000004,126.61882680000001
2676836370,45.747086200000005,126.62065170000001
2676836373,45.747788400000005,126.62022350000001
2676836374,45.74801,126.61736870000001
2676836375,45.748220800000006,126.6281732
2676836376,45.7482631,126.6193997
2676836377,45.748437800000005,126.6248156
2676836379,45.749291500000005,126.62329460000001
2676836380,45.749458000000004,126.62600230000001
2676836381,45.749694500000004,126.62257650000001
2676836382,45.7501922,126.62168980000001
2676836384,45.750499700000006,126.6272349
2676836385,45.750625500000005,126.62096070000001
2676836386,45.750926400000004,126.6070076
2676836387,45.7511092,126.62005590000001
2676836390,45.7519884,126.60964650000001
2676836392,45.7533509,126.61030570000001
2676836393,45.753812,126.61253690000001
2676836394,45.753509900000005,126.6064025
2676836396,45.753549,126.60879430000001
2676836399,45.754000700000006,126.64453890000001
2676836400,45.7541675,126.6115503
2676836401,45.7543973,126.6108796
2676836402,45.7546601,126.62646480000001
2676836403,45.754843,126.60968150000001
2676836405,45.7550548,126.64268440000001
2676836406,45.755248200000004,126.6270575
2676836407,45.755368100000005,126.6082621
2676836409,45.755796200000006,126.64134700000001
2676836411,45.755983400000005,126.64377320000001
2676836413,45.756229100000006,126.61421430000001
2676836414,45.7565569,126.6285735
2676836416,45.7569262,126.63405700000001
2676836417,45.757235200000004,126.6388486
2676836418,45.7573286,126.61134700000001
2676836419,45.7577189,126.643579
2676836420,45.758329100000005,126.6150202
2676836421,45.758202600000004,126.60906770000001
2676836424,45.758515100000004,126.61407190000001
2676836425,45.758577900000006,126.604977
2676836426,45.7586172,126.60478850000001
2676836427,45.758703700000005,126.6131414
2676836428,45.7587531,126.63616160000001
2676836429,45.7589379,126.6120381
2676836430,45.759029600000005,126.603542
2676836431,45.7589823,126.6444386
2676836432,45.7590019,126.6473124
2676836433,45.7591465,126.64106240000001
2676836434,45.7592136,126.6096674
2676836437,45.759465500000005,126.60981040000001
2676836438,45.759645400000004,126.63458790000001
2676836440,45.759770100000004,126.64596030000001
2676836441,45.7598301,126.60722200000001
2676836442,45.7601239,126.6102043
2676836443,45.760277,126.61578410000001
2676836444,45.760460300000005,126.63884960000001
2676836445,45.7605164,126.63300770000001
2676836446,45.7607744,126.65066630000001
2676836447,45.760875600000006,126.61709470000001
2676836448,45.760913800000004,126.612862
2676836449,45.7610401,126.616099
2676836450,45.761209900000004,126.64990150000001
2676836451,45.761193000000006,126.64345600000001
2676836452,45.7613847,126.6143725
2676836453,45.761576000000005,126.63683340000001
2676836454,45.7614904,126.6400461
2676836459,45.762478400000006,126.6411937
2676836460,45.7626172,126.6380481
2676836461,45.762688600000004,126.6348045
2676836463,45.7634125,126.64603360000001
2676836466,45.763604,126.63921250000001
2676836467,45.764115200000006,126.63831270000001
2676836470,45.764699500000006,126.6437736
2676836476,45.765751300000005,126.6138684
2676836479,45.7676196,126.6384881
2676836484,45.768537800000004,126.6058684
2676836485,45.768742800000005,126.610049
2676836488,45.769034500000004,126.60742330000001
2676836494,45.769629800000004,126.609549
2676836496,45.7699355,126.60693640000001
2676836497,45.7704991,126.609059
2676836498,45.7706407,126.63805090000001
2676836499,45.770652500000004,126.61329710000001
2676836500,45.7709063,126.6033084
2676836501,45.7709765,126.63938370000001
2676836502,45.7719765,126.6031605
2676836503,45.7732546,126.63668410000001
2676836504,45.773597800000005,126.63801020000001
2676836505,45.7751158,126.63717600000001
2676836507,45.776649000000006,126.63823000000001
2676836538,45.779569300000006,126.61600240000001
2676836543,45.7824553,126.62111820000001
2689865496,45.766226,126.63357930000001
2691058638,45.7800979,126.6313698
2691058639,45.7811852,126.63329010000001
2691058641,45.781863200000004,126.634731
2691058642,45.7821651,126.63553630000001
2691058643,45.7828138,126.63705130000001
2691058645,45.783856300000004,126.63942440000001
2691058646,45.784217700000006,126.64029970000001
2691058648,45.7846623,126.6412774
2691058649,45.7851591,126.64252350000001
2691058650,45.7857907,126.6442772
2691070091,45.778718700000006,126.63615480000001
2691070093,45.7798481,126.63924360000001
2713902926,45.7338041,126.62178750000001
2713902928,45.7359632,126.6244032
2713902930,45.732927000000004,126.6207248
2713902931,45.7316524,126.6191807
2713902976,45.777056900000005,126.6145436
2713902978,45.7769253,126.61458080000001
2713933543,45.758917800000006,126.59406190000001
2713933547,45.7597102,126.593777
2713933558,45.7618464,126.5949329
2713933563,45.762548200000005,126.59680100000001
2839595396,45.837143000000005,126.63311290000001
2839601001,45.7763332,126.68803310000001
2839601020,45.7321363,126.6688481
2839601033,45.777721500000006,126.65865120000001
2839601034,45.731108400000004,126.672509
2839601039,45.7199827,126.70222600000001
2839601045,45.775560500000005,126.6736764
2839601048,45.7693542,126.6752807
2839601051,45.778759400000006,126.67666080000001
2839601055,45.737056800000005,126.66580470000001
2839601061,45.7371892,126.66227880000001
2839601062,45.7321134,126.6858569
2839601067,45.761577900000006,126.660649
2839601072,45.8368349,126.6332325
2839601088,45.731883,126.6721816
2839601089,45.7560451,126.6588274
2839601091,45.735881600000006,126.66365370000001
2839601098,45.780478300000006,126.67014640000001
2839601103,45.731858,126.67996690000001
2839601105,45.7596551,126.65846040000001
2839601108,45.7331104,126.6784722
2839601112,45.7258695,126.6863926
2839601117,45.729354400000005,126.68097460000001
2839601127,45.7559027,126.65417670000001
2839601132,45.731257,126.66924580000001
2839601141,45.775588500000005,126.674806
2839601149,45.836670000000005,126.63332070000001
2839601161,45.7710414,126.6511799
2839601162,45.7278892,126.67386300000001
2839601168,45.7304982,126.6695626
2839601171,45.75508,126.66472750000001
2839601172,45.732582300000004,126.68266770000001
2839601175,45.7328205,126.67657080000001
2839601187,45.681122,126.7074434
2839601190,45.7376761,126.66809040000001
2839601191,45.7814131,126.6899956
2839601192,45.6840771,126.7117889
2839601194,45.6778886,126.7051292
2839601196,45.7272624,126.67085410000001
2839601199,45.722866,126.68977880000001
2839601206,45.7810026,126.68638150000001
2839601219,45.7553296,126.65906580000001
2839601220,45.7753919,126.6643214
2839601221,45.759379200000005,126.65293190000001
2839601228,45.761062800000005,126.67348030000001
2839601229,45.6789092,126.7076878
2839601231,45.775357400000004,126.66990440000001
2839601237,45.7372907,126.6710462
2839601238,45.7615119,126.6622911
2839601241,45.7247648,126.68940930000001
2839601249,45.7296661,126.682499
2839601262,45.7716365,126.65193230000001
2839601271,45.7728435,126.68056410000001
2839601273,45.7258955,126.70867740000001
2839601274,45.7749169,126.65634650000001
2839601281,45.7263109,126.6888076
2839601292,45.6835679,126.71112900000001
2839601306,45.7320452,126.67689440000001
2839601307,45.7378014,126.66713120000001
2839601310,45.711926600000005,126.6251175
2839601312,45.7522791,126.65004030000001
2839601316,45.7795968,126.70452680000001
2839601320,45.7554297,126.65500010000001
2839601323,45.836824400000005,126.63374660000001
2839601326,45.7571128,126.6569498
2839601330,45.7288118,126.68287110000001
2839601338,45.7517733,126.6509386
2839601340,45.722450900000005,126.7027661
2839601342,45.7753017,126.67369540000001
2839601344,45.732881400000004,126.68050930000001
2839601347,45.754907800000005,126.66863180000001
2839601350,45.854900300000004,126.6212442
2839601357,45.7305635,126.68217100000001
2839601369,45.7202307,126.60893490000001
2839601391,45.7581555,126.65510010000001
2839601395,45.778392100000005,126.6785681
2839601397,45.757586800000006,126.65609920000001
2982505173,45.764791900000006,126.59810340000001
2982507575,45.7634404,126.5934464
2982507576,45.7622068,126.59554240000001
3042566854,45.7495021,126.69815790000001
3042566855,45.7449116,126.6969219
3045969240,45.761233000000004,126.66924130000001
3046296578,45.7533095,126.6589021
3046296611,45.7566119,126.65783230000001
3046296612,45.7513026,126.65177480000001
3046327616,45.751350800000004,126.65869450000001
3046327618,45.7503183,126.65999730000001
3046333300,45.753544100000006,126.65592670000001
3046338304,45.755757200000005,126.64954010000001
3046338306,45.753797600000006,126.65014000000001
3046359147,45.752506000000004,126.64702940000001
3046359148,45.7517082,126.64809840000001
3046359149,45.7507013,126.64934120000001
3046359150,45.7488541,126.65167640000001
3046359151,45.747796,126.6529691
3046359152,45.746814400000005,126.6542462
3046359153,45.7458989,126.655358
3046400394,45.7438237,126.64360130000001
3046408682,45.747184700000005,126.65198450000001
3046410160,45.7500579,126.64832770000001
3046410161,45.748228100000006,126.65065650000001
3046410162,45.7462,126.6532377
3046649831,45.7443827,126.64745130000001
3046649832,45.7454094,126.6461139
3046658943,45.7424702,126.64751840000001
3046658944,45.743385700000005,126.64863500000001
3046659049,45.7430705,126.6457922
3046659733,45.7472374,126.6438313
3046660171,45.746175900000004,126.64734190000001
3046660172,45.7451117,126.64868530000001
3046660173,45.746283000000005,126.6450231
3046660176,45.7383961,126.65288690000001
3046660177,45.7370905,126.65193000000001
3046660178,45.7364614,126.6515023
3046660181,45.7350733,126.6503564
3046664598,45.746080600000006,126.6408509
3046664602,45.750136600000005,126.64311520000001
3046667745,45.7559498,126.6513829
3046667746,45.753286900000006,126.6483221
3046667748,45.750919800000005,126.6444199
3046667814,45.753864500000006,126.64738320000001
3046667815,45.7565326,126.65037160000001
3046667816,45.7555412,126.65212190000001
3046668298,45.7408948,126.64390990000001
3046668301,45.7395341,126.64919210000001
3046668317,45.735435100000004,126.64928940000001
3046668319,45.738526300000004,126.6506686
3046670110,45.7375624,126.65063830000001
3046671133,45.735954,126.65115780000001
3046671267,45.736425800000006,126.6537043
3046671268,45.7353378,126.65295180000001
3046671269,45.7358738,126.65332860000001
3046671270,45.7368675,126.650289
3046671285,45.735775600000004,126.65167410000001
3046671286,45.734858300000006,126.65099040000001
3047155546,45.7412873,126.6561326
3047155550,45.742916300000005,126.65150550000001
3047155552,45.741389700000006,126.6534747
3047171637,45.7383122,126.6559694
3047171638,45.7369271,126.65991770000001
3047172393,45.7305397,126.663694
3047172672,45.7375332,126.66080190000001
3047182128,45.731107800000004,126.6620178
3047182129,45.7328137,126.66316020000001
3047182131,45.7313709,126.66110750000001
3047182132,45.733116,126.6622846
3047192326,45.734434900000004,126.65564990000001
3047192327,45.733511500000006,126.6549949
3047192587,45.7328661,126.6602146
3047192588,45.735112900000004,126.6536746
3047192589,45.7323256,126.66172040000001
3047192590,45.7320307,126.6626032
3047195935,45.733873700000004,126.65730230000001
3047195936,45.7329134,126.65667540000001
3047251977,45.7326722,126.66075810000001
3047258148,45.735591500000005,126.65645800000001
3047258150,45.734961500000004,126.6583224
3047258151,45.7357254,126.65606170000001
3047258152,45.734034400000006,126.66106620000001
3047258153,45.7337378,126.66086170000001
3047258154,45.7335578,126.6613803
3047283656,45.7309707,126.65886640000001
3047343157,45.711371400000004,126.62024570000001
3047444633,45.694557100000004,126.5717673
3047741519,45.746506000000004,126.62019230000001
3047741520,45.7467781,126.6192967
3047741521,45.7470695,126.61833730000001
3047742500,45.7448795,126.62169340000001
3047742501,45.744733100000005,126.6197913
3047742502,45.7446655,126.61878680000001
3047742503,45.744481,126.61604820000001
3047744269,45.743445,126.62036870000001
3047744270,45.743110300000005,126.61947420000001
3047744271,45.7426947,126.6183634
3047744272,45.7421188,126.61682400000001
3047778551,45.7499345,126.61909430000001
3047778552,45.7491665,126.6205211
3047778553,45.7486836,126.6213687
3047778554,45.748264400000004,126.6221036
3047778556,45.746636,126.624936
3047778557,45.746148100000006,126.6257425
3047782133,45.7522728,126.62106270000001
3047782134,45.7507432,126.62374700000001
3047782135,45.750335500000006,126.62446240000001
3047785925,45.744691,126.63096990000001
3047787433,45.747691,126.62863850000001
3047787434,45.7456836,126.6321475
3047787435,45.744768,126.6337481
3048222452,45.753194,126.6383263
3048222453,45.7517256,126.6409352
3048222454,45.751078400000004,126.6420307
3048222899,45.7563839,126.6378569
3048222900,45.754955800000005,126.6403714
3048222901,45.753124400000004,126.6435366
3048322028,45.7627668,126.65296520000001
3048322338,45.758559000000005,126.6480918
3048325053,45.7649826,126.64022530000001
3048325054,45.765221800000006,126.64079240000001
3048325055,45.763632900000005,126.64253470000001
3048325056,45.7623405,126.64479790000001
3048325058,45.760141600000004,126.6486488
3048325059,45.7597159,126.64939430000001
3048325060,45.7664035,126.6438361
3048325061,45.765733000000004,126.64497420000001
3048325062,45.7644457,126.6472413
3048325064,45.7617798,126.651825
3048326223,45.7683948,126.6495146
3048326224,45.767590600000005,126.65089230000001
3048326226,45.7649404,126.65562290000001
3048326236,45.767730900000004,126.64756150000001
3048326239,45.7622578,126.6538732
3048331375,45.7698109,126.6534539
3048331376,45.767784500000005,126.65734090000001
3048331503,45.770941900000004,126.6568191
3048331504,45.768382800000005,126.6586561
3048997266,45.7914532,126.7192258
3049392829,45.766946000000004,126.60033720000001
3050102110,45.7738491,126.64483480000001
3050102111,45.778731900000004,126.6398879
3050102112,45.7777557,126.6370928
3050102114,45.7762742,126.63480430000001
3050102116,45.778559900000005,126.6453244
3050102117,45.7757233,126.64047550000001
3050102118,45.774452700000005,126.6393795
3050105866,45.7772565,126.6404744
3050105867,45.776331000000006,126.64149940000001
3050110522,45.7779,126.6373777
3050110523,45.7796068,126.638688
3050115702,45.7833897,126.6303857
3050115704,45.78143,126.638328
3050115705,45.7826242,126.640843
3050115706,45.7839332,126.6434849
3050115707,45.7842891,126.6455858
3050115708,45.7827896,126.64699940000001
3050116609,45.783126300000006,126.64792290000001
3050119719,45.7870794,126.64551170000001
3050119720,45.7865759,126.6437446
3050119722,45.7863376,126.64180320000001
3050119725,45.785832600000006,126.63967650000001
3050119726,45.7850333,126.638113
3050121104,45.786957400000006,126.6411894
3050121105,45.782051800000005,126.6452163
3050121106,45.7834792,126.64255650000001
3050121107,45.781670500000004,126.64427260000001
3050121109,45.7798856,126.645622
3050127694,45.772058300000005,126.62669640000001
3050127695,45.767503000000005,126.62902790000001
3050127696,45.7708397,126.6272814
3050127698,45.778665700000005,126.62835410000001
3050148060,45.775040700000005,126.64657050000001
3050148062,45.7748259,126.6462436
3050148063,45.7773138,126.64315400000001
3050148065,45.7780866,126.64217970000001
3050148066,45.779065300000006,126.64189010000001
3050148067,45.7790954,126.6420161
3050148069,45.7775471,126.6435467
3050148070,45.7793398,126.64326260000001
3050148071,45.7781577,126.6446018
3050148072,45.780544000000006,126.6412164
3050151291,45.7802219,126.64028490000001
3050151292,45.778876100000005,126.64090100000001
3050151293,45.781772100000005,126.63907510000001
3050151295,45.7802767,126.64044700000001
3050151296,45.7822538,126.6400521
3050151298,45.7806158,126.64142620000001
3050151299,45.7821797,126.639897
3050151300,45.7834573,126.6385139
3050153432,45.7854054,126.6388495
3050153433,45.783029000000006,126.6416609
3050153434,45.7813619,126.643432
3050154642,45.789796800000005,126.64555530000001
3050154644,45.7912382,126.64690270000001
3050154645,45.7898695,126.64777600000001
3050154646,45.7874721,126.64928760000001
3050154647,45.7837723,126.651572
3050158688,45.7919653,126.64329980000001
3050158689,45.7911592,126.6418246
3050158690,45.790441900000005,126.64038450000001
3050159797,45.7767654,126.63207100000001
3050168633,45.791162400000005,126.64409440000001
3050168635,45.7896428,126.641238
3050168636,45.788827700000006,126.63971660000001
3050168637,45.7880732,126.6383248
3050168638,45.786966,126.6361954
3050168639,45.7859259,126.63419320000001
3050168640,45.7850017,126.63236490000001
3050168641,45.783815800000006,126.6301416
3050168643,45.7843571,126.63301410000001
3050168644,45.7838937,126.6334413
3053544525,45.771074600000006,126.64694030000001
3053547406,45.771557900000005,126.63625090000001
3053547407,45.769538100000005,126.627948
3053555210,45.7712166,126.63486870000001
3053557552,45.7715734,126.6464366
3053558012,45.7713054,126.64066500000001
3053558013,45.7735873,126.6409098
3053559112,45.771135400000006,126.6406984
3053559113,45.7697,126.6414508
3053559114,45.7693789,126.6402317
3053559115,45.766721800000006,126.63899400000001
3053560761,45.770063300000004,126.6428216
3053580339,45.767871500000005,126.63035570000001
3053715605,45.7768723,126.63803910000001
3053753680,45.7763706,126.6441939
3053753681,45.775077200000005,126.64204790000001
3053756182,45.775708900000005,126.64307930000001
3053756183,45.7752065,126.64408270000001
3053756184,45.7742939,126.64546030000001
3053760292,45.775756400000006,126.64497320000001
3053760293,45.7771338,126.6471743
3053819092,45.776170400000005,126.6438732
3053819093,45.775549100000006,126.64464190000001
3054644035,45.7824158,126.63002700000001
3054644039,45.7830713,126.63762580000001
3058314704,45.759209000000006,126.5972435
3107941941,45.7480996,126.65635560000001
3107941942,45.7488018,126.65750820000001
3107941943,45.749125600000006,126.6551105
3107941944,45.7498269,126.6562401
3107941945,45.750619400000005,126.65751650000001
3107941946,45.750874700000004,126.65496610000001
3107941947,45.7516581,126.6562291
3107941948,45.753241700000004,126.64586440000001
3107941949,45.753330600000005,126.6684613
3107941951,45.7534798,126.67260110000001
3107941952,45.753563400000004,126.64530810000001
3107941953,45.755152100000004,126.66309120000001
3107941954,45.7563679,126.66485060000001
3107941955,45.756438100000004,126.6632105
3107941957,45.7565996,126.6591839
3107941958,45.757509500000005,126.6543551
3107941959,45.7591705,126.6593722
3107953532,45.739971700000005,126.6698544
3107953533,45.740157800000006,126.6684426
3107953535,45.7407149,126.67010440000001
3107953536,45.7409113,126.6686523
3107953537,45.7410499,126.6686909
3107953539,45.741348200000004,126.66838870000001
3107953540,45.741475,126.67030840000001
3107953541,45.741466700000004,126.667381
3107953542,45.741524000000005,126.6688228
3107953544,45.7416886,126.66886860000001
3107953545,45.7419105,126.67228770000001
3107953546,45.7421511,126.67049
3107953547,45.742343600000005,126.66905100000001
3107953548,45.7425463,126.66747280000001
3107953549,45.7428473,126.6706769
3107953552,45.7430474,126.6692469
3107953553,45.7432706,126.6675536
3107953557,45.7436128,126.6626485
3107953558,45.743937200000005,126.6694746
3107953559,45.743969500000006,126.66993450000001
3107953560,45.7440471,126.6710137
3107953561,45.7450301,126.6677229
3107953562,45.7451153,126.6648516
3107953563,45.7451937,126.66976500000001
3107953564,45.7454422,126.6726553
3107953565,45.7455258,126.66551120000001
3107953567,45.7458377,126.6638863
3107953568,45.745952800000005,126.66112170000001
3107953569,45.7461124,126.6664966
3107953572,45.7483219,126.6662606
3107953573,45.7494686,126.6681374
3107953574,45.7495629,126.66641150000001
3107953575,45.749668400000004,126.6642288
3107953578,45.751484100000006,126.6648746
3107953579,45.7515932,126.6711872
3107953582,45.7524298,126.66838270000001
3107953583,45.7524865,126.66714560000001
3107953584,45.752524400000006,126.66631890000001
3107953585,45.752608300000006,126.66449010000001
3107953587,45.7527264,126.6619143
3107953589,45.7532274,126.66454350000001
3107953591,45.753364100000006,126.6709416
3107953593,45.753703,126.66734530000001
3107953594,45.753739100000004,126.66655270000001
3107953595,45.754273700000006,126.66857300000001
3107953597,45.754390900000004,126.6665899
3107953598,45.754402600000006,126.6663702
3107953599,45.754435900000004,126.66574310000001
3107953600,45.7544927,126.66467480000001
3107953602,45.754981,126.6707174
3107953603,45.7550061,126.6664032
3107953604,45.755033100000006,126.6657909
3107953605,45.755072600000005,126.67332870000001
3107953606,45.755413600000004,126.6749319
3152582615,45.7496165,126.6588454
3214186013,45.727887800000005,126.63116760000001
3214186014,45.725205,126.62926220000001
3226271565,45.7013571,126.75024660000001
3226271568,45.7252972,126.73304040000001
3226271570,45.748571600000005,126.75376390000001
3226271578,45.687992200000004,126.7164714
3226271586,45.728091500000005,126.71502450000001
3226271587,45.7728243,126.74663550000001
3226271594,45.722323,126.75523650000001
3226271601,45.758884800000004,126.75027320000001
3226271602,45.7532274,126.7518052
3226271605,45.7222057,126.7551882
3226271606,45.701537800000004,126.7504016
3226271616,45.7521585,126.75227220000001
3226271618,45.7283082,126.7139101
3226271626,45.728674100000006,126.71221360000001
3226271637,45.7013429,126.75039650000001
3226271640,45.7003483,126.7694881
3226271642,45.726792100000004,126.72290480000001
3226271648,45.737266600000005,126.7586842
3226271652,45.7293104,126.7069792
3226271654,45.728123200000006,126.71383890000001
3226271659,45.711499100000005,126.75089220000001
3226271666,45.754111800000004,126.75150880000001
3226271671,45.7271572,126.72164710000001
3226271676,45.709211200000006,126.7504801
3226271680,45.722345100000005,126.7551052
3226271687,45.7266811,126.7275695
3226271700,45.731314700000006,126.75862500000001
3226271703,45.7025134,126.72998020000001
3226271709,45.729482700000005,126.7066396
3226271715,45.756629600000004,126.751581
3226271717,45.722231,126.7550573
3226271720,45.7410251,126.757068
3226271721,45.731191700000004,126.7116929
3226271737,45.679047600000004,126.7079274
3226271739,45.7290179,126.70992000000001
3226271741,45.727050600000005,126.72292530000001
3226271745,45.7266254,126.7539048
3226271749,45.7726952,126.74679540000001
3226271750,45.7159763,126.75261370000001
3226271752,45.7610121,126.75549050000001
3226271753,45.7227449,126.75236620000001
3226271755,45.748221900000004,126.7539088
3226271765,45.680355600000006,126.70616020000001
3226271766,45.7253759,126.7330596
3226271767,45.772680300000005,126.74667900000001
3230755147,45.720947300000006,126.63930990000001
3230755149,45.7208577,126.6382066
3231940950,45.7228756,126.6310914
3231940951,45.7212988,126.63567640000001
3231940952,45.722629100000006,126.6330915
3231940953,45.722275,126.63283790000001
3231940954,45.7144448,126.6272849
3232021722,45.716756000000004,126.63244320000001
3232021723,45.716528200000006,126.63317160000001
3232021724,45.716210100000005,126.63329060000001
3232026293,45.7216492,126.63592580000001
3232026294,45.7146236,126.6309705
3232028506,45.7207646,126.63175650000001
3232028507,45.719811,126.63461740000001
3232112961,45.713988900000004,126.6271643
3232112968,45.7141807,126.626817
3232112971,45.7141831,126.62748570000001
3232112976,45.715168000000006,126.62599940000001
3232112978,45.7143127,126.62545910000001
3232112980,45.7161489,126.6284519
3232112981,45.7154028,126.62796390000001
3232112982,45.7173351,126.6293011
3232112983,45.7163661,126.63217390000001
3232112984,45.7170555,126.629101
3232112985,45.7160621,126.63196400000001
3232112987,45.715776000000005,126.6317664
3232112988,45.7154456,126.63153820000001
3232112989,45.716061,126.6297014
3232112990,45.7150722,126.63128030000001
3232112991,45.7156961,126.6294443
3232112992,45.7170963,126.6314337
3232112993,45.7167067,126.63116400000001
3232112994,45.7164103,126.63095980000001
3232112995,45.7161206,126.63076020000001
3232112996,45.715783900000005,126.63052820000001
3232112997,45.715414300000006,126.6302735
3232112999,45.717365,126.63062660000001
3232113000,45.7169813,126.63035
3232113001,45.7166927,126.6301466
3232113002,45.7164013,126.62994130000001
3232113003,45.7155508,126.62934190000001
3232113004,45.7151171,126.63251880000001
3232113005,45.715433700000006,126.63276510000001
3232113006,45.714329,126.63189770000001
3232113007,45.714748300000004,126.6322336
3232113008,45.719531700000005,126.63441870000001
3232113009,45.7197946,126.63353760000001
3232113010,45.7201013,126.6337465
3241082480,45.746265900000004,126.68688530000001
3241082481,45.7477542,126.6782282
3241082482,45.7477955,126.67876430000001
3241082483,45.7478867,126.6799507
3241082486,45.7487189,126.6863294
3241082491,45.7488826,126.6797092
3241082492,45.7486789,126.6779994
3241082494,45.748747300000005,126.6785619
3241082499,45.749405,126.68618470000001
3241082501,45.749628900000005,126.6879897
3241082502,45.7498877,126.68997800000001
3241082508,45.750552500000005,126.67863870000001
3241082511,45.750600500000004,126.68327970000001
3241082512,45.7509061,126.68576920000001
3241082514,45.7514734,126.6863445
3241082515,45.751612200000004,126.68750200000001
3241082516,45.7519122,126.6899185
3241082517,45.7520302,126.6782541
3241082518,45.752987600000004,126.68597620000001
3241082519,45.754465700000004,126.6968891
3241082523,45.7552262,126.685933
3241082525,45.7573268,126.6929223
3241082526,45.7577161,126.6960451
3241082528,45.7579961,126.6927404
3241082529,45.7584141,126.6884421
3241082531,45.758774100000004,126.69114750000001
3241082533,45.7590736,126.6938197
3241082535,45.7592944,126.69561250000001
3241082536,45.7594943,126.6843352
3241082537,45.759863900000006,126.6922308
3241082538,45.7604545,126.69207300000001
3241082539,45.7608389,126.6952014
3256636334,45.7381599,126.62797710000001
3256636335,45.741338400000004,126.6225881
3256822962,45.738852900000005,126.62680220000001
3256822963,45.740154600000004,126.62831010000001
3256822966,45.7402255,126.6304563
3256837495,45.740368800000006,126.621442
3256837496,45.739335600000004,126.6202348
3256837497,45.7426777,126.62417110000001
3256837499,45.741612700000005,126.62803980000001
3256837500,45.740903700000004,126.62718160000001
3256837501,45.739558900000006,126.6256051
3256848631,45.741475900000005,126.62621050000001
3256848632,45.7408712,126.6254839
3256848633,45.7402948,126.6264632
3256848634,45.7421433,126.625078
3256848641,45.740774800000004,126.62535670000001
3256848642,45.7401526,126.62459860000001
3256848643,45.7421207,126.62715480000001
3256848644,45.7414077,126.6263263
3257004217,45.744635900000006,126.62499380000001
3257004218,45.7444295,126.62475660000001
3257004221,45.7442007,126.62433060000001
3257101319,45.745872600000006,126.6291063
3257105052,45.7461551,126.6313233
3257105053,45.745161800000005,126.6301471
3257105268,45.737561400000004,126.6233892
3257105269,45.7385746,126.62453740000001
3257116116,45.743900800000006,126.62708070000001
3257116120,45.743905600000005,126.62794500000001
3257116121,45.744245500000005,126.628343
3257120208,45.744304,126.62749230000001
3257120209,45.7454466,126.6259143
3257120210,45.7449114,126.62529880000001
3257120212,45.7467813,126.6275262
3257120213,45.7461836,126.62678520000001
3257130407,45.7475031,126.62896690000001
3257130410,45.746655600000004,126.6295259
3257130411,45.7467921,126.6302098
3257130412,45.7460904,126.62941860000001
3257130575,45.7445972,126.62875480000001
3257130576,45.744333700000006,126.6291879
3257579067,45.738804800000004,126.63524040000001
3257579072,45.736518200000006,126.63324770000001
3257579076,45.737585,126.62993800000001
3257579077,45.7378882,126.62957320000001
3257579079,45.739127700000004,126.62910090000001
3261535145,45.7595521,126.62834540000001
3261899381,45.7571029,126.6292061
3261899389,45.756727100000006,126.6287707
3261904340,45.7568495,126.62507520000001
3261904341,45.756272900000006,126.62671250000001
3262001408,45.758149100000004,126.6307022
3287324741,45.7470383,126.668845
3287324742,45.7479208,126.65862870000001
3287324743,45.748836100000005,126.67635120000001
3287324744,45.748726100000006,126.65995120000001
3287324748,45.7497642,126.66237860000001
3287324757,45.7513288,126.67122160000001
3287330561,45.752586400000006,126.62964860000001
3287346782,45.742288800000004,126.6548953
3287346783,45.742435500000006,126.6551773
3287346784,45.743785700000004,126.6529385
3287346785,45.7439758,126.6533526
3287346786,45.7443637,126.6528669
3287346787,45.7452653,126.65170370000001
3287346788,45.7460016,126.6501918
3287346789,45.747111800000006,126.64884140000001
3287346790,45.7472847,126.64913430000001
3287346792,45.747950800000005,126.64777110000001
3287346793,45.748144100000005,126.6480346
3287346795,45.7491554,126.6467767
3287346798,45.7501516,126.6455418
3305928419,45.766970400000005,126.6109708
3305928423,45.784135000000006,126.6498119
3305928424,45.784106,126.64748750000001
3305928425,45.7842837,126.6532265
3305928426,45.784522,126.65112090000001
3305928427,45.784717,126.6471456
3305928428,45.785014600000004,126.65278730000001
3305928429,45.7850879,126.6507777
3305928431,45.785306500000004,126.65658830000001
3305928432,45.785518100000004,126.65449040000001
3305928433,45.785692000000004,126.6503962
3305928435,45.786173100000006,126.63699140000001
3305928436,45.7861513,126.652033
3305928437,45.786476500000006,126.6460294
3305928438,45.786681400000006,126.65378070000001
3305928439,45.786733000000005,126.6333433
3305928442,45.7872944,126.63916580000001
3305928443,45.787562300000005,126.65524
3305928444,45.7877779,126.6353579
3305928445,45.7879713,126.6509496
3305928447,45.788057200000004,126.64061310000001
3305928448,45.7889812,126.65436150000001
3305928449,45.788476100000004,126.6526477
3305928450,45.7888165,126.64210890000001
3305928451,45.7888797,126.63746470000001
3305928454,45.789562000000004,126.6563
3305928456,45.7896106,126.63887460000001
3305928457,45.790369500000004,126.6494327
3305928458,45.7903521,126.6449417
3305928459,45.7913725,126.65280360000001
3335930689,45.7657691,126.6211578
3335930690,45.765865500000004,126.6210367
3335930692,45.7662716,126.6234517
3335931094,45.766374500000005,126.62340760000001
3335931095,45.7667263,126.62568150000001
3335931096,45.766824400000004,126.6256355
3335931097,45.7673496,126.6278786
3335931098,45.7676442,126.62896370000001
3335931100,45.768653400000005,126.63217900000001
3335931101,45.7703312,126.6369367
3401699986,45.739310100000004,126.5533388
3447772766,45.7419298,126.63041690000001
3447772767,45.742415,126.62958730000001
3447772768,45.7442481,126.6317607
3447772769,45.7452356,126.63293080000001
3447772770,45.746479900000004,126.63440550000001
3447793153,45.743773600000004,126.6326264
3447794975,45.742862800000005,126.6301191
3447794979,45.742668200000004,126.6304669
3447794980,45.741665700000006,126.6320517
3447794981,45.742340600000006,126.6308956
3447794982,45.742178700000004,126.63117290000001
3447794985,45.7420333,126.63142200000001
3447795454,45.7425481,126.63113580000001
3447795457,45.7433017,126.63063910000001
3447796104,45.7398796,126.6250614
3447796107,45.7403691,126.62580310000001
3447796273,45.739921700000004,126.62499000000001
3447796275,45.740142000000006,126.62397440000001
3447796276,45.739439100000006,126.6275068
3447796277,45.7391632,126.6279944
3447796279,45.7391604,126.6281407
3447796280,45.7391178,126.6281773
3447796282,45.7390355,126.62808790000001
3447796283,45.739046900000005,126.6280066
3447796285,45.7392966,126.6283846
3447796286,45.7388227,126.62784800000001
3447796287,45.738968,126.62801180000001
3447796288,45.7391853,126.6282556
3447927004,45.7391744,126.62066130000001
3447927005,45.738485600000004,126.62016670000001
3447927006,45.7396467,126.61968220000001
3447927007,45.739042100000006,126.61895150000001
3447927008,45.738640800000006,126.62215630000001
3447927011,45.7380052,126.62167880000001
3447927012,45.7382506,126.6208692
3447927013,45.7387899,126.62128360000001
3447927014,45.7386805,126.621205
3447927216,45.7375149,126.62314610000001
3447927217,45.739813600000005,126.6223987
3447927218,45.738929500000005,126.62139420000001
3447936074,45.7400279,126.6330621
3447936076,45.7378975,126.63286070000001
3447936077,45.739494300000004,126.63246050000001
3447936081,45.7397398,126.6327392
3450159245,45.7454807,126.6208112
3450159247,45.744801,126.6208
3450159250,45.7437729,126.62124510000001
3450409416,45.7390142,126.6411846
3450409417,45.7408049,126.6412877
3450414747,45.743438000000005,126.63315000000001
3450414762,45.7391104,126.6353888
3450414772,45.7416609,126.6397689
3450419476,45.7391802,126.637026
3450419477,45.7396873,126.6370483
3450419484,45.7405934,126.63760620000001
3450419486,45.73953,126.6370414
3450419489,45.739653600000004,126.63619000000001
3450419491,45.739795900000004,126.63671570000001
3450419492,45.7402291,126.63774570000001
3450420095,45.739155200000006,126.6377709
3450420097,45.740507300000004,126.63797100000001
3450420098,45.740724400000005,126.63752040000001
3450420099,45.739683500000005,126.63780100000001
3450420100,45.7396125,126.6392048
3450420101,45.740098800000005,126.63787230000001
3450420102,45.740035500000005,126.63908140000001
3450420106,45.740642,126.63800850000001
3450420110,45.7406196,126.63880780000001
3450421745,45.7404828,126.63957110000001
3450421746,45.740443600000006,126.64072290000001
3450421747,45.7408592,126.64076050000001
3450421748,45.7406872,126.6407449
3450421750,45.7404762,126.6400351
3450421751,45.7400917,126.64069610000001
3450421752,45.740485,126.63984930000001
3450421755,45.740129100000004,126.64002020000001
3450421756,45.7397061,126.6394978
3450421760,45.7396923,126.64001950000001
3450421761,45.7398177,126.64123090000001
3450421763,45.739417800000005,126.64072290000001
3450421764,45.7384719,126.63937990000001
3450421765,45.738463100000004,126.64030450000001
3450421766,45.738314,126.63936220000001
3450421770,45.7383357,126.63891910000001
3450426648,45.744001000000004,126.6409919
3450426649,45.7447126,126.63965010000001
3450426650,45.744111100000005,126.6387313
3450426651,45.743731000000004,126.63933300000001
3450426656,45.743220300000004,126.63869880000001
3450426657,45.743611800000004,126.63807270000001
3450426661,45.743135200000005,126.63859310000001
3450426662,45.744360300000004,126.64029020000001
3450426663,45.744094100000005,126.63995910000001
3450426666,45.743884200000004,126.63952
3450426667,45.7441565,126.6398534
3450426668,45.744473500000005,126.63935060000001
3450426674,45.7439193,126.63847820000001
3450426675,45.742843,126.6382147
3450428664,45.7442848,126.6384084
3450428667,45.7444714,126.63705750000001
3450433211,45.7370316,126.63194010000001
3450443761,45.7370961,126.6335535
3450443774,45.737583900000004,126.63737390000001
3450443775,45.7370351,126.6344574
3450443776,45.736756,126.6344358
3450443777,45.7367165,126.6349172
3450443779,45.736986400000006,126.63513150000001
3450443780,45.736538700000004,126.6348889
3450443781,45.7365683,126.63440750000001
3450443782,45.7363367,126.6351324
3450443783,45.7363559,126.63407500000001
3450443784,45.738337900000005,126.6359843
3450443788,45.7370426,126.6359082
3450443791,45.737536600000006,126.6366655
3450443792,45.734819400000006,126.63643200000001
3450444098,45.7345279,126.63806710000001
3450444099,45.735365,126.63790510000001
3450444100,45.735160300000004,126.63849880000001
3450444101,45.735055700000004,126.6367587
3450444105,45.734085,126.63821890000001
3450444106,45.734673,126.63770620000001
3450444107,45.7345191,126.6372764
3450444108,45.7357926,126.63777730000001
3450444113,45.736266900000004,126.63637530000001
3450444114,45.7370552,126.6383792
3450444116,45.7364399,126.6375079
3450444117,45.736882300000005,126.63813420000001
3450444119,45.736227400000004,126.63779810000001
3450447857,45.735472300000005,126.6392507
3451388418,45.7394146,126.64566680000001
3451388422,45.7414775,126.64906850000001
3451389299,45.742396600000006,126.6496046
3451389303,45.7415749,126.6488858
3451391118,45.7409362,126.64738670000001
3451391119,45.740729,126.64703320000001
3451433040,45.742131500000006,126.64023250000001
3451433045,45.7427268,126.6410527
3451433047,45.742438400000005,126.64137500000001
3451433048,45.74221,126.64103700000001
3451433071,45.740546,126.64389010000001
3451433075,45.7405777,126.64268390000001
3451433076,45.7406548,126.6430406
3451433080,45.7402932,126.6427536
3451433081,45.7431562,126.6416442
3451433085,45.7428408,126.64209640000001
3451435490,45.739808100000005,126.6438344
3451435491,45.740272100000006,126.64627660000001
3451436193,45.738866900000005,126.64395580000001
3451436194,45.7387335,126.64371910000001
3451436195,45.7370643,126.6410972
3451436196,45.7397709,126.64479850000001
3451436197,45.739566700000005,126.64509960000001
3451436200,45.740355,126.6442889
3451436201,45.740374800000005,126.6438787
3451436202,45.7403051,126.6455542
3451436203,45.741604900000006,126.6439692
3451436207,45.7417889,126.6453082
3451436208,45.741187700000005,126.64480870000001
3451436209,45.7408452,126.64476130000001
3451436210,45.742006,126.64570060000001
3451436214,45.7420337,126.64523140000001
3451436215,45.742232,126.64404580000001
3451436219,45.7422126,126.64444420000001
3451436220,45.742359500000006,126.64573100000001
3451436223,45.742148300000004,126.64658490000001
3451436224,45.741605500000006,126.64566610000001
3451436226,45.7418039,126.64652590000001
3451467065,45.7342017,126.64321340000001
3451489267,45.749438100000006,126.62912560000001
3451517940,45.7520595,126.63385650000001
3451517941,45.7533959,126.63541730000001
3451517942,45.7525246,126.63440190000001
3451517943,45.7526949,126.6340916
3451517945,45.7521897,126.63400910000001
3451517946,45.752272700000006,126.6338549
3451517947,45.7526108,126.6342448
3451517948,45.752894600000005,126.63483590000001
3451517949,45.7530754,126.6345076
3451517951,45.7533134,126.6353272
3451517952,45.7529739,126.6346919
3451517953,45.7533934,126.635186
3451517958,45.7530383,126.6342158
3451517959,45.7527683,126.63468780000001
3451517960,45.752921900000004,126.63407210000001
3451517961,45.752643500000005,126.6345414
3451517963,45.7529612,126.63412070000001
3451517965,45.753000500000006,126.63416910000001
3451529964,45.7559528,126.63654860000001
3451529968,45.7558103,126.6373482
3451529971,45.7553823,126.6373947
3451529973,45.755223,126.6372125
3451529976,45.755166300000006,126.63659430000001
3451531628,45.755426500000006,126.6357296
3451531640,45.756007800000006,126.63561490000001
3451550880,45.753068000000006,126.63405560000001
3451550881,45.753028500000006,126.6340069
3451550882,45.751361,126.631854
3451550883,45.7512775,126.6317559
3451550886,45.747981800000005,126.6281301
3451551496,45.741948900000004,126.62085640000001
3451552576,45.7430333,126.62240010000001
3451552580,45.7470537,126.62705070000001
3451552581,45.749209900000004,126.62953040000001
3451552582,45.7502608,126.63073700000001
3451552583,45.751219600000006,126.63186250000001
3451552584,45.751302900000006,126.6319624
3451552585,45.7522517,126.63311960000001
3451552586,45.752391700000004,126.6332754
3451552589,45.753739,126.63479810000001
3451578150,45.7571762,126.6367848
3451578153,45.7560657,126.636054
3451578154,45.757901000000004,126.63510020000001
3453317053,45.751213,126.6229323
3453325710,45.7497848,126.62542880000001
3453392771,45.755700600000004,126.62403950000001
3453392772,45.7544297,126.62632430000001
3453392773,45.7536641,126.6276146
3453392775,45.755922700000006,126.62422420000001
3453392776,45.7538603,126.6278695
3453392778,45.7523743,126.62550590000001
3453392779,45.7533054,126.62389030000001
3453392780,45.7547839,126.62570140000001
3453392781,45.7537821,126.62446320000001
3453392782,45.7527612,126.6232205
3453392783,45.7517201,126.62203260000001
3453551117,45.7631165,126.6312008
3453551130,45.7620719,126.63013980000001
3453557925,45.768923,126.63215160000001
3453612184,45.7598422,126.63020220000001
3453612185,45.761264000000004,126.6313911
3453612186,45.7613761,126.6311189
3453612187,45.760933,126.63075470000001
3453613439,45.7611806,126.63016160000001
3453613440,45.760828800000006,126.629872
3453613441,45.7604808,126.63073000000001
3453613442,45.7609749,126.6306543
3453613443,45.7606205,126.6303663
3453613444,45.760829400000006,126.63102880000001
3453613447,45.761008600000004,126.63118290000001
3453613448,45.761008600000004,126.63056750000001
3453613450,45.760907,126.63081070000001
3453613451,45.7605529,126.6305267
3453613452,45.7602983,126.6305758
3453613454,45.7606854,126.63019890000001
3453613455,45.7603765,126.63037220000001
3453613456,45.760092400000005,126.63012420000001
3453613457,45.760001900000006,126.63033770000001
3453619161,45.7615405,126.63161640000001
3453619162,45.7616146,126.6314164
3453619164,45.762100800000006,126.632073
3453620459,45.761704800000004,126.63175030000001
3453620462,45.7602077,126.63246120000001
3453620463,45.7601079,126.63270370000001
3453620464,45.7602976,126.63224120000001
3453620468,45.760339800000004,126.6328763
3453620469,45.760392100000004,126.63202550000001
3453620484,45.762210800000005,126.63216270000001
3453620485,45.7617946,126.6329654
3453688642,45.764046300000004,126.6325836
3453688643,45.7638491,126.6308934
3453688648,45.7636321,126.63061490000001
3453688652,45.7640125,126.632271
3453688655,45.7637541,126.6315055
3453688656,45.763586700000005,126.63155200000001
3453688657,45.763487500000004,126.63079180000001
3453688658,45.7636264,126.6319505
3453688659,45.763781900000005,126.6306885
3453705831,45.762007100000005,126.62115170000001
3453705833,45.7604928,126.62138800000001
3453705838,45.7603749,126.61994250000001
3453705842,45.7616938,126.61967390000001
3453705843,45.760333800000005,126.61951950000001
3453705844,45.7618528,126.6192896
3455048676,45.7688259,126.61929090000001
3455048677,45.7686617,126.61808950000001
3455048680,45.7688001,126.61787670000001
3455048681,45.768959200000005,126.618194
3455048682,45.7686865,126.61827090000001
3455048683,45.768991400000004,126.61840040000001
3455048684,45.768713600000005,126.61846960000001
3455048685,45.768737200000004,126.6186421
3455048686,45.769010800000004,126.61857300000001
3455048687,45.768765800000004,126.61885090000001
3455048688,45.769040800000006,126.61878560000001
3455048689,45.768815200000006,126.6192077
3455048690,45.769088100000005,126.61914300000001
3455050710,45.768742100000004,126.6179352
3455050711,45.769216500000006,126.61922310000001
3455050712,45.7689334,126.61931550000001
3455119962,45.777112200000005,126.61671120000001
3455211512,45.777631400000004,126.6079959
3455211513,45.7759474,126.60894490000001
3456728317,45.774391300000005,126.6004795
3456734355,45.776671300000004,126.60557410000001
3456766471,45.7788113,126.6216588
3456768491,45.7786218,126.61628350000001
3456769494,45.778816400000004,126.61786620000001
3456769495,45.7774042,126.618243
3456769496,45.777470900000004,126.6188171
3456769497,45.777679000000006,126.6187728
3456769502,45.7786677,126.6194835
3456769504,45.778650500000005,126.6187902
3456769505,45.7785865,126.61948890000001
3456769507,45.7783991,126.618818
3456769508,45.7785724,126.6189382
3456769509,45.7784034,126.6189566
3456769510,45.778577500000004,126.6191383
3456769511,45.7784142,126.6191507
3456769512,45.778581800000005,126.6193049
3456769513,45.7784077,126.6193233
3456769514,45.7778459,126.61812510000001
3456769516,45.7786476,126.618098
3457037858,45.7521755,126.6785021
3457037859,45.7526175,126.6783822
3457037864,45.7523423,126.67713010000001
3457037867,45.757473700000006,126.67582100000001
3457037869,45.7558796,126.6800084
3457037870,45.7532359,126.6806873
3457037872,45.7526402,126.6786993
3457037875,45.758253800000006,126.6756177
3457039979,45.757626,126.677091
3457039980,45.755602800000005,126.67763120000001
3457039982,45.755450100000004,126.67628570000001
3457039983,45.7559168,126.6799989
3457041836,45.753100200000006,126.6795869
3457041838,45.7548058,126.6802842
3457041842,45.752799,126.6808134
3457041843,45.7527886,126.67701520000001
3457041845,45.7525678,126.6780899
3457041846,45.752667900000006,126.67970170000001
3457041847,45.7532019,126.68039870000001
3457041848,45.7527642,126.68051820000001
3457047409,45.752085400000006,126.6736589
3457047411,45.7529625,126.67433670000001
3457047412,45.754175000000004,126.6741518
3457047413,45.754131300000005,126.67346350000001
3457047414,45.7528853,126.67361690000001
3457047416,45.755127900000005,126.67490300000001
3457047418,45.7544307,126.6750016
3457047419,45.754588500000004,126.6733985
3457047420,45.754544700000004,126.6726175
3457047421,45.754219000000006,126.6734512
3457047422,45.7541664,126.6726852
3457047423,45.7539256,126.67349250000001
3457047424,45.7538697,126.6727161
3457047425,45.7535497,126.67354660000001
3457047426,45.7534999,126.6727838
3457047427,45.752980400000006,126.67361210000001
3457047430,45.752859300000004,126.67289480000001
3457047431,45.7525454,126.67297490000001
3457047432,45.7525885,126.67363200000001
3457047433,45.7526567,126.67436930000001
3457047434,45.752734600000004,126.6753041
3457047435,45.7520553,126.6730919
3457047436,45.753593800000004,126.6742404
3457047437,45.7536618,126.6751859
3457047438,45.754662700000004,126.67338790000001
3457047440,45.754475500000005,126.67389790000001
3472691287,45.7460401,126.67251510000001
3472691291,45.745773500000006,126.67367770000001
3472691999,45.745900600000006,126.67495260000001
3472692003,45.746321,126.6752515
3472692011,45.7449687,126.67276620000001
3472692012,45.747327600000006,126.6740743
3472692013,45.746506800000006,126.67420070000001
3472692016,45.746614300000005,126.67391590000001
3472692017,45.7466534,126.6744716
3472692030,45.746487300000005,126.67366990000001
3472692032,45.746993800000006,126.6741274
3472692034,45.746546300000006,126.67476190000001
3472692035,45.7469728,126.67385100000001
3472692036,45.7470195,126.67440540000001
3472692037,45.746068,126.67328710000001
3472692040,45.7461398,126.6735902
3472692041,45.746338800000004,126.6748761
3472692044,45.745008000000006,126.67318680000001
3472692047,45.7451999,126.6758922
3472706156,45.7481128,126.6813676
3472706157,45.749384600000006,126.68195180000001
3472706158,45.7481881,126.6822525
3472706159,45.749077,126.6811576
3472706160,45.7491746,126.68200420000001
3472706161,45.748263800000004,126.6813494
3472706162,45.748363600000005,126.68220660000001
3472706163,45.749111500000005,126.68145650000001
3472706164,45.7482993,126.6816591
3472706165,45.749141,126.6816799
3472706166,45.748325400000006,126.6818817
3472706167,45.749157000000004,126.68183470000001
3472706168,45.7483437,126.68203690000001
3472706169,45.749091,126.6812785
3472706170,45.748279000000004,126.6814865
3472714258,45.7465911,126.66785990000001
3472714261,45.7467771,126.6686324
3472714262,45.7470762,126.67227240000001
3472714263,45.747210900000006,126.674092
3472714265,45.7479585,126.6839367
3472714266,45.748146600000005,126.6864671
3472714271,45.7493575,126.6981097
3472714273,45.7500829,126.7040228
3472714274,45.750148200000005,126.7046485
3472714279,45.751730300000006,126.7134925
3472714284,45.7505851,126.704633
3472714285,45.7505078,126.70403160000001
3472714290,45.7484941,126.68636830000001
3472714291,45.748305800000004,126.6838594
3472714292,45.7480075,126.67993260000001
3472721993,45.747930100000005,126.67874300000001
3472721994,45.747894,126.6782045
3472721996,45.747146300000004,126.6688003
3472721998,45.7469541,126.6679086
3472724681,45.7453091,126.6711051
3472724682,45.7455726,126.671062
3472724685,45.7459956,126.67187740000001
3472724686,45.7465721,126.6717701
3472724687,45.7466224,126.67237870000001
3472724690,45.745927300000005,126.67098700000001
3472727993,45.7469538,126.6707925
3472739184,45.7511415,126.6759818
3472739185,45.7502131,126.676343
3472739188,45.751849500000006,126.67593810000001
3472739189,45.749570000000006,126.6696524
3472739190,45.7501544,126.67052240000001
3472739191,45.7505624,126.67592710000001
3472739192,45.750216800000004,126.6714168
3472739893,45.748502300000006,126.67167470000001
3472739894,45.7515565,126.6733279
3472739895,45.7503803,126.67353370000001
3472739896,45.750404,126.67376660000001
3472739897,45.748674400000006,126.6740853
3472739898,45.750484900000004,126.6748496
3472739899,45.7487475,126.6751102
3472739900,45.7495307,126.67152010000001
3472739901,45.749731100000005,126.67388960000001
3472739902,45.7483695,126.6698142
3472739903,45.7495484,126.66930550000001
3472739908,45.7474441,126.67235160000001
3472739909,45.7478792,126.67226240000001
3472739914,45.747528,126.6734423
3472739917,45.7476136,126.6745561
3472741432,45.7516672,126.67833370000001
3472741438,45.750230900000005,126.67647830000001
3472741440,45.752230000000004,126.6798406
3472741441,45.7502342,126.68033240000001
3472741442,45.751104000000005,126.67847090000001
3472741443,45.7512999,126.68007030000001
3472741444,45.752409,126.6812845
3472741445,45.7504189,126.68181100000001
3472741822,45.7509152,126.68017080000001
3472741823,45.7510916,126.6816237
3472741824,45.749121800000005,126.67966220000001
3472741825,45.749275000000004,126.68110890000001
3472741827,45.7497113,126.68350500000001
3472741832,45.7497745,126.67948190000001
3472760884,45.7502597,126.68055580000001
3472760885,45.7492591,126.68083910000001
3472760886,45.750447300000005,126.6820354
3472760887,45.749456200000004,126.6823004
3472760888,45.749956100000006,126.6806418
3472760889,45.7501545,126.6821137
3472760890,45.749515200000005,126.68076660000001
3472760891,45.749708000000005,126.68223300000001
3472788259,45.7475345,126.67846180000001
3472788260,45.747288600000005,126.6785126
3472788261,45.747229000000004,126.67844350000001
3472788283,45.747551900000005,126.67857190000001
3472788285,45.7472956,126.6786428
3472788291,45.7472543,126.678707
3472788292,45.747077600000004,126.67810130000001
3472796395,45.7472349,126.67915970000001
3472796428,45.7469193,126.67744660000001
3472796429,45.746885000000006,126.6771176
3472801646,45.744479600000005,126.67855180000001
3472801656,45.7458588,126.679162
3472801667,45.7446606,126.67860160000001
3472801668,45.745670800000006,126.67959080000001
3472801669,45.745903600000005,126.6796879
3472801671,45.746073800000005,126.67978550000001
3472801672,45.746090800000005,126.68007820000001
3472801674,45.7458492,126.67902280000001
3474281634,45.7387858,126.67825900000001
3474281637,45.746261100000005,126.6804443
3474281638,45.7476598,126.68010450000001
3474316593,45.7395775,126.6726526
3474316596,45.7396394,126.6722144
3474316603,45.7437594,126.67281120000001
3474316605,45.7439703,126.67401910000001
3474325514,45.7394327,126.67330270000001
3474325517,45.7393299,126.6740498
3474325518,45.739209800000005,126.67324110000001
3474325519,45.7391165,126.67399340000001
3474325520,45.739190900000004,126.67339290000001
3474325523,45.739135100000006,126.67384360000001
3474325524,45.738785,126.6735249
3474325525,45.7391634,126.6736154
3474332941,45.738563400000004,126.6760229
3474332943,45.737895900000005,126.674306
3474332946,45.7380614,126.67435270000001
3474332947,45.737706100000004,126.6761326
3474332950,45.7378307,126.67242780000001
3474332952,45.7371512,126.671007
3474332955,45.737677000000005,126.6735335
3474332956,45.7375825,126.6742138
3474332957,45.738687500000005,126.67335310000001
3474333489,45.736603300000006,126.6708528
3474334793,45.736510100000004,126.67154310000001
3474335205,45.7435811,126.6708739
3474335206,45.743325600000006,126.67268840000001
3474335207,45.7427173,126.670642
3474335208,45.7424562,126.6724422
3474335209,45.7441125,126.67195590000001
3474335210,45.743448400000005,126.6718115
3474335211,45.742571600000005,126.6716344
3474335212,45.7420131,126.6715216
3474349793,45.7412323,126.67209570000001
3474349794,45.740462300000004,126.6718778
3474349795,45.741629100000004,126.66885210000001
3474349796,45.741411500000005,126.67029140000001
3474349797,45.741154800000004,126.6720738
3474349798,45.740983500000006,126.6686724
3474349799,45.7407814,126.67012220000001
3474349800,45.740527,126.67189610000001
3474378577,45.744846100000004,126.66982420000001
3474378578,45.7444282,126.66989530000001
3474383766,45.741423600000005,126.66453960000001
3474383770,45.7414527,126.6650309
3474383771,45.741823100000005,126.6645065
3474383774,45.7429062,126.6662761
3474383775,45.7425696,126.6660832
3474383776,45.742558300000006,126.6643916
3474383777,45.742170200000004,126.66444460000001
3474383778,45.742172000000004,126.666032
3474401429,45.7434942,126.6651626
3474401433,45.7426861,126.6674895
3474403829,45.7435052,126.6642781
3474405895,45.7437861,126.6665239
3474405900,45.7441929,126.66359190000001
3474405902,45.7435149,126.6640581
3474405903,45.743841,126.66390500000001
3474405904,45.743746400000006,126.66352180000001
3474405907,45.743798600000005,126.66329300000001
3474405911,45.743609600000006,126.66339570000001
3474405913,45.7436747,126.6635265
3474405914,45.7439192,126.66315290000001
3474405915,45.743538,126.663386
3474405916,45.743805300000005,126.6634238
3474405917,45.7440179,126.66376530000001
3474405918,45.7442548,126.6641196
3474405919,45.743665,126.66399820000001
3474405920,45.743635600000005,126.664736
3474405929,45.744476500000005,126.66402620000001
3474405930,45.7443168,126.6642223
3474405935,45.7460711,126.6677995
3474405937,45.7424593,126.66098880000001
3474405938,45.7435678,126.66279540000001
3474405939,45.7438511,126.66323190000001
3474405940,45.7441097,126.6636744
3474405941,45.7443941,126.66412740000001
3474405945,45.744731900000005,126.6649172
3474405946,45.744813,126.6648045
3474405947,45.7448902,126.6647035
3474405948,45.745112400000004,126.66555400000001
3474405949,45.7452035,126.66543560000001
3474405950,45.745277800000004,126.6653383
3474405951,45.7458806,126.66684000000001
3474405952,45.7459895,126.66670620000001
3474405953,45.746062200000004,126.66662260000001
3474407430,45.7445838,126.6653773
3474407431,45.744785900000004,126.66568840000001
3474407436,45.7453707,126.66598630000001
3474407437,45.7450166,126.6653936
3474407439,45.7440713,126.6645436
3474407440,45.7451461,126.6662842
3474407560,45.742741800000005,126.66672260000001
3474407564,45.742872000000006,126.66672930000001
3474409848,45.740187600000006,126.66422250000001
3474409851,45.7406865,126.66375420000001
3474409852,45.740448,126.66463460000001
3474409857,45.7409144,126.66409
3474411544,45.7429915,126.66185660000001
3474411546,45.741671600000004,126.66202460000001
3474411555,45.7414076,126.6635284
3474417385,45.742160500000004,126.66283720000001
3474417387,45.7419943,126.6641261
3474417388,45.741972000000004,126.6644717
3474418398,45.741641400000006,126.66233000000001
3474418400,45.7417792,126.6627952
3474423164,45.741296500000004,126.66197210000001
3474423166,45.7406056,126.66317690000001
3474465932,45.7410471,126.66261610000001
3474465935,45.741082600000006,126.66114270000001
3474465936,45.7397356,126.65850800000001
3474465941,45.739904,126.65992920000001
3474465945,45.739885300000005,126.66250420000001
3474465947,45.739080300000005,126.66121670000001
3474465953,45.7395702,126.6628869
3474465955,45.7396114,126.6620661
3474465956,45.740011300000006,126.65895970000001
3474465958,45.7384335,126.66005940000001
3474465959,45.738661,126.66043660000001
3474465964,45.738661,126.6624881
3474465965,45.7392039,126.6634698
3474465966,45.7379787,126.6611685
3474465967,45.7389967,126.66249250000001
3474465968,45.7387961,126.66273240000001
3474465969,45.7394636,126.66500040000001
3474465970,45.7398516,126.66454800000001
3474465971,45.739248800000006,126.66359310000001
3474465972,45.740723900000006,126.66587840000001
3474465984,45.7413414,126.6611575
3474465985,45.741772700000006,126.6612104
3474469561,45.7407064,126.65813340000001
3474469564,45.7452083,126.66472730000001
3474469565,45.7455894,126.66536610000001
3474469566,45.7462086,126.6663795
3474485187,45.7409673,126.65655360000001
3474486893,45.7396818,126.6567337
3474486898,45.741107500000005,126.65677190000001
3474486899,45.7396254,126.65693710000001
3474486904,45.739856800000005,126.65796710000001
3474486905,45.739828700000004,126.65840580000001
3474486911,45.7409976,126.6584133
3480430919,45.7725809,126.67240340000001
3480438012,45.773732,126.665749
3480438013,45.774514200000006,126.66571820000001
3480438015,45.7725072,126.66785730000001
3480438016,45.7724738,126.66579800000001
3480440130,45.7724982,126.6673042
3480440131,45.772808600000005,126.6672917
3480440136,45.773889000000004,126.6669787
3480440143,45.774073300000005,126.66667380000001
3480440144,45.7729433,126.6670986
3480440147,45.772944200000005,126.6674586
3480440540,45.774258200000006,126.66572830000001
3480440541,45.774297100000005,126.66777040000001
3480521604,45.7737081,126.66419160000001
3480521605,45.7724489,126.6642604
3480521606,45.773094300000004,126.66290930000001
3480521608,45.772971500000004,126.664229
3480521609,45.7730042,126.6657773
3480521610,45.7732814,126.66314000000001
3480521611,45.7733113,126.66421170000001
3480521612,45.7733495,126.6657639
3480521614,45.7742914,126.6630736
3480547763,45.7732711,126.659327
3480547768,45.7760176,126.66242150000001
3480547769,45.7737354,126.65983980000001
3480547777,45.7755731,126.66218690000001
3480547778,45.7752599,126.66163460000001
3480547779,45.7749546,126.66219570000001
3480547780,45.7734061,126.6590723
3480547781,45.776157600000005,126.66218800000001
3480547782,45.773791300000006,126.6595025
3480547785,45.7736005,126.65928520000001
3480547786,45.7739391,126.659671
3480547789,45.7741241,126.65988180000001
3480547790,45.774278100000004,126.6600573
3480551293,45.7744499,126.66025090000001
3480551294,45.774627300000006,126.66045330000001
3480551297,45.7750144,126.66089480000001
3480551298,45.7751764,126.66107960000001
3480551301,45.7753643,126.66129400000001
3480551302,45.7755073,126.6614571
3480551305,45.7756899,126.6616654
3480551306,45.775822600000005,126.66181680000001
3480551309,45.7760072,126.66202740000001
3480556629,45.772548400000005,126.6606675
3480556636,45.7752108,126.65583950000001
3480566610,45.7754592,126.6641168
3480566615,45.7723547,126.6602845
3480570197,45.773588600000004,126.6580009
3480570202,45.7752945,126.66392990000001
3480570203,45.7765615,126.6617537
3480570204,45.776464600000004,126.661647
3480570205,45.775200000000005,126.66382720000001
3480618984,45.7689972,126.6619756
3480618985,45.7707836,126.66184460000001
3480618987,45.769033,126.66315680000001
3480618988,45.770803,126.6628977
3480618989,45.7724252,126.66280350000001
3480618990,45.7719922,126.6628232
3480618991,45.7718865,126.6628292
3480618992,45.771180300000005,126.66287380000001
3480620593,45.771215700000006,126.6644871
3480648626,45.774954400000006,126.65554510000001
3480648628,45.7737539,126.6576952
3480648633,45.769810400000004,126.65327
3480648635,45.7699553,126.6536155
3480648648,45.772885900000006,126.656664
3480684929,45.773132600000004,126.6535994
3480705236,45.768998200000006,126.6512007
3480705240,45.7666599,126.655465
3480705241,45.7667486,126.6556046
3480705243,45.7687498,126.6522211
3480716870,45.773006300000006,126.6540947
3480716871,45.7727993,126.6538548
3480716873,45.772575200000006,126.65426730000001
3480716874,45.7726802,126.6543915
3480716876,45.772061300000004,126.65521310000001
3480716877,45.7717274,126.6525539
3480716879,45.772101000000006,126.65300730000001
3480716880,45.7710529,126.6548858
3480716881,45.771876000000006,126.6534079
3480716882,45.7725999,126.6542218
3480716883,45.772191500000005,126.6537627
3480716884,45.771366400000005,126.65529210000001
3480716886,45.774759,126.65591400000001
3480728594,45.7743617,126.6555211
3480728596,45.7738415,126.65622780000001
3480728597,45.7733202,126.6571799
3480728598,45.773856200000004,126.65502120000001
3480728599,45.7733154,126.6559368
3480728600,45.772403600000004,126.65487850000001
3480728601,45.774145100000005,126.6558904
3480728602,45.7736632,126.655348
3480728603,45.7726297,126.6541669
3480728604,45.7727378,126.6542905
3480728605,45.7733447,126.65498400000001
3480728606,45.7730021,126.6555732
3480728607,45.7730447,126.65464120000001
3480728608,45.772710000000004,126.6552341
3480728609,45.7722891,126.65595490000001
3480728612,45.7710084,126.65380280000001
3480728613,45.771493500000005,126.6529601
3480728614,45.7713174,126.6527346
3480729686,45.773426400000005,126.6557489
3480729687,45.773625,126.6566233
3480729688,45.7732004,126.65613150000001
3480732181,45.771284300000005,126.65740360000001
3480732182,45.7717104,126.65712470000001
3480732183,45.772046200000005,126.6575069
3480732185,45.772831200000006,126.6578573
3480732186,45.7730812,126.6574015
3480739093,45.7715474,126.6566365
3480739094,45.771695300000005,126.65636010000001
3480739095,45.771520300000006,126.65614470000001
3480917496,45.7632551,126.6338326
3483074728,45.757786100000004,126.63154720000001
3483113136,45.7550065,126.64592400000001
3483113137,45.7548168,126.6462575
3483127915,45.759023500000005,126.6447559
3483127916,45.7589101,126.64496190000001
3483195901,45.7503046,126.64113590000001
3483195905,45.750006400000004,126.64203260000001
3483195908,45.750035800000006,126.64277820000001
3483195912,45.7508824,126.6435187
3483195915,45.7516977,126.6427467
3483208644,45.751961800000004,126.63700170000001
3483208647,45.751890700000004,126.6366799
3483208649,45.751800800000005,126.63703930000001
3483208656,45.751325400000006,126.63624
3483208657,45.7514545,126.63600260000001
3483208658,45.751323,126.63584610000001
3483208659,45.7511955,126.6360848
3483208661,45.7508725,126.6367067
3483208662,45.750408400000005,126.6375543
3483208663,45.7511233,126.63837500000001
3483208664,45.751751500000005,126.6371325
3483208665,45.7511911,126.6364666
3483208666,45.750580600000006,126.63775810000001
3483208667,45.7496859,126.6393728
3483208668,45.750079,126.63978050000001
3483208669,45.7509773,126.63821410000001
3483208670,45.7513816,126.63867010000001
3483208672,45.751515500000004,126.6375993
3483208681,45.7492693,126.6399387
3483208682,45.7494578,126.639593
3483208687,45.7502025,126.63729140000001
3483425735,45.747114100000005,126.6414967
3483425736,45.7465759,126.6408593
3483425738,45.7464695,126.6410903
3483430995,45.7515232,126.64298470000001
3483430996,45.750975700000005,126.64191190000001
3483430997,45.7505467,126.64264510000001
3483465253,45.743629600000006,126.63284870000001
3483495921,45.7587284,126.6521965
3483502653,45.758589300000004,126.6451746
3483502655,45.758181900000004,126.6447428
3483502657,45.757823800000004,126.6453268
3483502662,45.759162200000006,126.6458187
3483502663,45.758988900000006,126.6456239
3483502664,45.7586486,126.6462328
3483502665,45.758873300000005,126.64648760000001
3483502666,45.757833600000005,126.64441240000001
3483502667,45.757856600000004,126.64448720000001
3483502668,45.758030700000006,126.64472140000001
3483502669,45.7581459,126.64469770000001
3483502670,45.7577385,126.64522780000001
3483502672,45.757797200000006,126.645126
3483502673,45.757788700000006,126.64460330000001
3483502674,45.7579712,126.6448244
3483502675,45.7576946,126.6447641
3483502676,45.757879,126.6449843
3483519112,45.759065500000005,126.6451423
3483519114,45.758417900000005,126.6443904
3483519115,45.758735800000004,126.64416860000001
3483519116,45.7585386,126.64453060000001
3483519117,45.759184100000006,126.6449285
3483519550,45.758020300000005,126.64561350000001
3483519553,45.7580893,126.6456897
3483519554,45.7583306,126.64595600000001
3483519557,45.758385100000005,126.6460162
3483654481,45.769739300000005,126.63573210000001
3483654482,45.7672456,126.6371756
3483654483,45.7689624,126.63617950000001
3483654485,45.768431,126.63527590000001
3483654487,45.7689018,126.6359807
3483654488,45.7685516,126.63521770000001
3483654489,45.768771900000004,126.6360552
3483654490,45.767366900000006,126.6358634
3483654491,45.7676724,126.63693330000001
3483654500,45.766944,126.63610600000001
3483670167,45.7652629,126.6336411
3483670171,45.765956900000006,126.6362079
3483670172,45.7660003,126.63367360000001
3483670174,45.7658094,126.63556170000001
3483670175,45.7662215,126.6345534
3483670176,45.7656404,126.63482660000001
3483670177,45.766268800000006,126.63474140000001
3483670178,45.765687,126.63502940000001
3483670179,45.766301500000004,126.6348715
3483670180,45.7657139,126.6351465
3483670181,45.7661838,126.63492660000001
3483670182,45.7662874,126.6353311
3483670183,45.7661038,126.63496400000001
3483670185,45.766250400000004,126.63606360000001
3483670186,45.7660132,126.63500640000001
3483670187,45.7661409,126.63612210000001
3483670188,45.7658871,126.63506550000001
3483680895,45.766198100000004,126.6353742
3485520887,45.759600500000005,126.58737090000001
3485522046,45.7592176,126.587382
3485522051,45.758592900000004,126.5869926
3485522062,45.7594219,126.58573980000001
3485522063,45.759489200000004,126.5858247
3485522071,45.7605361,126.5874704
3485522074,45.7607809,126.58854950000001
3485522075,45.7608216,126.58867760000001
3485524447,45.761029900000004,126.58442020000001
3485524458,45.758951200000006,126.5846357
3485524469,45.7556054,126.58538180000001
3485525525,45.7571334,126.58451470000001
3485525536,45.7588147,126.5849079
3485525546,45.758410700000006,126.5867793
3485525551,45.758356000000006,126.5879338
3485525553,45.758233600000004,126.58811550000001
3485527419,45.760504000000005,126.58767870000001
3485528197,45.7597724,126.5887301
3496199411,45.770964500000005,126.63116470000001
3496199413,45.7703849,126.63156040000001
3496199414,45.768722800000006,126.6323581
3496199415,45.7716999,126.63061390000001
3496250085,45.782061600000006,126.62653580000001
3496416576,45.7804871,126.62248380000001
3496416577,45.780874000000004,126.6221859
3496416579,45.781147000000004,126.6233521
3496510781,45.784042400000004,126.63378940000001
3496510782,45.7821919,126.63561910000001
3496510785,45.783267,126.63046220000001
3496510786,45.7828717,126.6309992
3496510788,45.783388200000005,126.632191
3496510789,45.781573200000004,126.63401230000001
3496510790,45.7836591,126.6328625
3496532619,45.7846847,126.6353406
3500454854,45.7857755,126.6315287
3500575892,45.699386200000006,126.57849440000001
3500578399,45.699154300000004,126.5786231
3500578402,45.701551200000004,126.57325490000001
3500578427,45.702058400000006,126.57226460000001
3500579563,45.701458900000006,126.5734702
3500579566,45.701629200000006,126.5734697
3500579583,45.701841200000004,126.57188110000001
3500579584,45.7013528,126.57149410000001
3500579585,45.7026039,126.57233520000001
3502590685,45.690654300000006,126.5839866
3502590686,45.6908285,126.58378040000001
3502590690,45.6971572,126.57557500000001
3502590898,45.6999262,126.57483830000001
3502590899,45.7005484,126.5751503
3502590900,45.700692700000005,126.57526790000001
3502590903,45.706455600000005,126.58055660000001
3502590905,45.713731700000004,126.58737210000001
3502591529,45.7008215,126.5749746
3502591530,45.700675700000005,126.5748681
3502591533,45.6993141,126.57437250000001
3502591539,45.696986800000005,126.57530820000001
3502591540,45.696779,126.5755462
3502591543,45.690646900000004,126.58347440000001
3502591544,45.690470100000006,126.5836902
3520790212,45.666852500000005,126.56287560000001
3520790213,45.6669737,126.56301500000001
3520797772,45.7502677,126.5666195
3520797773,45.7435521,126.568054
3520797775,45.7437806,126.5676985
3520797776,45.743904900000004,126.5530092
3520797777,45.7480084,126.5665321
3520797779,45.744115300000004,126.554578
3520797782,45.750309400000006,126.5663083
3520797893,45.6631299,126.61422040000001
3520797900,45.661678900000005,126.58566640000001
3520797901,45.6637606,126.61963790000001
3520797912,45.666554100000006,126.64070910000001
3520797923,45.6696442,126.66685100000001
3520797924,45.6644645,126.6266559
3520797930,45.6623552,126.6083698
3520797931,45.662336,126.58095440000001
3520802732,45.7253288,126.5796267
3520802734,45.729673600000005,126.57341880000001
3520802735,45.7236339,126.58135180000001
3520802736,45.723818400000006,126.58163470000001
3520802737,45.7239426,126.5814837
3520802738,45.729848000000004,126.5736815
3520802739,45.7237603,126.5811977
3520802740,45.726402900000004,126.5776598
3520802744,45.726178000000004,126.57796370000001
3520802746,45.721686000000005,126.57806190000001
3520802750,45.725061000000004,126.57948990000001
3520804186,45.7883391,126.67538210000001
3520804187,45.7917367,126.68796370000001
3520804189,45.7934787,126.6867452
3520804493,45.788589200000004,126.6902589
3520811738,45.8124027,126.4956073
3555254357,45.774068,126.6032375
3555254359,45.7739204,126.604493
3555254360,45.774298300000005,126.60691740000001
3555254361,45.7721924,126.60105610000001
3555254366,45.771657100000006,126.60043350000001
3555290362,45.7915943,126.5877667
3555297270,45.7857263,126.5887115
3555297276,45.7861619,126.5897597
3555297280,45.7862765,126.58992810000001
3555297281,45.7871535,126.59180130000001
3555297285,45.787238900000006,126.5920578
3555297292,45.7883525,126.59430270000001
3555297296,45.792475,126.60361470000001
3555297298,45.7863735,126.58986200000001
3555297300,45.786379800000006,126.5896687
3555297302,45.786292800000005,126.5895907
3555297315,45.7872544,126.5917371
3555297325,45.7871442,126.5919717
3555297327,45.7871376,126.5918446
3555299107,45.787331300000005,126.59180060000001
3555299108,45.789357300000006,126.5897893
3555301406,45.7882022,126.5869133
3555301419,45.7914144,126.5918039
3555301425,45.791118000000004,126.59359090000001
3555301444,45.7899441,126.5852081
3555301445,45.7886382,126.58307400000001
3555301451,45.7906077,126.58639960000001
3555301456,45.7919141,126.58449250000001
3562360648,45.792731700000004,126.57957610000001
3562360653,45.793608500000005,126.58698600000001
3562360662,45.7941766,126.5946351
3562360667,45.791577700000005,126.58168760000001
3562410289,45.7916846,126.5879608
3562412710,45.7925145,126.5888963
3562446406,45.7924154,126.57901190000001
3562446408,45.792444,126.57916050000001
3562446409,45.7909334,126.57563520000001
3562446410,45.790820800000006,126.57539990000001
3562476512,45.7825944,126.5931587
3562476513,45.783521900000004,126.59531140000001
3562476514,45.790569600000005,126.59930550000001
3562476515,45.7863814,126.6028878
3562476516,45.7888767,126.60075350000001
3562476517,45.785613100000006,126.59338330000001
3562476519,45.783830800000004,126.58945620000001
3562476520,45.7827883,126.5902891
3562476521,45.7836359,126.59220130000001
3562476522,45.784592,126.59432480000001
3562476523,45.787877200000004,126.60160850000001
3562476524,45.7889014,126.60392420000001
3562476525,45.7877808,126.59827860000001
3562476526,45.786771200000004,126.5991563
3562476527,45.785489600000005,126.60030760000001
3562476528,45.782119400000006,126.59075560000001
3562476529,45.7830141,126.59277290000001
3562476530,45.783974400000005,126.59489420000001
3562476531,45.7861034,126.5997562
3562476532,45.787142200000005,126.60223710000001
3562476533,45.7881395,126.60459650000001
3562564596,45.787616400000005,126.6018315
3562564597,45.788053600000005,126.6029354
3562564603,45.784268100000006,126.5946308
3562564613,45.7855288,126.59714260000001
3562564614,45.7857652,126.59692580000001
3562564615,45.785549200000005,126.5972021
3562564619,45.785574700000005,126.59732450000001
3562564629,45.785524200000005,126.59729060000001
3562564647,45.7862943,126.5987149
3562564652,45.786318200000004,126.59885720000001
3562565737,45.784357,126.5938028
3562565741,45.7841473,126.59398610000001
3562565742,45.784050400000005,126.59376680000001
3562565743,45.783708100000005,126.59405600000001
3562566599,45.784872400000005,126.59179920000001
3562566601,45.784310000000005,126.59301180000001
3562566602,45.7844971,126.592841
3562566603,45.784091700000005,126.59321360000001
3562566604,45.784527100000005,126.59211690000001
3562566610,45.7852985,126.59271050000001
3562567193,45.7866854,126.59580500000001
3562567195,45.7870101,126.5975681
3562567219,45.7868043,126.59709380000001
3562567220,45.786199200000006,126.5976452
3562567222,45.787139200000006,126.5976007
3562567223,45.7873801,126.59737380000001
3562567227,45.786597300000004,126.59877080000001
3562623596,45.7867697,126.59501420000001
3562623600,45.786877800000006,126.59493540000001
3562623610,45.7868596,126.595043
3562623615,45.787051500000004,126.5947816
3562623617,45.7864579,126.59529130000001
3562649796,45.7914314,126.60122720000001
3562649801,45.790942400000006,126.60157400000001
3562649804,45.7910733,126.60148120000001
3562649805,45.789981100000006,126.5998088
3562649806,45.790118400000004,126.60012870000001
3562649808,45.7893794,126.6011517
3562649810,45.790393400000006,126.60068330000001
3562649811,45.7906555,126.60045530000001
3562649812,45.7901055,126.600936
3562702195,45.786184000000006,126.58985750000001
3562702196,45.784632200000004,126.5912854
3562795951,45.781935700000005,126.56870210000001
3562795963,45.783756100000005,126.57156730000001
3562795979,45.7846636,126.57370270000001
3562801819,45.7801034,126.56622650000001
3562807804,45.780374800000004,126.56552710000001
3562807805,45.7804384,126.565482
3562807806,45.780508700000006,126.56546780000001
3562807807,45.780578500000004,126.5654858
3562807811,45.780728,126.56580170000001
3562807814,45.7804054,126.56607600000001
3562807817,45.7802815,126.565814
3562807818,45.780288600000006,126.56570470000001
3562807819,45.7803209,126.56560510000001
3562807822,45.7820711,126.56853790000001
3562807823,45.7806949,126.56594890000001
3562836903,45.778636500000005,126.56179420000001
3562836907,45.7783717,126.56216560000001
3562836916,45.780180400000006,126.55564500000001
3562836935,45.778536200000005,126.56160310000001
3562836936,45.778426800000005,126.55797310000001
3562839142,45.7786528,126.56207560000001
3562839143,45.778551500000006,126.5621813
3562839149,45.772534400000005,126.5640951
3565011186,45.7762833,126.5703053
3565011187,45.776392900000005,126.57048560000001
3565015131,45.776773500000004,126.57473200000001
3565015132,45.776764500000006,126.57493330000001
3565015142,45.776611,126.5748623
3565015145,45.776632500000005,126.5747343
3565015146,45.775806300000006,126.56724410000001
3565015153,45.7726351,126.57233760000001
3565015156,45.773942600000005,126.5717211
3565015168,45.7733086,126.57191780000001
3565015170,45.776636800000006,126.5749229
3565016996,45.7761797,126.5801952
3565017001,45.7773936,126.5832951
3565017011,45.7784708,126.57930630000001
3565017012,45.779428,126.58127800000001
3565030295,45.78304,126.58300750000001
3565030304,45.7834209,126.5857759
3565030308,45.7832287,126.5833573
3565030309,45.7837163,126.58434530000001
3565030311,45.7832665,126.58484610000001
3565030313,45.783610800000005,126.5841326
3565030314,45.783159100000006,126.58463520000001
3565030315,45.7830178,126.5843576
3565030316,45.783481,126.5838693
3565030318,45.782887800000005,126.58409710000001
3565030319,45.7833516,126.5836067
3565030320,45.784052300000006,126.5828649
3565030322,45.7839406,126.5826246
3565030325,45.7841327,126.58388160000001
3565030326,45.784027200000004,126.58366520000001
3565030328,45.7837784,126.58315470000001
3565030329,45.7836603,126.58291310000001
3565035632,45.785010400000004,126.58391780000001
3578758113,45.6642865,126.62638690000001
3578758121,45.637337900000006,126.6533392
3578758130,45.6664076,126.64075700000001
3578758131,45.6622428,126.6084232
3578758132,45.6637781,126.64465430000001
3578758133,45.6501292,126.6195749
3578758137,45.661753100000006,126.6173773
3578758138,45.663625700000004,126.6196697
3578758140,45.6617307,126.6170484
3578758145,45.662998800000004,126.6142528
3578758152,45.6750277,126.64222360000001
3578758155,45.662704700000006,126.6168411
3578758162,45.6621925,126.58091420000001
3578797388,45.669483400000004,126.6668925
3578801928,45.666143600000005,126.6372005
3578801935,45.667202700000004,126.64388720000001
3578801948,45.665618300000006,126.63476460000001
3578801956,45.6633172,126.63782630000001
3578801988,45.6669484,126.6457946
3578801992,45.665970900000005,126.6388553
3578802004,45.6684611,126.65460730000001
3578802029,45.6667184,126.6439969
3578802053,45.6672285,126.64404150000001
3578802072,45.663302400000006,126.63802890000001
3578802073,45.666747300000004,126.64416250000001
3624773528,45.644271800000006,126.73943720000001
3624773537,45.6660473,126.72337080000001
3624773540,45.6685875,126.7215699
3624773541,45.6686421,126.72169120000001
3624773542,45.668798900000006,126.72140300000001
3624773543,45.6688448,126.72152270000001
3624773547,45.8405276,126.52663190000001
3626369872,45.7556329,126.57872130000001
3626369874,45.7563067,126.58053810000001
3626369875,45.756264,126.5807527
3626369879,45.7578079,126.58357020000001
3654388677,45.6983011,126.63745390000001
3654388680,45.6990053,126.6403784
3654409288,45.6986615,126.64044500000001
3660211825,45.7506678,126.5675195
3660211826,45.753089700000004,126.57312060000001
3660211827,45.7532027,126.5730235
3662201590,45.7515372,126.6618196
3662201591,45.7515638,126.6612841
3662882048,45.8020719,126.522478
3662882049,45.8021198,126.5226561
3662882050,45.802526400000005,126.52222370000001
3662882051,45.8025676,126.52239200000001
3668314920,45.8130746,126.5559094
3668314921,45.813112000000004,126.55661230000001
3668314922,45.8132177,126.5558967
3668314923,45.8132546,126.5566148
3668314924,45.813402800000006,126.55588470000001
3668322025,45.813453,126.55657860000001
3668322026,45.8135558,126.5558551
3668322027,45.8135897,126.55657730000001
3715348733,45.7370655,126.61904080000001
3729145916,45.6542703,126.5334437
3740174915,45.681404400000005,126.53305300000001
3740174916,45.681806800000004,126.53304750000001
3740174924,45.6872696,126.5302331
3740175229,45.6907748,126.53088880000001
3740175231,45.6911052,126.52976210000001
3740175235,45.6914224,126.52951510000001
3740175241,45.6918736,126.5313517
3740175242,45.6919422,126.5288826
3740175246,45.692632800000005,126.52894620000001
3740175250,45.693037800000006,126.53204170000001
3740175253,45.693053500000005,126.5306379
3740175259,45.693376300000004,126.53154110000001
3740175261,45.693646,126.5303619
3740175264,45.6940292,126.5295368
3740175268,45.695887400000004,126.52973000000001
3740175272,45.697146200000006,126.53674900000001
3740175273,45.6976913,126.52948690000001
3740175274,45.6977502,126.53021120000001
3740175279,45.6986086,126.53873480000001
3740175284,45.6997505,126.5315889
3740175289,45.700099800000004,126.5314266
3740175290,45.701166300000004,126.5417869
3740175296,45.7024191,126.54235010000001
3740175301,45.7026222,126.54046160000001
3740175315,45.7038061,126.54121210000001
3740175325,45.704383,126.5447706
3740175329,45.7045022,126.5428028
3740175330,45.7046269,126.54176140000001
3740175335,45.7065392,126.5386155
3740175336,45.7065879,126.5387828
3740175342,45.7111048,126.5342009
3740175343,45.7112264,126.5270967
3740175344,45.711376300000005,126.5398744
3740175351,45.735362800000004,126.61354600000001
3740175352,45.736314,126.6145903
3740175353,45.7373513,126.6157706
3740175354,45.738302600000004,126.61687560000001
3740175355,45.7391264,126.61786590000001
3740175356,45.739451900000006,126.61823330000001
3740175357,45.740061100000005,126.61894260000001
3740175358,45.741125100000005,126.6201391
3740175373,45.7972283,126.48970130000001
3826288374,45.758015,126.69844140000001
3881553171,45.700031300000006,126.584309
3881553180,45.700329200000006,126.58928030000001
3881553181,45.6995548,126.56429870000001
3881553184,45.7004608,126.571025
3881553190,45.700511600000006,126.58893970000001
3881553193,45.7005616,126.5707601
3881553194,45.700553400000004,126.58924
3881553200,45.700661200000006,126.57120880000001
3881553210,45.700841800000006,126.57216000000001
3881553212,45.7008699,126.57381780000001
3881553213,45.7009211,126.5722291
3881553225,45.7010219,126.5740497
3881555293,45.6766218,126.55144800000001
3881555301,45.6781639,126.59026100000001
3881555303,45.6783991,126.5903428
3881555307,45.678694500000006,126.58695600000001
3881555308,45.6787511,126.5559097
3881555326,45.6798511,126.57953970000001
3881555328,45.679997400000005,126.5797684
3881555336,45.6810137,126.5912646
3881555348,45.681820300000005,126.56650180000001
3881555350,45.6820454,126.56725660000001
3881555351,45.682019100000005,126.5663552
3881555366,45.683541700000006,126.59671840000001
3881555368,45.6839543,126.5925308
3881555370,45.683863800000005,126.5921225
3881555375,45.6843525,126.58613460000001
3881555377,45.684529700000006,126.59228390000001
3881555390,45.6862932,126.5890047
3881555392,45.686423700000006,126.58934180000001
3881555394,45.6866968,126.59194670000001
3881555395,45.686736700000004,126.59232910000001
3881555403,45.6883726,126.5800887
3881555406,45.6885326,126.57986910000001
3881555419,45.6896416,126.57165450000001
3881555437,45.691959700000005,126.5750972
3881555439,45.692113400000004,126.575303
3881555440,45.6928027,126.58082900000001
3881555441,45.692877300000006,126.5812109
3881555449,45.693775300000006,126.59449810000001
3881555453,45.6940108,126.59447600000001
3881555455,45.6943568,126.5787729
3881555457,45.6945204,126.57903040000001
3881555464,45.6954815,126.5804885
3881555484,45.697246400000004,126.5896812
3881555485,45.697275700000006,126.5898985
3881555489,45.6975883,126.593434
3881555492,45.698221200000006,126.5686364
3881555494,45.6986914,126.5689428
3881555496,45.6991718,126.57003010000001
3881555498,45.6992185,126.5694198
3881555499,45.6992023,126.5723047
3881555509,45.699423700000004,126.57007390000001
3881555512,45.699585000000006,126.57123910000001
3881555516,45.6997956,126.5843689
3881555569,45.7016652,126.57262370000001
3881555613,45.7038485,126.58346320000001
3881555615,45.703813600000004,126.56827380000001
3881555619,45.70396,126.5675358
3881555620,45.7040274,126.5682625
3881555632,45.704676000000006,126.57894340000001
3881555635,45.704761100000006,126.5656811
3881555638,45.704894800000005,126.56578730000001
3881555646,45.7053827,126.56466370000001
3881555649,45.7053585,126.57599880000001
3881555652,45.7054477,126.564513
3881555653,45.705564800000005,126.5821279
3881555655,45.705562300000004,126.57611680000001
3881555677,45.706692100000005,126.58046270000001
3881555683,45.707669700000004,126.57158670000001
3881555686,45.707925700000004,126.58764140000001
3881555695,45.7087416,126.5632161
3881555697,45.7091755,126.56901780000001
3881555707,45.7254507,126.63249250000001
3881555708,45.7255222,126.63228690000001
3881555709,45.726479100000006,126.6330429
3966716359,45.6826194,126.51088200000001
3966716382,45.688411800000004,126.50789660000001
3966716385,45.6905872,126.5161733
3966716388,45.690636700000006,126.5158308
3966716394,45.6907336,126.51644220000001
3966716397,45.6908479,126.5164881
3966716400,45.690915700000005,126.5156723
3966716405,45.6911064,126.5163043
3966716406,45.6910759,126.51561640000001
3966716409,45.691116300000004,126.5158739
3966716410,45.691135200000005,126.5162238
3966716417,45.6913538,126.5159658
3966716425,45.6918282,126.51547900000001
3966716435,45.6933269,126.51421110000001
3966716436,45.6934641,126.51468700000001
3966716439,45.693701600000004,126.51396840000001
3966716442,45.693821400000004,126.51381810000001
3966716443,45.6938286,126.51445810000001
3966716447,45.6940272,126.5144348
3966716451,45.6941446,126.514204
3966722917,45.6926908,126.5213341
3966722920,45.695110400000004,126.5255491
3966722922,45.6955686,126.5195199
3966722929,45.697244500000004,126.5240813
3966736371,45.701366,126.50922270000001
3966736375,45.703565100000006,126.50782240000001
3966736376,45.703712200000005,126.5083129
3966736379,45.707083100000006,126.50558290000001
3966742700,45.709555800000004,126.51646290000001
3966742705,45.709609,126.5167677
3966742713,45.712950400000004,126.51566030000001
3966742715,45.715028800000006,126.51492230000001
3966742716,45.7149695,126.51461560000001
3966746735,45.7152156,126.5145231
3966746834,45.715263900000004,126.5148051
3966746840,45.719035100000006,126.51349040000001
3966746841,45.719070900000006,126.51373720000001
3966746842,45.7191357,126.5137248
3966746843,45.722652100000005,126.51249270000001
3966746846,45.7226896,126.5127609
3966755821,45.709053600000004,126.4982305
3966755827,45.711865700000004,126.5094978
3966757427,45.704716600000005,126.546401
3966757434,45.7067308,126.5440377
3966898656,45.696895000000005,126.567812
3966900766,45.6969657,126.57581800000001
3966900768,45.699223800000006,126.5792473
3966902358,45.697061500000004,126.5675698
3966902360,45.6972577,126.56775900000001
3966902362,45.697939500000004,126.5662441
3966902365,45.699122200000005,126.5650088
3967025551,45.693589200000005,126.590461
3967025552,45.693614700000005,126.5907279
3967026763,45.697940700000004,126.57720950000001
3967044161,45.679140100000005,126.5845627
3967044162,45.6795537,126.59069740000001
3967044170,45.680509400000005,126.5876001
3967044174,45.6807163,126.5855571
3967044178,45.68197,126.58887730000001
3967044179,45.682286100000006,126.58315780000001
3967044180,45.693865100000004,126.58263400000001
3967070877,45.7142847,126.58764450000001
3967070880,45.714658,126.58817780000001
3967070882,45.714917,126.58873030000001
3967070898,45.7221185,126.59448030000001
3967070901,45.722658200000005,126.59516610000001
3967070902,45.722865000000006,126.59541770000001
3967070903,45.7228131,126.59506060000001
3967070905,45.723095900000004,126.595336
3967070907,45.723541100000006,126.59876310000001
3967070909,45.723803800000006,126.59645870000001
3967070915,45.7242497,126.59698320000001
3967080452,45.7248827,126.60288220000001
3967080454,45.726899,126.6042845
3967080456,45.728157,126.6051127
3967083157,45.728082900000004,126.6006246
3967083160,45.7315376,126.6074164
3967087977,45.723373900000006,126.60720900000001
3967087979,45.723899,126.61156480000001
3967087980,45.7241014,126.6051573
3967087981,45.7249898,126.6083382
3967087983,45.725548700000004,126.6127074
3967087984,45.725678,126.60630270000001
3967087985,45.726650500000005,126.60949400000001
3967087986,45.7271275,126.61385070000001
3967087989,45.728993300000006,126.61114520000001
3967087991,45.7296649,126.6092114
3967087992,45.7299595,126.6118658
3967147659,45.702419000000006,126.6084368
3967147660,45.702606200000005,126.6080799
3967147661,45.702531400000005,126.60840660000001
3967147664,45.731394,126.5192413
3967147666,45.736741900000006,126.53570710000001
3967147671,45.745798400000005,126.56714950000001
3967147672,45.745791100000005,126.56746790000001
3967220918,45.751045100000006,126.5919154
3967220921,45.7516741,126.5922357
3967220925,45.7527574,126.59228800000001
3967250721,45.7289368,126.52210810000001
3967252774,45.7669295,126.59376200000001
3967252775,45.767398500000006,126.5925969
3967252789,45.774740900000005,126.6001009
3967259384,45.738086200000005,126.6202193
3967259387,45.7390691,126.6178012
3967259388,45.739185500000005,126.61764520000001
3968868545,45.7277051,126.66319240000001
3968868547,45.7284756,126.6636881
3968868548,45.728901,126.6668302
3968868552,45.7302583,126.6642693
3968868555,45.7304666,126.66507560000001
3968873159,45.7312906,126.6611132
3968873162,45.731514600000004,126.66632740000001
3968873165,45.7324191,126.67066000000001
3968873169,45.755284,126.67507450000001
3968873176,45.7581956,126.6740915
3968910023,45.709808300000006,126.66705470000001
3968910028,45.7142251,126.65404450000001
3968910037,45.716341500000006,126.6635339
3968910048,45.723359300000006,126.66876130000001
3968910049,45.7235874,126.6690885
3969014161,45.7608752,126.5883598
3969014175,45.7698854,126.723911
3969014176,45.770045800000005,126.72387540000001
3969014190,45.780938000000006,126.7417877
3969014194,45.782586,126.7201505
3969014201,45.7840353,126.7317043
3969014213,45.791451200000004,126.7197074
3969048486,45.7057591,126.75051140000001
3969048487,45.705773300000004,126.7503779
3969048488,45.706176000000006,126.7506393
3969048489,45.7061827,126.75026380000001
3969048499,45.709208100000005,126.75071770000001
3969048500,45.709212900000004,126.7503504
3969048501,45.7095812,126.7503642
3969048502,45.709570400000004,126.75073270000001
3969048514,45.7114465,126.75116860000001
3969048520,45.7152504,126.75265110000001
3969048521,45.7159473,126.7527591
3969071634,45.6501591,126.61983710000001
3969071636,45.6702424,126.67238760000001
3969071639,45.670412000000006,126.6723666
3969071643,45.670974900000004,126.67769070000001
3969071647,45.671144600000005,126.67762970000001
3969071654,45.6718702,126.68527270000001
3969071655,45.6720174,126.68522300000001
3969074058,45.6728595,126.68953390000001
3969074059,45.673003200000004,126.68946330000001
3969074062,45.674321600000006,126.69496930000001
3969074063,45.6744903,126.69505900000001
3969074067,45.675836200000006,126.70043070000001
3969074068,45.6759849,126.70039630000001
3969074072,45.676603300000004,126.70222000000001
3969074079,45.6772493,126.7035223
3969074084,45.677398000000004,126.70272990000001
3969074087,45.6783371,126.7072071
3969074089,45.676706900000006,126.7020499
3969074108,45.680459000000006,126.7055526
3969074111,45.6802385,126.70640470000001
3969074132,45.6825266,126.7093516
3969074137,45.682725700000006,126.7102366
3969074138,45.6826311,126.7093047
3969074141,45.6843111,126.70032440000001
3969144212,45.6618502,126.61685430000001
3969144214,45.6619916,126.6159731
3969144218,45.6624184,126.61883870000001
3969144220,45.6619217,126.6174965
3969144252,45.662738600000004,126.6171654
3969145566,45.663009200000005,126.61566560000001
3969145575,45.663296200000005,126.61423830000001
3969145577,45.6633152,126.61811920000001
3969145592,45.663656,126.62188200000001
3969145603,45.6640025,126.62474440000001
3969145604,45.6640195,126.619577
3969145610,45.664160300000006,126.62242880000001
3969145617,45.6643613,126.6247045
3969145619,45.664497600000004,126.61678710000001
3969145620,45.679601500000004,126.70554440000001
3969145624,45.680562300000005,126.70510560000001
3969145626,45.681707900000006,126.7035383
3969145627,45.682099400000006,126.7030921
3969146330,45.662837800000005,126.6109945
3969146338,45.6644645,126.6164665
3969276373,45.781208,126.47738090000001
3969278687,45.7958658,126.52608430000001
3969278688,45.7958778,126.5262972
3969278689,45.7959763,126.52601700000001
3969278695,45.7998586,126.55280570000001
3969278721,45.806793600000006,126.58732920000001
3969278724,45.8072092,126.6120264
3969278744,45.8096273,126.5804873
3969278745,45.809640800000004,126.5771091
3969297678,45.8136013,126.58176630000001
3969297681,45.815676800000006,126.58118130000001
3969386662,45.8201346,126.55417530000001
3969510972,45.712828900000005,126.65840840000001
3969530017,45.6736042,126.71608870000001
3969551530,45.720408000000006,126.6398666
3971444848,45.8175946,126.54551620000001
3974449175,45.819708600000006,126.63823520000001
3987519385,45.7209658,126.6382717
3987519386,45.720845600000004,126.63923700000001
4088085462,45.726021200000005,126.59250420000001
4088085463,45.725672800000005,126.59290060000001
4088085465,45.7253714,126.5930033
4088085467,45.7251959,126.59348150000001
4088085471,45.7261175,126.5916761
4088085488,45.726578,126.58586700000001
4088091193,45.7249958,126.59314130000001
4088091197,45.724150800000004,126.59215030000001
4088091199,45.7251515,126.5929785
4135719193,45.800778300000005,126.68658450000001
4135873943,45.7964454,126.68489310000001
4135874500,45.8095188,126.69143840000001
4135874505,45.805151900000006,126.6900901
4157113962,45.812998,126.58177350000001
4157113965,45.8105119,126.5810929
4162009211,45.6865192,126.6885239
4163884266,45.7471564,126.6489128
4168490224,45.734698400000006,126.5455191
4168490225,45.735907600000004,126.55445030000001
4168496590,45.735423100000006,126.5450818
4168496595,45.7351928,126.5429277
4168498451,45.7307392,126.53822070000001
4168498452,45.7307343,126.53908580000001
4168498453,45.730471800000004,126.53839040000001
4168498471,45.7352162,126.5434637
4168513233,45.7362185,126.55743410000001
4168513234,45.7368779,126.56252230000001
4168513235,45.737744400000004,126.56917270000001
4168513236,45.7516684,126.5997674
4168513237,45.7496354,126.60137850000001
4168513238,45.748828700000004,126.6006133
4168513239,45.749518,126.60286020000001
4168513243,45.751851,126.60531470000001
4168513244,45.7486115,126.61211150000001
4168517926,45.7427794,126.5780531
4168517927,45.7430546,126.58055
4168517936,45.7433599,126.58189420000001
4168517941,45.741789000000004,126.58189780000001
4168517943,45.7419298,126.58030160000001
4168517946,45.742924900000006,126.57939040000001
4168517947,45.742662,126.58046590000001
4168517949,45.742518000000004,126.58204400000001
4168517950,45.7424328,126.5820151
4168517954,45.742823,126.58301750000001
4168517955,45.742798300000004,126.5827663
4168517956,45.7428559,126.582091
4168517961,45.743724500000006,126.58227430000001
4168517962,45.7437763,126.58232740000001
4168517969,45.7439793,126.58063310000001
4168517970,45.743437400000005,126.58094650000001
4168517972,45.743806,126.57916230000001
4168517973,45.7446457,126.57894370000001
4168517974,45.7428937,126.5835505
4168517976,45.7436172,126.58296820000001
4168517977,45.743963400000005,126.5825683
4168517978,45.743985,126.581693
4168517980,45.7445414,126.58142380000001
4168517981,45.744815100000004,126.58040580000001
4168517982,45.7424565,126.58040890000001
4168517983,45.742355800000006,126.5795164
4168517984,45.7429901,126.58434120000001
4168517987,45.7412245,126.5835902
4168522891,45.741945400000006,126.58320570000001
4168523302,45.735076,126.54830360000001
4168523307,45.734836400000006,126.54815140000001
4168523311,45.735025,126.54792510000001
4168523312,45.7356799,126.55278460000001
4168523320,45.7357346,126.5531902
4288212613,45.735996400000005,126.59574640000001
4288212614,45.735762400000006,126.59557840000001
4361619908,45.723914900000004,126.66009100000001
4361619909,45.7004682,126.65628000000001
4361619915,45.729418900000006,126.64977040000001
4361619917,45.7001554,126.65299540000001
4361619918,45.7315161,126.66596080000001
4361619919,45.7234344,126.65773360000001
4361619920,45.700260400000005,126.6522252
4361619921,45.724175300000006,126.65557120000001
4361619922,45.7428633,126.5853199
4361619924,45.731130400000005,126.6857116
4361619926,45.671036400000006,126.5525168
4361619927,45.7255277,126.6471992
4361619930,45.7352809,126.62541750000001
4361619932,45.6728151,126.54772740000001
4361619935,45.698125600000004,126.63434980000001
4361619939,45.7274116,126.68488230000001
4361619949,45.7408063,126.5835143
4361619951,45.7246886,126.6578846
4361619952,45.752105500000006,126.60543240000001
4361619954,45.6984952,126.6366737
4361619955,45.7598859,126.5967475
4361619956,45.763185500000006,126.5931008
4361619957,45.698245400000005,126.6343236
4361619958,45.7333529,126.6292518
4361619961,45.7335846,126.6288341
4361619964,45.7829804,126.62959780000001
4361619972,45.675470100000005,126.54119060000001
4361619977,45.7293439,126.7056809
4361619979,45.6730608,126.5482302
4361619983,45.7358939,126.6243192
4361619984,45.7563545,126.6022219
4361619986,45.698384600000004,126.6366967
4361620890,45.7520248,126.59269940000001
4361620891,45.739298600000005,126.58115360000001
4361620896,45.7592732,126.59734460000001
4361620901,45.69637,126.6509692
4361620905,45.6986828,126.65076930000001
4361620915,45.745932800000006,126.58797630000001
4361620918,45.783106800000006,126.62951930000001
4361620920,45.758443400000004,126.59868150000001
4361620921,45.7572605,126.6006169
4361620922,45.755791,126.6035054
4361620923,45.7291346,126.70687790000001
4361620927,45.7277823,126.6630138
4361620929,45.7236023,126.66837380000001
4361620930,45.7305975,126.63648440000001
4361620934,45.723294100000004,126.65857480000001
4361620935,45.6727307,126.54795200000001
4361620937,45.7292545,126.70691160000001
4361620939,45.7119726,126.66055120000001
4361620943,45.6737819,126.5461137
4361620946,45.7244517,126.6550603
4361620949,45.7294124,126.6400162
4361620950,45.674289400000006,126.54419750000001
4361620953,45.7296044,126.70387550000001
4361620958,45.7223034,126.667619
4361620962,45.700284,126.6624766
4361620965,45.7122747,126.66080360000001
4361620971,45.7409964,126.58370780000001
4361620972,45.7121653,126.6599281
4361620973,45.6986208,126.65109650000001
4361620976,45.676032600000006,126.5406214
4361620978,45.700343100000005,126.6563
4361620981,45.7263512,126.6622621
4361620985,45.725543200000004,126.64707480000001
4361620988,45.7639985,126.5914735
4361621001,45.7315162,126.63372460000001
4361621003,45.715481700000005,126.66319050000001
4361621007,45.730820800000004,126.63582380000001
4361621008,45.755866100000006,126.6033187
4361621012,45.7571109,126.6006629
4361621015,45.7002618,126.652972
4361621016,45.757190800000004,126.60074440000001
4361621019,45.7485239,126.5899234
4361621027,45.784257200000006,126.6331404
4361621029,45.736853100000005,126.6228202
4361621031,45.700079300000006,126.65209220000001
4361621034,45.729162800000005,126.70710270000001
4361621035,45.724271,126.67023820000001
4361621038,45.7640995,126.5912763
4361621039,45.7294769,126.64953840000001
4361621040,45.7254664,126.64671270000001
4361621041,45.718709000000004,126.6654041
4361621042,45.726961,126.6474821
4361621043,45.726717900000004,126.64820460000001
4361621044,45.761909900000006,126.59504150000001
4361621045,45.729359300000006,126.70659970000001
4361621046,45.726811100000006,126.64826090000001
4607653326,45.7450076,126.68649380000001
4607653327,45.745427400000004,126.6840327
4607653328,45.7464699,126.6853655
4607653329,45.745262100000005,126.6849909
4608962423,45.7406081,126.6851381
4608962424,45.745558300000006,126.69206600000001
4608964003,45.7451773,126.68544650000001
4608964004,45.7435807,126.6850019
4608964005,45.744093,126.68515300000001
4608964007,45.7442973,126.68369480000001
4608966193,45.741579400000006,126.6854069
4608966194,45.741365200000004,126.68696200000001
4608966197,45.7403908,126.6866858
4613933798,45.7428071,126.68328020000001
4613933799,45.742507200000006,126.6856618
4632610493,45.792717200000006,126.6858809
4632610494,45.791610000000006,126.6865231
4632610495,45.7906592,126.68324480000001
4632610501,45.7917671,126.68258170000001
4632610504,45.7911238,126.67819360000001
4632610506,45.789115100000004,126.6754042
4632610507,45.7900727,126.67879980000001
4632610508,45.7887896,126.67426150000001
4632610515,45.790890600000004,126.68083700000001
4632610518,45.791265900000006,126.68064520000001
4632610519,45.7906458,126.6784693
4632610521,45.791979000000005,126.6820174
4632610522,45.7925814,126.68540940000001
4632610531,45.7888839,126.6745925
4632610532,45.789342500000004,126.6791012
4632610534,45.789803600000006,126.6788401
4632610537,45.790045400000004,126.6787032
4687033843,45.6860702,126.6217618
4687033846,45.6766531,126.62491680000001
4687033847,45.6766907,126.62523770000001
4687033850,45.6861109,126.62212600000001
4689045577,45.7784605,126.68547360000001
4689045579,45.782361300000005,126.6828768
4689045582,45.781302600000004,126.67965960000001
4689050393,45.789676,126.6804019
4689050394,45.786188,126.67674710000001
4689050395,45.789116400000005,126.6782113
4689050396,45.7869813,126.67949870000001
4689050398,45.787538100000006,126.6870504
4689050399,45.7889555,126.68609110000001
4714451380,45.784437700000005,126.595008
4714451381,45.784363600000006,126.5948417
4714677666,45.8020063,126.5288845
4719655164,45.725929300000004,126.5914293
4721452998,45.7422448,126.64088140000001
4721616913,45.761508000000006,126.63159420000001
4721616914,45.761337700000006,126.63146270000001
4725127588,45.724986,126.59277300000001
4725186366,45.765958100000006,126.6426462
4929522426,45.7384232,126.58694790000001
4929522427,45.736689500000004,126.5907791
4929522433,45.730194600000004,126.5905747
4929522435,45.7310165,126.59122110000001
4964148406,45.6557717,126.58376030000001
4964148407,45.6551856,126.5882277
4964148412,45.6605986,126.59256500000001
4964148413,45.6607489,126.59270690000001
4964148414,45.6630817,126.5946543
4964161021,45.671054100000006,126.5775478
4964161028,45.6692308,126.56511760000001
4964161031,45.714867700000006,126.5682728
4964161032,45.713683200000006,126.56979720000001
4964161033,45.7075309,126.5791456
4964161442,45.7505153,126.5671896
4964161445,45.746588700000004,126.57406160000001
4964161446,45.745979000000005,126.56919140000001
4964161456,45.7531065,126.5887739
4964161457,45.7559339,126.5866926
4964161458,45.757515600000005,126.58558830000001
4964161459,45.7514023,126.5993138
4964161460,45.755239,126.5952204
4964161461,45.752322,126.59732600000001
4964161462,45.754894900000004,126.5994086
4964161463,45.7537767,126.5962583
4964161464,45.753360900000004,126.59502760000001
4964161465,45.754775200000005,126.59396570000001
4964161466,45.751666300000004,126.5962734
4964161467,45.758045200000005,126.59264770000001
4964161470,45.7558269,126.5977357
4964161471,45.7544916,126.6002306
4964161473,45.7538617,126.6016637
4964161474,45.7544934,126.6027289
4964161475,45.7529447,126.60591330000001
4964161477,45.7433587,126.60427630000001
4964161478,45.742187,126.60636520000001
4964161479,45.7509905,126.6044676
4964161481,45.7492083,126.6062071
4964161482,45.748331300000004,126.6068455
4964161483,45.7487501,126.60496660000001
4964161484,45.747393100000004,126.60599180000001
4964161485,45.7476834,126.60293270000001
4964161487,45.749645300000005,126.60735480000001
4964161488,45.749464100000004,126.6078672
4964161489,45.746569300000004,126.6052458
4964161490,45.7473122,126.60711370000001
4964161491,45.7469905,126.6078348
4964161492,45.7460547,126.6098857
4964161493,45.741402300000004,126.60560670000001
4964161494,45.743293200000004,126.60738450000001
4964161495,45.747449,126.60339420000001
4964161496,45.7467921,126.60281180000001
4964161497,45.747120200000005,126.6020405
4964161498,45.746428400000006,126.60366680000001
4964161499,45.747812,126.60266010000001
4964161501,45.744596200000004,126.5999556
4964161502,45.7444075,126.59958850000001
4964161503,45.7278329,126.6448091
4964161506,45.7241701,126.6424128
4964161507,45.7270223,126.64429630000001
4964161508,45.728620500000005,126.63947650000001
4964161509,45.729822500000004,126.6359036
4964161510,45.7278127,126.6389391
4964161511,45.725785300000005,126.637517
4964161513,45.722125000000005,126.64206320000001
4964161514,45.721345500000005,126.6415475
4964161515,45.7224221,126.63832640000001
4964161516,45.7232372,126.6388373
4964161517,45.7214716,126.63768800000001
4964161522,45.7215107,126.64384510000001
4964161523,45.7244526,126.63531180000001
4964161524,45.723460300000006,126.6346106
4964161525,45.7232086,126.6452873
4964161526,45.7258675,126.63724500000001
4964161527,45.724181800000004,126.6360973
4964161528,45.726238300000006,126.62877680000001
4964161529,45.726307600000005,126.63003320000001
4964161530,45.726681400000004,126.6287451
4964161531,45.7253677,126.6287753
4964161532,45.7253811,126.62760770000001
4964161533,45.7272144,126.63328530000001
4964161534,45.7275378,126.62966250000001
4964161535,45.726662700000006,126.62900970000001
4964161536,45.7266787,126.62752040000001
4964161537,45.727172700000004,126.6274872
4964161538,45.7249471,126.62763410000001
4964161539,45.724899,126.6146023
4964161540,45.724153300000005,126.61677730000001
4964161541,45.7256858,126.62112090000001
4964161542,45.7232512,126.61940820000001
4964161543,45.721019500000004,126.61786850000001
4964161544,45.7199322,126.61716670000001
4964161545,45.7178927,126.6157271
4964161546,45.719351,126.61883250000001
4964161548,45.7163374,126.61013380000001
4964161553,45.7195624,126.6108447
4964161554,45.7232667,126.61343500000001
4964161555,45.7281697,126.6168641
4964161556,45.726496600000004,126.61571300000001
4964161557,45.725761000000006,126.6178842
4964161559,45.727584400000005,126.61860940000001
4964161560,45.728010100000006,126.6178751
4964161561,45.7288368,126.6150223
4964161565,45.727426,126.6190351
4964161566,45.7208607,126.61450570000001
4964161567,45.7188062,126.6130315
4964161568,45.7225206,126.61564170000001
4964161570,45.7323595,126.6200373
4964161571,45.731292200000006,126.6218075
4964161572,45.734226400000004,126.62492230000001
4964161573,45.735105100000006,126.6233636
4964161574,45.738224100000004,126.6186464
4964161575,45.7376694,126.61799610000001
4964161576,45.7367208,126.61688380000001
4964161577,45.7356994,126.6156861
4964161578,45.7347607,126.61458560000001
4964161579,45.7341479,126.61567190000001
4964161580,45.736403800000005,126.6201973
4964161581,45.7354629,126.61910610000001
4964161582,45.7344279,126.61790590000001
4964161583,45.7329772,126.6162235
4964161585,45.733888300000004,126.62188950000001
4964161586,45.734444100000005,126.6225627
4964161587,45.7334052,126.62436100000001
4964161588,45.733828,126.6248721
4964161589,45.732745800000004,126.6235642
4964161590,45.7306332,126.62101100000001
4964161591,45.729949000000005,126.6201841
4964161593,45.732010100000004,126.622675
4964161594,45.731005,126.61839640000001
4964161595,45.729745300000005,126.6205288
4964161596,45.7278747,126.61917700000001
4964161597,45.728391200000004,126.61765790000001
4964161600,45.7306983,126.6162991
4964161601,45.727736900000004,126.6241116
4964161605,45.733071800000005,126.61403480000001
4964161606,45.733620900000005,126.6144129
4964161607,45.739769200000005,126.61149990000001
4964161608,45.7387644,126.61034020000001
4964161609,45.7390921,126.61269580000001
4964161612,45.7393784,126.61635860000001
4964161613,45.738922300000006,126.61580350000001
4964161614,45.737963300000004,126.61468970000001
4964161616,45.7383967,126.61392420000001
4964161622,45.7425064,126.61250810000001
5000414155,45.7027189,126.6952662
5001013442,45.673717700000005,126.54585700000001
5001464665,45.710641100000004,126.69686610000001
5001464667,45.7115005,126.69707720000001
5001464670,45.711871300000006,126.69713080000001
5001464673,45.7121298,126.69711830000001
5028748900,45.6983595,126.6142176
5028748901,45.6958246,126.61111120000001
5028748902,45.6963815,126.6109991
5028748903,45.6967651,126.61455980000001
5028748905,45.697255600000005,126.61911370000001
5028748906,45.6994604,126.6186313
5028748908,45.6984341,126.61885590000001
5028748909,45.6980505,126.61528190000001
5028748910,45.6968715,126.61554790000001
5028748918,45.6997505,126.61393280000001
5028750325,45.6988447,126.61312790000001
5028750326,45.6966647,126.61362860000001
5028750328,45.6984623,126.615189
5028750329,45.702308300000006,126.6133458
5028750330,45.702164700000004,126.6121131
5028750334,45.7018549,126.6121973
5028750335,45.701467900000004,126.60924870000001
5028750337,45.7010452,126.6087418
5028750338,45.7009976,126.61242840000001
5028750340,45.700872800000006,126.6115587
5028750341,45.7003837,126.6116765
5028750343,45.6989162,126.61311830000001
5028750345,45.698686200000004,126.61142600000001
5028750349,45.6984888,126.60930570000001
5028750352,45.696477,126.61188580000001
5028750353,45.6978361,126.6133595
5028750354,45.697661200000006,126.6116394
5028750355,45.697447600000004,126.60953760000001
5028750356,45.699080200000004,126.6150496
5028750357,45.699486400000005,126.6189387
5028750358,45.699561900000006,126.61478520000001
5028750361,45.6993309,126.6174112
5028750365,45.7015076,126.61664760000001
5030353912,45.700059800000005,126.61881220000001
5030353914,45.7010516,126.6274547
5030369419,45.701633300000005,126.6202473
5030369420,45.7019298,126.62303530000001
5030373101,45.7022981,126.6200903
5030373102,45.702514300000004,126.6219805
5030373104,45.703226900000004,126.62404570000001
5030373105,45.701835100000004,126.6221445
5030373106,45.7004755,126.62245820000001
5030373107,45.702554000000006,126.6242165
5030383933,45.699251200000006,126.62782980000001
5030383935,45.697820400000005,126.62468740000001
5030383936,45.697280500000005,126.62481890000001
5030596321,45.771144500000005,126.55633990000001
5030596324,45.7675241,126.56582030000001
5030596329,45.76916,126.57198790000001
5030596330,45.7689175,126.5723162
5030596352,45.7814988,126.55761570000001
5030596353,45.782177000000004,126.56419430000001
5030596358,45.784649900000005,126.56470060000001
5030596361,45.783905100000005,126.5642452
5030596362,45.7834634,126.56341540000001
5030596364,45.7832038,126.5629227
5030596366,45.7812087,126.56693190000001
5030596367,45.7810841,126.5670709
5030596372,45.7819197,126.5584864
5030596375,45.779407500000005,126.5620466
5030596376,45.785431900000006,126.56715840000001
5030596377,45.7849574,126.56543740000001
5030596378,45.785193,126.56529060000001
5030596390,45.7842532,126.56825490000001
5030596391,45.784412700000004,126.56854120000001
5030596392,45.783602200000004,126.56730060000001
5030596393,45.783408800000004,126.56751200000001
5030596394,45.781831000000004,126.56918590000001
5030596401,45.7876203,126.57559690000001
5030596402,45.788494500000006,126.57462050000001
5030596531,45.7786077,126.58271730000001
5030596552,45.778293000000005,126.58163830000001
5030596555,45.7789881,126.58035450000001
5030596556,45.778786100000005,126.58056230000001
5030596557,45.7790332,126.58044950000001
5030596559,45.7801878,126.57976330000001
5030596562,45.7805814,126.5797646
5030596565,45.7815372,126.58095850000001
5030596566,45.7811254,126.5847801
5030596577,45.780750700000006,126.58445580000001
5030596578,45.777924500000005,126.5774727
5030596579,45.7788058,126.5765604
5030596580,45.7798807,126.57635640000001
5030596581,45.779059800000006,126.5771548
5030596582,45.780546,126.5778501
5030596588,45.7763882,126.58074020000001
5030596589,45.776000100000005,126.58107770000001
5030596590,45.7758398,126.5807434
5030596592,45.776733,126.58157600000001
5030596603,45.7696398,126.5741203
5030596605,45.771653,126.56120870000001
5030596607,45.7709995,126.5610048
5030596609,45.771003300000004,126.56125290000001
5030596610,45.7707046,126.5616078
5030596614,45.770689600000004,126.5602039
5030596617,45.77002,126.5590116
5030596618,45.769901000000004,126.5587352
5030596630,45.7685966,126.56507680000001
5030596636,45.770698100000004,126.5629614
5030596637,45.7690502,126.56021860000001
5030596638,45.7675416,126.5597087
5030596639,45.7692569,126.55970450000001
5030596640,45.768571800000004,126.5596965
5030596647,45.7693864,126.5579665
5030596648,45.769727800000005,126.5590423
5030596651,45.7692318,126.5602164
5030596652,45.770707400000006,126.5620801
5030596653,45.769353900000006,126.56208050000001
5030596654,45.7702789,126.56020380000001
5030596655,45.770307100000004,126.56208020000001
5030596656,45.7688847,126.5587421
5030596657,45.7688928,126.55796830000001
5030596658,45.767100400000004,126.55774530000001
5030596660,45.7701281,126.55755210000001
5030596662,45.7672916,126.55567640000001
5030596663,45.7673117,126.55184580000001
5030596665,45.768715,126.55213020000001
5030596670,45.7685412,126.56308080000001
5030596671,45.767555,126.5630897
5030596672,45.7679521,126.55969830000001
5030596673,45.7679593,126.5630845
5030596674,45.767166800000005,126.5612574
5030596675,45.767549200000005,126.5612488
5030596676,45.767544400000006,126.56101120000001
5030596677,45.767154500000004,126.56101890000001
5030596887,45.7665219,126.57070080000001
5030596890,45.7684766,126.5729017
5238335711,45.768327500000005,126.599894
5263098252,45.6487442,126.64912070000001
5263098274,45.655581500000004,126.6712365
5263115668,45.753728100000004,126.60152000000001
5269927689,45.755984700000006,126.6370016
5269927700,45.7665517,126.64969
5269927709,45.783080500000004,126.6729569
5269927710,45.7826146,126.671694
5269927714,45.784252900000006,126.67659710000001
5269927718,45.7860844,126.68228010000001
5269927720,45.7876313,126.68698970000001
5269928324,45.789939200000006,126.6941841
5269928325,45.7899976,126.69457650000001
5269928327,45.790683200000004,126.7016835
5269928328,45.7832476,126.67347740000001
5269955214,45.763654,126.6370605
5269955426,45.763265800000006,126.632624
5269995017,45.679598600000006,126.65200580000001
5269995331,45.675257800000004,126.6143318
5269995345,45.697400800000004,126.6780772
5269995346,45.701236800000004,126.67960310000001
5269995351,45.7024969,126.6800563
5269995352,45.8393698,126.528536
5269995469,45.8618929,126.41126360000001
5269995502,45.838111100000006,126.51021970000001
5269995503,45.838124,126.5104038
5269995516,45.669415900000004,126.5565184
5269995523,45.646949,126.55039140000001
5269995529,45.663804000000006,126.5623881
5269995530,45.6638438,126.5622522
5269995534,45.6669355,126.5623254
5269995535,45.667675900000006,126.56081370000001
5269995538,45.668134,126.5601472
5269995549,45.673534100000005,126.6536109
5269995784,45.7802403,126.8011266
5269995787,45.7857806,126.76350590000001
5269995788,45.7860236,126.7674018
5269995789,45.786274000000006,126.77003570000001
5269995801,45.7864653,126.75745040000001
5269995804,45.785930300000004,126.7608823
5269995805,45.789354800000005,126.7463726
5269995806,45.7860038,126.75969950000001
5269995808,45.791591100000005,126.71922970000001
5269995809,45.791577800000006,126.7197108
5269995815,45.7884241,126.737053
5269995820,45.7884965,126.7440693
5269995822,45.7917733,126.71147930000001
5269995824,45.791615900000004,126.706236
5270420009,45.812838400000004,126.64231760000001
5270420022,45.830848700000004,126.685146
5270420083,45.9304033,126.68334320000001
5270420115,45.814174200000004,126.5786836
5270420379,45.807104900000006,126.61223090000001
5270420381,45.803035200000004,126.56475130000001
5270420387,45.800073600000005,126.55441130000001
5270420395,45.8061177,126.5558189
5270420396,45.8113545,126.55514740000001
5270420411,45.8187209,126.5202139
5270420412,45.818605000000005,126.5200214
5270420413,45.8198031,126.52021970000001
5270420414,45.8153799,126.5100098
5270420415,45.8153859,126.51031490000001
5270420806,45.8405496,126.58119190000001
5270670364,45.7238929,126.66875800000001
5270670365,45.7305186,126.6981411
5270670383,45.7253326,126.73413420000001
5270670384,45.725575600000006,126.7330934
5270670385,45.726655900000004,126.7277164
5270670390,45.727057900000005,126.7215357
5270670392,45.728184500000005,126.71385620000001
5270670398,45.728003300000005,126.71500420000001
5270670399,45.726865000000004,126.72289420000001
5270670401,45.725207100000006,126.73411660000001
5270670405,45.739517,126.73101220000001
5270670417,45.764781600000006,126.72476900000001
5286523606,45.8235667,126.50180920000001
5286523616,45.8314007,126.53686370000001
5286523617,45.8312712,126.5364864
5286523618,45.8311781,126.5362259
5286523620,45.8325826,126.53595600000001
5286524321,45.832458300000006,126.53559100000001
5286524322,45.8323661,126.53532100000001
5286524323,45.832237500000005,126.5349446
5286524326,45.8234781,126.52480510000001
5286524327,45.8236469,126.52484820000001
5311349117,45.700785100000004,126.57940230000001
5311349224,45.702654,126.57946910000001
5311349225,45.701060500000004,126.581996
5311349228,45.7008736,126.58023550000001
5311349229,45.701942800000005,126.58003210000001
5311349230,45.7007223,126.58182690000001
5311366413,45.7532896,126.703404
5311366417,45.751201200000004,126.70395590000001
5311366723,45.751255,126.70454350000001
5311366724,45.7492924,126.7045058
5311366730,45.749339500000005,126.70390730000001
5311366731,45.7529024,126.70417
5311366737,45.752826500000005,126.70353150000001
5311366738,45.754171400000004,126.7031798
5311366744,45.754229900000006,126.70384750000001
5311402820,45.751719200000004,126.6756172
5311403322,45.751746600000004,126.6759624
5311403327,45.752594900000005,126.6827765
5311403328,45.753421100000004,126.68954520000001
5311403338,45.753082400000004,126.6859337
5311403339,45.7535481,126.6895137
5311403344,45.7551866,126.7029282
5311405534,45.755310200000004,126.6859467
5311429267,45.7496956,126.6929154
5312968177,45.7498464,126.70212900000001
5312968183,45.7481135,126.70363560000001
5312968188,45.7474329,126.70345030000001
5312968189,45.748187300000005,126.6978076
5312971945,45.748535000000004,126.69993570000001
5312971946,45.7485884,126.69955660000001
5312971964,45.7484638,126.7027462
5312971967,45.748128,126.7022723
5312971985,45.748783800000005,126.7032233
5312971986,45.7476142,126.70213240000001
5312971988,45.748013500000006,126.699128
5350966641,45.7624572,126.6261678
5350972557,45.750533700000005,126.61562300000001
5362613345,45.654360000000004,126.6550588
5362613347,45.6524207,126.6555988
5362613350,45.654332100000005,126.64753540000001
5362613351,45.6547454,126.6503971
5362613352,45.6556209,126.64716340000001
5362613355,45.6560204,126.6500402
5362613357,45.6557605,126.64807210000001
5362613358,45.6544717,126.6484123
5362617450,45.664811300000004,126.64462390000001
5362617451,45.6653133,126.64917200000001
5362617452,45.6667902,126.64884850000001
5362617454,45.6664563,126.6480362
5362617456,45.664910000000006,126.6454465
5362617458,45.666539400000005,126.64890290000001
5362617469,45.666147200000005,126.6532078
5362617471,45.6650252,126.65555950000001
5362617476,45.663058500000005,126.66427460000001
5362617726,45.665559200000004,126.64911570000001
5372384205,45.752962700000005,126.610127
5374253268,45.718106000000006,126.64431010000001
5374253269,45.718944500000006,126.64487700000001
5374253270,45.7196134,126.64296080000001
5422041881,45.7460861,126.69720640000001
5422041882,45.745732100000005,126.6998705
5422041883,45.744563400000004,126.69955390000001
5422041884,45.745917500000004,126.6984752
5422041885,45.7475266,126.69891910000001
5422041887,45.7480441,126.6988974
5422041888,45.747066800000006,126.70219250000001
5422041889,45.7469429,126.700207
5422041892,45.746171800000006,126.69998530000001
5422041895,45.7468896,126.69944260000001
5422041896,45.746982300000006,126.69877220000001
5422104281,45.744649100000004,126.69889690000001
5422104282,45.745818400000005,126.69922100000001
5422104283,45.7450477,126.6990049
5422104284,45.7453038,126.69701850000001
5422320762,45.746382000000004,126.68603610000001
5422320769,45.746752900000004,126.6850926
5422320770,45.7471161,126.68502470000001
5422320772,45.7467721,126.6847644
5422320773,45.7467042,126.68597450000001
5422320777,45.7474088,126.68532950000001
5422320778,45.747402,126.6852635
5422320783,45.7469084,126.68593550000001
5422373144,45.752802,126.68450030000001
5422373145,45.7508126,126.6849882
5422386770,45.7464408,126.69022430000001
5422386771,45.7463459,126.69095630000001
5422386773,45.746528100000006,126.69197410000001
5422386774,45.746664100000004,126.69204300000001
5422386776,45.7459476,126.6918236
5422386777,45.746259,126.6909337
5422386778,45.7461378,126.691873
5422386779,45.7464512,126.69098500000001
5422386780,45.746324800000004,126.69192140000001
5422386783,45.7461715,126.6930353
5422386784,45.746083500000005,126.693014
5422386785,45.7460371,126.69331940000001
5422386786,45.746480000000005,126.69345560000001
5422386787,45.745416600000006,126.6931529
5422386788,45.745907900000006,126.6932847
5422386791,45.7461575,126.6933511
5422386792,45.745274,126.69422030000001
5422386794,45.746006,126.69719250000001
5422386795,45.7463265,126.69480340000001
5422386796,45.7452355,126.6945084
5422386797,45.7459475,126.6947009
5422386799,45.745026,126.6960767
5422390107,45.746132700000004,126.68782770000001
5422390113,45.746713400000004,126.68776580000001
5422390116,45.746501800000004,126.68794070000001
5422390119,45.7466796,126.68799510000001
5422390120,45.7470982,126.6881233
5422390823,45.7469181,126.68806810000001
5422390824,45.746998100000006,126.68882350000001
5422390825,45.746816100000004,126.68876870000001
5422390826,45.7465799,126.68870460000001
5422390827,45.7464042,126.68864710000001
5422390828,45.746032,126.6885405
5422391893,45.7479722,126.68651770000001
5422391898,45.748346500000004,126.68899540000001
5422391899,45.7479199,126.68787700000001
5422391902,45.747697800000005,126.68683610000001
5422391903,45.7475147,126.687837
5422391907,45.7478635,126.688984
5422395073,45.7502998,126.68594110000001
5422395074,45.7503757,126.6863323
5422395076,45.750508800000006,126.686699
5422395078,45.7510204,126.68766310000001
5422395080,45.7503429,126.68674010000001
5422395082,45.750066600000004,126.68786970000001
5422395088,45.750801200000005,126.68489040000001
5422395089,45.7498571,126.6860666
5422395092,45.7502152,126.68533160000001
5422395093,45.7513097,126.6831008
5422395094,45.7515067,126.6848068
5422395095,45.752687,126.68351030000001
5422395096,45.752119300000004,126.68364240000001
5422395099,45.7517682,126.684736
5422395100,45.751846500000006,126.6835954
5422395102,45.7517378,126.68442650000001
5422395103,45.752302400000005,126.68359980000001
5422395105,45.7521974,126.68430550000001
5422395106,45.7522249,126.68462770000001
5422395109,45.751904800000005,126.68623740000001
5422395110,45.753157,126.6873247
5422395111,45.7516356,126.6877142
5422395112,45.751972300000006,126.68666680000001
5422395113,45.7520899,126.68759370000001
5422395114,45.7521943,126.68841870000001
5422577529,45.7426715,126.6911735
5422627637,45.745422500000004,126.69310750000001
5422627639,45.7444499,126.6917549
5422627640,45.7452551,126.6943614
5422627641,45.7443613,126.6941261
5422627642,45.743790600000004,126.6915699
5422627643,45.7433041,126.69507720000001
5422627645,45.743948700000004,126.69544970000001
5422627646,45.743634400000005,126.69535880000001
5422627647,45.743659,126.69519580000001
5422627648,45.744725700000004,126.69422200000001
5422627649,45.7445486,126.69561800000001
5422627650,45.7440852,126.6961047
5422627651,45.7441661,126.69551070000001
5422627652,45.744291200000006,126.69459400000001
5422627653,45.74472,126.6956681
5422627654,45.7446375,126.6963185
5422627655,45.7445083,126.69287680000001
5422627657,45.744974000000006,126.69380770000001
5422627658,45.7448752,126.69296940000001
5422627659,45.7447716,126.69375590000001
5422627660,45.7448102,126.69424430000001
5422627661,45.7448719,126.69378160000001
5422632167,45.743582100000005,126.69306770000001
5422632168,45.7428284,126.6928395
5422632169,45.742701100000005,126.69375120000001
5422632172,45.7432044,126.69295330000001
5422632173,45.743076800000004,126.69383370000001
5422632174,45.743258600000004,126.69389880000001
5422632176,45.743414200000004,126.6942733
5422632179,45.743584000000006,126.69572500000001
5422632181,45.7428819,126.69495230000001
5422632182,45.7430092,126.6955597
5422633966,45.743703000000004,126.7024643
5422633973,45.743617900000004,126.70306430000001
5422633974,45.741524000000005,126.70183870000001
5422633981,45.7414475,126.70245580000001
5469028880,45.771697,126.64191410000001
5469028881,45.772238,126.644068
5469028886,45.771900900000006,126.64417370000001
5469028887,45.777261300000006,126.65234860000001
5469028891,45.780308100000006,126.64991710000001
5469028892,45.7781299,126.65321870000001
5469028893,45.7787912,126.6526678
5469028894,45.778308900000006,126.6512378
5469028895,45.7795694,126.6543663
5469028896,45.7629771,126.6191299
5471144704,45.755349800000005,126.63629470000001
5471144706,45.755452600000005,126.63623330000001
5471144708,45.768562300000006,126.65199860000001
5471144719,45.784081500000006,126.6773172
5471144720,45.7858083,126.67557660000001
5471154521,45.7920389,126.67168290000001
5471154528,45.7954736,126.6717765
5471154529,45.796240000000004,126.67157220000001
5471154530,45.79693,126.67126730000001
5471154531,45.797040100000004,126.67120240000001
5471154532,45.787139700000004,126.67472350000001
5471154533,45.7843012,126.6767454
5471154534,45.7858536,126.6757237
5471154535,45.7871752,126.6748553
5471154536,45.7920795,126.671822
5471154544,45.7954663,126.6719367
5471154546,45.7969646,126.67137910000001
5471154547,45.797074300000006,126.6713131
5471154548,45.793747200000006,126.6605547
5471154549,45.7936391,126.6606256
5471154551,45.7918225,126.66206760000001
5471154573,45.7001914,126.57584940000001
5471154574,45.6974606,126.57606790000001
5471154578,45.6976491,126.57517240000001
5471154579,45.6966614,126.5762069
5471154584,45.697258500000004,126.57621660000001
5471154590,45.7003733,126.5760001
5471154594,45.701168800000005,126.5757064
5471154607,45.700698900000006,126.65253190000001
5471154610,45.7003415,126.6529627
5471154611,45.7007416,126.6521948
5471154615,45.7083512,126.6499184
5471154617,45.7068036,126.65648900000001
5471154618,45.7040664,126.65452800000001
5471154619,45.7039436,126.6548729
5471154620,45.702781200000004,126.6581994
5471154721,45.7035569,126.65601780000001
5471154723,45.7065673,126.65795990000001
5471154726,45.706638700000006,126.6607644
5471154730,45.7082057,126.657897
5471154731,45.708313200000006,126.6575665
5471154733,45.7091535,126.65990300000001
5498026982,45.7548637,126.68220280000001
5498026986,45.7538094,126.68501320000001
5498026987,45.7538855,126.68574530000001
5498026988,45.7535067,126.682546
5498026989,45.754919900000004,126.68271290000001
5498026990,45.7535642,126.68305210000001
5498026993,45.7536928,126.68408090000001
5498026994,45.753728100000004,126.68436380000001
5498026997,45.753771300000004,126.6847091
5498027000,45.7538531,126.68536370000001
5498027001,45.7532018,126.6859055
5498027002,45.7528267,126.68271790000001
5498027003,45.752850800000004,126.68391810000001
5498027004,45.7529714,126.6838816
5498027005,45.7532513,126.6838046
5498031341,45.7536678,126.68580270000001
5498031342,45.753844900000004,126.68725900000001
5498031343,45.7536652,126.68741990000001
5498031344,45.753706400000006,126.68776860000001
5498031347,45.7543464,126.68749500000001
5498031348,45.754234100000005,126.6864489
5498031349,45.754470000000005,126.6863953
5498031350,45.754380600000005,126.68563750000001
5498031351,45.7537408,126.68636020000001
5498031355,45.754322,126.68726760000001
5498031356,45.7537737,126.6866447
5498031360,45.754035800000004,126.68859470000001
5498031361,45.7541291,126.68937000000001
5498031363,45.7535181,126.68927830000001
5498031366,45.7544587,126.6884655
5498036025,45.7565217,126.6868749
5498036026,45.7562385,126.68695340000001
5498036031,45.7560908,126.6856171
5498036034,45.7561307,126.6878722
5498036035,45.7566672,126.6877161
5498036040,45.7546812,126.6881915
5498036041,45.7554752,126.68796200000001
5498036042,45.7549902,126.6881022
5498036043,45.755038500000005,126.6885907
5498036044,45.755152,126.6885622
5498036045,45.7551016,126.6880756
5498036047,45.7535326,126.68939220000001
5498036048,45.754116200000006,126.68926350000001
5498036049,45.7567445,126.68837420000001
5498036050,45.7547992,126.68908700000001
5498036051,45.7554262,126.68892500000001
5498049115,45.754504100000005,126.6843175
5498049120,45.7547943,126.6845555
5498049121,45.7548991,126.68548940000001
5498049137,45.754341200000006,126.6844619
5498049141,45.7539899,126.68512310000001
5498049150,45.756212700000006,126.6843484
5498049155,45.7550393,126.68378790000001
5498049176,45.756193200000006,126.6818666
5498049183,45.7569717,126.6845066
5498049184,45.756352500000006,126.68268370000001
5498049185,45.756639400000005,126.68257790000001
5507685008,45.7577518,126.6848913
5507685009,45.7580139,126.68658110000001
5507685010,45.7581014,126.6866576
5507685012,45.758385100000005,126.68700310000001
5507685013,45.7584956,126.6879303
5507685014,45.7583397,126.6865966
5507685016,45.7587538,126.6864055
5507685017,45.7591509,126.68630390000001
5507685018,45.7589115,126.6845107
5507685019,45.759357200000004,126.68803720000001
5507685020,45.759049000000005,126.6855395
5507685521,45.757916800000004,126.68583050000001
5507685523,45.7590708,126.68778200000001
5507685524,45.7588316,126.6878437
5507685525,45.7588759,126.68816340000001
5507685526,45.7589448,126.6878145
5507685527,45.758336500000006,126.6857226
5507685528,45.7584442,126.6865709
5507685529,45.759182900000006,126.6865676
5507685530,45.7597454,126.6863639
5507685531,45.7596282,126.6853861
5507685539,45.7592803,126.68737030000001
5507685540,45.7588055,126.6867869
5507685543,45.758894700000006,126.6874451
5507719904,45.757772,126.6649802
5507719907,45.757545,126.66885380000001
5507719908,45.7588037,126.678769
5507719910,45.7584249,126.67416440000001
5507719911,45.758208800000006,126.67421900000001
5507719914,45.7581986,126.67343050000001
5507719917,45.757676700000005,126.6688675
5509696641,45.7437283,126.69659940000001
5509696642,45.7429639,126.70224900000001
5509696643,45.744323300000005,126.69675520000001
5509696645,45.744167100000006,126.69902300000001
5509696646,45.744030200000005,126.70003170000001
5509696648,45.7435747,126.70243110000001
5509696649,45.744551300000005,126.69963840000001
5509696650,45.7440981,126.69953100000001
5509696651,45.7433616,126.6993441
5509696652,45.744078900000005,126.69858860000001
5509696653,45.7434868,126.69841880000001
5509696654,45.7418459,126.69796450000001
5509696655,45.743011800000005,126.6982873
5509696656,45.7432431,126.69646610000001
5509696657,45.7427426,126.69821270000001
5509696658,45.7429812,126.6963906
5509696659,45.7415478,126.7003262
5509696660,45.7431647,126.70079890000001
5509696661,45.742726600000005,126.6986447
5509696665,45.7429665,126.69827480000001
5509696666,45.742647700000006,126.7006477
5509696667,45.7426339,126.6993637
5509696668,45.7428144,126.69942030000001
5509696669,45.742383000000004,126.69811320000001
5509696670,45.7423322,126.6985233
5509696674,45.7419476,126.7004431
5509696675,45.7423714,126.7001295
5509696676,45.742313300000006,126.70055
5509696677,45.742057800000005,126.7004895
5509696678,45.741708100000004,126.69908410000001
5509696679,45.742034800000006,126.69917690000001
5509696681,45.742390900000004,126.7009797
5509696682,45.742683400000004,126.7006582
5509696683,45.742628800000006,126.70107780000001
5509696684,45.7428243,126.7011478
5509696685,45.743849000000004,126.70133750000001
5509696686,45.744309300000005,126.70145740000001
5509696687,45.743937700000004,126.7013606
5509696689,45.743658200000006,126.70186090000001
5509696690,45.743731600000004,126.701312
5509696691,45.7430893,126.70135560000001
5509696694,45.7437844,126.70091640000001
5509696695,45.7439702,126.70046400000001
5509696696,45.743849000000004,126.70043340000001
5509696697,45.743237400000005,126.7002614
5509696698,45.743634,126.69733090000001
5509696701,45.744146,126.69809310000001
5509696702,45.744198700000005,126.6977042
5509696703,45.744782,126.69786010000001
5509696704,45.7443335,126.69774020000001
5509696705,45.7428098,126.69770790000001
5509696708,45.741937400000005,126.6972791
5509696709,45.7422346,126.69923920000001
5509696710,45.742434200000005,126.6993015
5509696714,45.7419175,126.70141360000001
5509696716,45.7427743,126.70163310000001
5509717664,45.7456947,126.69099550000001
5509717669,45.743769900000004,126.68962350000001
5509717670,45.7437501,126.6898137
5509717671,45.7431203,126.6896186
5509717673,45.7455464,126.69095360000001
5509717674,45.745400200000006,126.6920216
5509717675,45.7446574,126.69007810000001
5509717676,45.744685600000004,126.6898848
5509717677,45.744574,126.6900538
5509717678,45.744491800000006,126.69065510000001
5509717679,45.7440985,126.68991530000001
5509717680,45.7440158,126.69052040000001
5509731219,45.743850900000005,126.70568240000001
5509731220,45.745632400000005,126.70615180000001
5509731921,45.745808100000005,126.7048034
5509731924,45.7452069,126.7079664
5509731926,45.745932100000005,126.70694370000001
5509731929,45.746208,126.70374410000001
5509731930,45.745356300000005,126.70801460000001
5509731932,45.745648200000005,126.7089938
5509731933,45.745575800000005,126.70944890000001
5509731934,45.7456417,126.7081148
5509731935,45.746152,126.7082647
5509731936,45.7461125,126.7085478
5509731937,45.7463348,126.7086115
5509731938,45.745853800000006,126.7072586
5509731941,45.745703600000006,126.708133
5509731942,45.7455889,126.70897640000001
5509731945,45.7443049,126.70772830000001
5509731946,45.7445401,126.705864
5509731947,45.7447181,126.70450220000001
5509731948,45.7440255,126.7043184
5509731949,45.7443618,126.70440760000001
5509731953,45.7446445,126.707818
5509731954,45.7441741,126.7086053
5509731955,45.744303800000004,126.70863700000001
5509731956,45.7442444,126.7090912
5509731957,45.744904500000004,126.70596
5509731958,45.7450819,126.70460270000001
5509731959,45.7454447,126.7047029
5509731960,45.7452624,126.7060543
5509731961,45.746054400000006,126.7059476
5509731962,45.745448700000004,126.706984
5509731963,45.7458916,126.70710640000001
5509731968,45.745061500000006,126.7079281
5509731969,45.7448811,126.70926220000001
5509731970,45.7442952,126.70779340000001
5509731971,45.743906200000005,126.70769290000001
5509731972,45.743602700000004,126.7076215
5509731973,45.743710500000006,126.7067794
5509731974,45.744020600000006,126.7068682
5509731975,45.7443996,126.70697770000001
5509731976,45.7447486,126.70707410000001
5509731978,45.7443259,126.7108058
5509731981,45.7454868,126.71013
5509731983,45.744619,126.7110018
5509731984,45.7451128,126.7100384
5509731985,45.7449637,126.71115400000001
5509731990,45.744037000000006,126.7106454
5509731991,45.7438708,126.71055310000001
5509731992,45.7439854,126.7096997
5509731994,45.7441102,126.71068600000001
5509731995,45.743968900000006,126.711161
5509731996,45.743580400000006,126.7100879
5509731997,45.743285,126.71000970000001
5509734644,45.746051200000004,126.70498440000001
5509734645,45.745794100000005,126.70491070000001
5509734646,45.7461404,126.7042995
5509734650,45.746150300000004,126.7051667
5509741515,45.752495800000005,126.7042706
5509741516,45.7526487,126.70457730000001
5509741518,45.7527461,126.7055268
5509741738,45.7517076,126.70489850000001
5509741739,45.751938900000006,126.70594550000001
5509741740,45.7533827,126.70823610000001
5509741745,45.7520584,126.7084478
5509803319,45.750869200000004,126.70697020000001
5509803421,45.7520151,126.7044972
5509803422,45.7523362,126.70432000000001
5509847743,45.7364211,126.7199248
5509847747,45.7407284,126.7199497
5509847748,45.7373909,126.7199317
5509847749,45.7374013,126.71792520000001
5509847752,45.733777200000006,126.71927540000001
5509847753,45.7337914,126.71908080000001
5509847754,45.733798500000006,126.71876080000001
5509847759,45.734346300000006,126.71791820000001
5509847764,45.7420251,126.71795580000001
5509847765,45.742035300000005,126.71701230000001
5509847767,45.741995,126.7220252
5509847777,45.7522378,126.72082490000001
5509847778,45.7512277,126.72106720000001
5509847779,45.750711300000006,126.71718120000001
5509847780,45.7486302,126.7177408
5509847783,45.7464589,126.71789380000001
5509847785,45.7454814,126.72192450000001
5509847786,45.746468,126.71654520000001
5509847788,45.7464657,126.7191681
5509847789,45.746373000000006,126.7192969
5509847792,45.7465854,126.7217638
5509847793,45.746473400000006,126.72061980000001
5509847794,45.7454887,126.7208044
5509847795,45.745498600000005,126.71923380000001
5509847796,45.746134100000006,126.71788420000001
5509847797,45.7461293,126.71923070000001
5509847798,45.746129200000006,126.7180773
5509847799,45.7455062,126.71806500000001
5509847800,45.7455009,126.71893750000001
5509847801,45.742020700000005,126.71894820000001
5509847802,45.741998200000005,126.7210639
5509847803,45.7454867,126.72111620000001
5509847804,45.744391300000004,126.7189409
5509847805,45.744391300000004,126.7211032
5509847806,45.7425008,126.72204470000001
5509847809,45.742496700000004,126.72466490000001
5509847810,45.739538800000005,126.7246353
5509847811,45.737340700000004,126.72463850000001
5509847812,45.7373099,126.7179241
5509847813,45.737293,126.71993140000001
5509847817,45.737346300000006,126.72590480000001
5509847820,45.740735900000004,126.71794190000001
5509847921,45.7407173,126.72206120000001
5509847922,45.740672800000006,126.72398460000001
5509847923,45.7413254,126.72206290000001
5509847924,45.7415214,126.7223498
5509847925,45.7417432,126.7220228
5509847926,45.741515,126.72465260000001
5509847927,45.7403391,126.7246446
5509847933,45.741518600000006,126.72334330000001
5509847937,45.7424886,126.72344120000001
5509847938,45.739562600000006,126.71793590000001
5509847939,45.7395561,126.71995670000001
5509847940,45.7395495,126.7220578
5509847942,45.7384616,126.7199418
5509847943,45.7384574,126.7220547
5509847944,45.736565000000006,126.7179155
5509847948,45.735236,126.7179129
5509847951,45.7353108,126.71990650000001
5509847952,45.734436,126.71992610000001
5509847957,45.7337797,126.719852
5509847959,45.7338395,126.7154651
5509847960,45.733394800000006,126.7154538
5509847961,45.7333866,126.717938
5509847962,45.7338308,126.7179318
5509847963,45.734343200000005,126.71653920000001
5509847964,45.7338326,126.7165269
5509847965,45.7333815,126.71651460000001
5509847966,45.733003800000006,126.7165145
5509847967,45.733007400000005,126.71553660000001
5509847968,45.732995200000005,126.7174327
5509847969,45.7352489,126.7151589
5509847970,45.734694100000006,126.7151527
5509847971,45.734342500000004,126.71618190000001
5509847972,45.735244200000004,126.71617570000001
5509847973,45.7343449,126.7172726
5509847974,45.735239,126.71727870000001
5509847975,45.7352417,126.7167117
5509847976,45.7360016,126.7167179
5509847979,45.735243800000006,126.71625560000001
5509847980,45.735614500000004,126.71671470000001
5509847981,45.735614500000004,126.7179129
5509847982,45.7359973,126.7179129
5509939264,45.7497829,126.6982188
5509939266,45.752402200000006,126.697428
5509939267,45.753776200000004,126.6970634
5509939268,45.754331300000004,126.69692930000001
5509942783,45.7506396,126.69043070000001
5509942785,45.750789000000005,126.69159280000001
5509942793,45.750402,126.69325040000001
5509942807,45.7520101,126.69137090000001
5509942808,45.7518511,126.69012670000001
5509942810,45.7516946,126.69133160000001
5509947797,45.750733100000005,126.69112860000001
5509957981,45.7520249,126.69008310000001
5509957983,45.7527276,126.6909428
5509957986,45.753154300000006,126.691077
5509957990,45.753635200000005,126.6913116
5509957991,45.7521045,126.6907302
5509957993,45.753080600000004,126.69050390000001
5509957994,45.7533225,126.69044810000001
5509957995,45.753106700000004,126.69070730000001
5509957998,45.7533581,126.6905983
5509957999,45.7531006,126.69065920000001
5509958000,45.752126700000005,126.69091010000001
5509958001,45.753125100000005,126.69085030000001
5509958002,45.7518522,126.6906127
5509958003,45.750704600000006,126.6909155
5509958005,45.751875600000005,126.69080290000001
5509958006,45.7509643,126.69102740000001
5509958007,45.750943400000004,126.6908525
5509958008,45.750992700000005,126.69127540000001
5509958009,45.7507608,126.69133520000001
5509958010,45.7519032,126.69102670000001
5509958011,45.7514905,126.6913856
5509958012,45.7514556,126.6911489
5509958013,45.751420700000004,126.69091490000001
5509958014,45.7513961,126.6907331
5509958016,45.749875900000006,126.6930205
5509958021,45.7505703,126.6912815
5509958022,45.750648500000004,126.6918875
5509958023,45.7504359,126.69139810000001
5509958024,45.750520900000005,126.69208680000001
5509958025,45.750309800000004,126.69156120000001
5509958026,45.750398600000004,126.6922849
5509958027,45.7503777,126.69211430000001
5509958028,45.750135300000004,126.69183930000001
5509958029,45.7502806,126.69200420000001
5509958030,45.750071000000005,126.69243650000001
5509958031,45.7502404,126.69259720000001
5509958032,45.749909800000005,126.69227980000001
5509958033,45.7501794,126.69279030000001
5509958034,45.749786400000005,126.69261010000001
5509958035,45.750164700000006,126.69252540000001
5509958036,45.750407,126.6933455
5509960385,45.7536919,126.6917901
5509960390,45.753923500000006,126.6966584
5509960392,45.754110000000004,126.6969827
5509960396,45.754021300000005,126.6972422
5509960401,45.7546763,126.69980980000001
5509960403,45.754324000000004,126.6996692
5509960406,45.7536824,126.70067460000001
5509960407,45.7536466,126.70092220000001
5509960415,45.753148,126.70201960000001
5509960416,45.752985100000004,126.7023652
5509960417,45.752825400000006,126.7025847
5509960834,45.750094000000004,126.70075680000001
5509960835,45.7530584,126.7034742
5509960836,45.7529735,126.70275960000001
5509978001,45.743970000000004,126.70475180000001
5509978003,45.7435811,126.7048606
5509978007,45.743326,126.70478270000001
5509978008,45.743158300000005,126.70596110000001
5509978009,45.743791200000004,126.70614900000001
5509978011,45.743418000000005,126.70603820000001
5509978012,45.743548700000005,126.70607700000001
5509978013,45.7437551,126.70468770000001
5509978014,45.743297600000005,126.70693410000001
5510003746,45.7385883,126.70165420000001
5510003748,45.740956700000005,126.7037337
5510020348,45.744889400000005,126.7134532
5510020349,45.7396186,126.7146575
5510020352,45.7456091,126.7153107
5510028763,45.738462500000004,126.70161890000001
5510028764,45.7376431,126.7073177
5510038913,45.736893200000004,126.7124325
5510038914,45.7370359,126.7114447
5510038920,45.7390016,126.711032
5510039721,45.738718000000006,126.71109770000001
5510039722,45.7385779,126.71026610000001
5510039723,45.738504400000004,126.71116710000001
5510039724,45.738356200000005,126.71028020000001
5510039725,45.7374925,126.710481
5510039726,45.737669100000005,126.7114167
5510039727,45.737867300000005,126.71255910000001
5510039728,45.737339500000004,126.71146660000001
5510039729,45.737541400000005,126.71258710000001
5510039737,45.738777500000005,126.712494
5510039743,45.7394,126.7121764
5510039744,45.738379200000004,126.7112105
5510039746,45.738705800000005,126.7120644
5510039747,45.738560500000006,126.71114770000001
5510039748,45.737563200000004,126.71085550000001
5510039749,45.738053900000004,126.71069600000001
5510039750,45.738018100000005,126.7103551
5510039751,45.738146400000005,126.71128820000001
5510039752,45.7378749,126.7113654
5510039754,45.7380603,126.7126053
5510039755,45.7380511,126.71131530000001
5510039756,45.738207100000004,126.7122185
5510047511,45.7357772,126.7009441
5510047513,45.734380200000004,126.7104295
5510047514,45.734656,126.7006623
5510047515,45.7338358,126.7062575
5510047516,45.734934200000005,126.70657720000001
5510047517,45.7363863,126.70699080000001
5510047518,45.736958400000006,126.7031087
5510047519,45.7367404,126.70458090000001
5510047520,45.7352933,126.704142
5510048521,45.7341981,126.7038004
5510048523,45.734759200000006,126.7077941
5510048524,45.733640400000006,126.70750460000001
5522804240,45.7352372,126.47529390000001
5578846663,45.7860245,126.70290240000001
5578846666,45.7844835,126.70484490000001
5578846670,45.7796515,126.706057
5578846699,45.7870903,126.70096360000001
5578846700,45.786961100000006,126.70099940000001
5578846701,45.7870902,126.70208310000001
5578846702,45.7872428,126.70216420000001
5578846703,45.786906900000005,126.70101020000001
5578846704,45.787026600000004,126.7020401
5578846707,45.7870519,126.70068930000001
5578846708,45.780531200000006,126.70235310000001
5578846709,45.785406300000005,126.70113620000001
5578846710,45.7856455,126.702994
5578846711,45.785726200000006,126.70297450000001
5578846712,45.7854839,126.70111550000001
5578859351,45.7904545,126.6988982
5578859353,45.790690000000005,126.6919967
5578859355,45.789555500000006,126.69287530000001
5578859356,45.7896773,126.69270960000001
5578859357,45.789438700000005,126.69200330000001
5578859358,45.790812,126.69239630000001
5578859360,45.7915628,126.69349480000001
5578859361,45.7909099,126.68857320000001
5578859362,45.791698000000004,126.6909143
5578859363,45.792038000000005,126.6877592
5578859364,45.792802,126.6900466
5578859370,45.793352000000006,126.70101140000001
5578859375,45.779352900000006,126.7026519
5578859377,45.7786909,126.7047306
5636738652,45.7729908,126.68298530000001
5691462119,45.755673400000006,126.63623030000001
5721703101,45.7429229,126.5969603
5725800542,45.826880300000006,126.49551090000001
5725800544,45.826738600000006,126.52034270000001
5725800556,45.818121500000004,126.5017411
5725800558,45.8237199,126.50167010000001
5725800560,45.8269281,126.5016758
5725800561,45.8269242,126.50181880000001
5725800562,45.8268179,126.5016758
5725800563,45.826817000000005,126.5018172
5755083371,45.8283812,126.5205849
5755083372,45.828378900000004,126.5203747
5755083483,45.7506616,126.6005528
5755083484,45.7493835,126.59938430000001
5755083485,45.7502208,126.6080316
5755083486,45.7461861,126.60606070000001
5755083487,45.7496154,126.609205
5755083488,45.748094900000005,126.607831
5755083489,45.747759,126.60853420000001
5755083490,45.747371400000006,126.60935060000001
5755083492,45.749241700000006,126.6098403
5755083494,45.746612400000004,126.60865620000001
5755083498,45.7437235,126.60646030000001
5755083499,45.7450707,126.6077046
5755083500,45.744666200000005,126.60862660000001
5755083501,45.747518500000005,126.61065930000001
5755083502,45.746227700000006,126.6094963
5755083503,45.7448228,126.6082837
5755083504,45.7438477,126.6061952
5755083505,45.7428272,126.6052365
5755083506,45.7443377,126.60541330000001
5755083508,45.7453936,126.6032998
5755083509,45.7452856,126.603526
5755083511,45.745875100000006,126.60447950000001
5755083512,45.745130100000004,126.6061258
5755083513,45.745603300000006,126.6019955
5755083515,45.7461524,126.6011845
5755083516,45.746519400000004,126.6003599
5755083517,45.746591,126.6002016
5755083519,45.748257100000004,126.5965694
5755083520,45.749037300000005,126.59992460000001
5755083521,45.747441300000006,126.5983839
5755083522,45.7442152,126.601104
5755083525,45.7431913,126.60406590000001
5755083526,45.7488024,126.60727410000001
5755083527,45.7484332,126.6081317
5755083528,45.7490965,126.60873950000001
5755083530,45.7498639,126.6120728
5755083535,45.749348700000006,126.61209020000001
5755083542,45.750747000000004,126.6145386
5755083543,45.7501407,126.60367710000001
5755083545,45.748888400000006,126.6053409
5755083546,45.750418700000004,126.60529450000001
5755083547,45.749705500000005,126.60463410000001
5755083548,45.7505152,126.60521990000001
5755083549,45.7497625,126.60450900000001
5755083551,45.755084800000006,126.6031511
5769580863,45.797391700000006,126.5019264
5769580864,45.7950378,126.50339760000001
5769580865,45.795472000000004,126.50486950000001
5777251913,45.753480200000006,126.64083830000001
5777433492,45.766751400000004,126.6618045
5777433493,45.7584226,126.66237450000001
5777433495,45.7618816,126.6626629
5777433499,45.762859500000005,126.66217590000001
5777433501,45.7615392,126.66161310000001
5777433502,45.7656088,126.6604815
5777433504,45.764828,126.6619462
5777433505,45.7646364,126.66196070000001
5777433506,45.765486300000006,126.6603474
5777433513,45.7627469,126.6640761
5777433732,45.762766600000006,126.68892770000001
5777433733,45.7654441,126.68821380000001
5794807201,45.7421008,126.6620793
5808741407,45.762183300000004,126.62287590000001
5808741412,45.7640879,126.628285
5808741413,45.7639549,126.62856490000001
5808741435,45.759889400000006,126.61759860000001
5808741436,45.7577663,126.617023
5808741437,45.7549933,126.6162934
5808741438,45.7552542,126.61440820000001
5808741439,45.755040300000005,126.61527880000001
5808741440,45.754938200000005,126.6174823
5808741441,45.7570478,126.6168293
5808741442,45.757612300000005,126.61553040000001
5808741443,45.7542612,126.6161481
5808741445,45.7533697,126.61841720000001
5808741447,45.7530792,126.6155858
5808741452,45.7602168,126.622049
5824604279,45.786190500000004,126.70435750000001
5824604280,45.787685,126.70399850000001
5824604281,45.787515400000004,126.70253500000001
5824604285,45.7889305,126.70369880000001
5824604286,45.790852,126.7031721
5824604287,45.7887396,126.7021995
5824604288,45.7885039,126.7003248
5824604289,45.788327100000004,126.69874910000001
5824604290,45.787872500000006,126.69511120000001
5824604291,45.7895449,126.6984415
5824604292,45.789123200000006,126.6948016
5824604293,45.7892001,126.69546500000001
5824604294,45.787954400000004,126.69576610000001
5824604295,45.788027,126.6963472
5824604298,45.7865605,126.6967946
5824604299,45.7882088,126.6978023
5824604300,45.786738400000004,126.69819410000001
5824604301,45.7879361,126.70241970000001
5824604302,45.787694900000005,126.7005263
5824604303,45.7874938,126.6989595
5824604304,45.7884189,126.69954200000001
5824604305,45.7875956,126.6997542
5824604306,45.786958000000006,126.69992320000001
5824604307,45.7859368,126.7009946
5824604308,45.7857282,126.6993657
5824604309,45.787729600000006,126.69890000000001
5824604310,45.7876126,126.69796110000001
5824604311,45.787565300000004,126.6975544
5824604313,45.7866585,126.6975656
5824604316,45.7830012,126.6986033
5824604317,45.782854900000004,126.6975438
5824604318,45.7831905,126.6999739
5824604319,45.7829861,126.6984939
5824604320,45.7801452,126.69921860000001
5824604321,45.7815652,126.7020837
5824604322,45.781365400000006,126.7004218
5824604323,45.7835179,126.7016014
5824604324,45.783756700000005,126.7034514
5824604325,45.7842471,126.7014214
5824604326,45.7840341,126.6997668
5824604327,45.7879188,126.70394230000001
5824604328,45.7877668,126.7026579
5824604329,45.787844,126.7024449
5824604330,45.7875366,126.70271760000001
5824604333,45.782051300000006,126.68983960000001
5824604335,45.7795402,126.6945682
5824604336,45.774596900000006,126.6958831
5824604338,45.7796284,126.70619490000001
5824604350,45.786175300000004,126.7009309
5824604351,45.7863987,126.70281190000001
5824604352,45.785584300000004,126.70188580000001
5824604353,45.7862681,126.70170530000001
5824604354,45.7871564,126.7014841
5824604359,45.7891236,126.7001704
5824604362,45.7889391,126.7011308
5824604363,45.7886174,126.7012047
5824604364,45.789233900000006,126.7010616
5824604365,45.7894688,126.7010065
5824604369,45.789542600000004,126.70160390000001
5824604370,45.7897905,126.7009091
5824604371,45.7899876,126.70085540000001
5824604372,45.789880800000006,126.6999818
5824604375,45.7901819,126.69990680000001
5824604376,45.790291200000006,126.7007451
5824604377,45.790564,126.70066150000001
5824604379,45.7899966,126.70092890000001
5824604380,45.7903043,126.70084980000001
5824604381,45.790242000000006,126.70035120000001
5824604382,45.7899358,126.70043170000001
5824604383,45.789917300000006,126.70187670000001
5824604387,45.7895741,126.70197080000001
5824604388,45.7896719,126.70271530000001
5824604389,45.789461100000004,126.70277440000001
5824604391,45.789555500000006,126.7035299
5824604394,45.7894945,126.70304170000001
5824604395,45.7894499,126.70268510000001
5824604396,45.7891467,126.702762
5824604397,45.7888224,126.70284900000001
5824604398,45.790307000000006,126.70332680000001
5824604401,45.790486200000004,126.70251800000001
5824604402,45.790771500000005,126.70244690000001
5824604404,45.7902465,126.70285910000001
5824604405,45.790198700000005,126.70248950000001
5824604406,45.7900026,126.7025452
5824604413,45.7877926,126.6997034
5824604414,45.787889,126.700478
5824604416,45.788126000000005,126.6992204
5824604419,45.783828400000004,126.70501540000001
5824604422,45.7851245,126.7031199
5824604423,45.785310100000004,126.70463170000001
5824604424,45.7843698,126.70330260000001
5824604435,45.786129300000006,126.6992742
5824604436,45.7862658,126.70035680000001
5824604437,45.7858694,126.70046
5824604439,45.7866787,126.70079630000001
5824604440,45.786188900000006,126.69974660000001
5824604442,45.786099,126.7004002
5824604443,45.7857922,126.6998619
5824604446,45.784112900000004,126.7003791
5824604448,45.7845195,126.70018540000001
5824604449,45.784619600000006,126.70104640000001
5824604450,45.785020900000006,126.70005800000001
5824604451,45.7851501,126.7011983
5824604452,45.785530400000006,126.70110310000001
5824604453,45.785397200000006,126.69996230000001
5824604454,45.7850898,126.70066560000001
5824604456,45.7847462,126.7001278
5824604457,45.7847774,126.7001199
5824604458,45.7847078,126.69960150000001
5824604459,45.7852642,126.69947140000001
5824604460,45.785331500000005,126.69997900000001
5824604461,45.784983200000006,126.70123960000001
5824604462,45.7851993,126.70310180000001
5824604463,45.7850333,126.7016713
5824604466,45.7851261,126.7024712
5824604467,45.7851021,126.7022637
5824604471,45.7845956,126.70133530000001
5824604472,45.784614700000006,126.70324310000001
5824604473,45.784446200000005,126.70184970000001
5824604474,45.7841298,126.7014503
5824604477,45.784206000000005,126.7033423
5824604490,45.7776579,126.6950618
5824604491,45.7771734,126.69104720000001
5824604492,45.7792946,126.69254480000001
5824604493,45.7774189,126.6930813
5824604494,45.777353600000005,126.6925406
5824604495,45.774284300000005,126.69333990000001
5824604496,45.775885300000006,126.69292300000001
5824604497,45.7761894,126.6954558
5824604504,45.7794017,126.6820148
5824604506,45.780615000000004,126.6844573
5824619930,45.7941724,126.6977992
5824619931,45.7929321,126.6978787
5824619932,45.793832200000004,126.6963113
5824619933,45.7928622,126.69666020000001
5824619934,45.7920936,126.6947267
5824619935,45.7914096,126.69520700000001
5824619936,45.792942700000005,126.6982603
5824619937,45.7921203,126.69842700000001
5824619940,45.792918,126.69748890000001
5824619941,45.7921435,126.6976561
5891911377,45.6812118,126.70469700000001
5891911378,45.68113,126.70457920000001
5897122597,45.7335555,126.5872099
5898135196,45.769328300000005,126.65462090000001
5898135198,45.7704139,126.65719820000001
5898135199,45.7706463,126.65593740000001
5898135200,45.770110300000006,126.6563004
5898135201,45.7690131,126.6570389
5898135202,45.768829700000005,126.65583430000001
5898135204,45.7697212,126.65515110000001
5898135205,45.7694897,126.65432940000001
5898135207,45.768322100000006,126.65297890000001
5898135208,45.7679902,126.6535628
5898135209,45.7691492,126.65494360000001
5898135210,45.7685693,126.6542416
5898135211,45.7679701,126.65524330000001
5898135212,45.7652579,126.65824500000001
5898135215,45.7670193,126.66039310000001
5898135216,45.766706500000005,126.6610045
5898135217,45.766584400000006,126.66161260000001
5898135219,45.766220100000005,126.66048180000001
5898135220,45.7655599,126.65973890000001
5898135222,45.765846200000006,126.66006
5898135223,45.766581200000005,126.6598598
5898135224,45.765981100000005,126.6609191
5898135225,45.765950200000006,126.65903770000001
5898135226,45.765322600000005,126.6601576
5898135227,45.766360500000005,126.65959120000001
5898135228,45.7670168,126.65843480000001
5898135229,45.765698400000005,126.65747900000001
5898135236,45.7674474,126.65894890000001
5898135237,45.766791500000004,126.66011580000001
5898135238,45.767031800000005,126.6597014
5898135239,45.766591600000005,126.65918810000001
5898135240,45.7674559,126.66596580000001
5898135242,45.7668449,126.6660348
5898135245,45.7671482,126.66223230000001
5898135246,45.767143700000005,126.66394220000001
5898135247,45.7655681,126.66409440000001
5898135248,45.7655011,126.66237400000001
5898135249,45.7661068,126.6640423
5898135250,45.7668253,126.6639729
5898135252,45.7657029,126.66570370000001
5898135253,45.7661669,126.66565010000001
5898135254,45.7667122,126.6647336
5898135255,45.766346500000004,126.66462550000001
5898135256,45.7661298,126.66465790000001
5898135257,45.7667811,126.6642704
5898135259,45.765580400000005,126.6661777
5898135260,45.765549400000005,126.6654965
5898135261,45.764966300000005,126.6662471
5898135264,45.765513500000004,126.66269360000001
5898135268,45.7652239,126.66446990000001
5898135269,45.7652134,126.66381550000001
5898135270,45.76467,126.66384760000001
5898135273,45.7649364,126.66486440000001
5898135274,45.7641931,126.66250310000001
5898135276,45.764307300000006,126.66382630000001
5898135277,45.764397800000005,126.66631140000001
5898135278,45.7643326,126.6645227
5898135279,45.7627697,126.66464280000001
5898135280,45.7647489,126.6653284
5898135281,45.764363100000004,126.66536
5898135282,45.7632744,126.66544640000001
5898135284,45.7653327,126.66542150000001
5898135885,45.7649291,126.6654481
5898135887,45.7659588,126.66546550000001
5898135889,45.770414300000006,126.65996410000001
5898135890,45.770093800000005,126.66018770000001
5898135893,45.7699152,126.65969580000001
5898135894,45.7700229,126.6588014
5898135902,45.769277900000006,126.66011700000001
5898135903,45.769732700000006,126.65976320000001
5898135909,45.7693108,126.6609033
5898135910,45.770242100000004,126.66061610000001
5898135912,45.769767300000005,126.66161840000001
5898135913,45.7692056,126.6604219
5898135920,45.7678887,126.6617365
5898135921,45.783002,126.67000630000001
5898135922,45.7804926,126.6689676
5898135923,45.7811207,126.669222
5898135924,45.780720800000005,126.67008460000001
5898135925,45.7817139,126.66945980000001
5898135926,45.7820497,126.6677892
5898135927,45.7833606,126.66837960000001
5898135928,45.781255800000004,126.66747090000001
5898135929,45.7812886,126.6674847
5898135931,45.782006700000004,126.6664808
5898135932,45.7817665,126.6676764
5898135933,45.782290800000006,126.66508520000001
5898135934,45.7818357,126.66488520000001
5898135935,45.783691600000004,126.66562160000001
5898135937,45.784125100000004,126.6635478
5898135940,45.7834724,126.6667843
5898135941,45.7833904,126.6682368
5898135942,45.7829282,126.66533480000001
5898135943,45.7824151,126.66793320000001
5898135944,45.782003200000005,126.66777
5898135945,45.7825239,126.6651784
5898135946,45.782700000000006,126.66652520000001
5898135948,45.783441700000004,126.66700390000001
5898135949,45.7826557,126.6667357
5898135950,45.7839934,126.6641261
5898135952,45.7826073,126.66220380000001
5898135953,45.782739,126.66361810000001
5898135954,45.7824539,126.66514480000001
5898135955,45.7830546,126.66538360000001
5898135956,45.783368200000005,126.66387460000001
5898135957,45.7836226,126.6639732
5898135959,45.782824000000005,126.66207370000001
5898135972,45.7790167,126.6577311
5901876108,45.775078900000004,126.62490570000001
5901876114,45.7773866,126.62367080000001
5901876115,45.7801332,126.6224863
5901931858,45.7676542,126.5966286
5901931859,45.7682501,126.59519030000001
5901931860,45.7683772,126.59736160000001
5901931861,45.7690178,126.5958626
5901931862,45.7691134,126.5980205
5901931863,45.770742500000004,126.6026664
5901931868,45.7696696,126.601145
5901931869,45.769133700000005,126.60229700000001
5901931870,45.7681277,126.5982886
5901931871,45.766738600000004,126.59898810000001
5904084568,45.776752900000005,126.6129619
5904084569,45.7765192,126.613014
5904084570,45.776732800000005,126.61495160000001
5904084571,45.776597200000005,126.61379930000001
5904084572,45.7759817,126.613973
5904084575,45.771644200000004,126.61862850000001
5904084576,45.7703159,126.61338190000001
5904084579,45.769240100000005,126.61470620000001
5904084580,45.7679897,126.61396800000001
5904084581,45.7684598,126.61740460000001
5904085388,45.763197700000006,126.6222008
5905816630,45.766696,126.63900860000001
5905816631,45.7680876,126.6439119
5905816636,45.7708692,126.64588810000001
5905816639,45.7739124,126.63930500000001
5905816640,45.7742858,126.63924220000001
5905816643,45.777925200000006,126.6391205
5905816645,45.7771034,126.6394496
5905816648,45.7774311,126.63939130000001
5905816649,45.777112,126.6395145
5905816651,45.7759949,126.6397711
5905816652,45.7766536,126.63966920000001
5905816654,45.7762876,126.63903400000001
5905816655,45.7767959,126.64093430000001
5905816658,45.7765411,126.63970610000001
5905816659,45.7599827,126.61889380000001
5905816671,45.760034700000006,126.61954700000001
5905816673,45.7583586,126.62038880000001
5905816676,45.7600817,126.62005040000001
5905816785,45.745589,126.61093410000001
5905816793,45.740155400000006,126.6079294
5905816796,45.7337864,126.6030709
5905816805,45.724682300000005,126.59507430000001
5905816806,45.724415,126.59430560000001
5905816808,45.7204635,126.58545140000001
5905816821,45.699296800000006,126.56405570000001
5905841111,45.7146714,126.5683618
5905841113,45.7107498,126.5745914
5905841114,45.7147565,126.5684889
5905841115,45.7171837,126.56467920000001
5905841117,45.7169673,126.56434970000001
5905841118,45.712868900000004,126.5704663
5905841119,45.710390600000004,126.57425710000001
5905841120,45.7146315,126.56793230000001
5905841121,45.714488800000005,126.56809860000001
5905870237,45.7621513,126.60728610000001
5905870238,45.7593928,126.60239770000001
5905870242,45.758924300000004,126.59506750000001
5905870243,45.755894700000006,126.59761710000001
5905870245,45.758634400000005,126.5959739
5905870246,45.75856,126.59532460000001
5905870247,45.7560262,126.5981653
5905870248,45.7625905,126.5925007
5905870251,45.7614977,126.5919911
5905870252,45.761368100000006,126.5943835
5905870253,45.7615749,126.5906633
5905870254,45.7634023,126.59244140000001
5905870255,45.762863700000004,126.5919106
5905870257,45.759857700000005,126.5904502
5905870265,45.758663500000004,126.59276600000001
5905870266,45.7586822,126.59136860000001
5905870267,45.759528800000005,126.59146750000001
5905870268,45.759571400000006,126.5908414
5905870270,45.758612400000004,126.59227910000001
5905870271,45.758642200000004,126.59157
5905870277,45.7597947,126.5918812
5905870278,45.7582102,126.59310900000001
5905870279,45.7598422,126.5909852
5905870280,45.7595631,126.59096330000001
5905870281,45.761240900000004,126.58917770000001
5905870282,45.7607038,126.59054800000001
5905870283,45.762553600000004,126.59023640000001
5905870284,45.762180300000004,126.5911509
5905871185,45.762706300000005,126.5926129
5905871186,45.761523800000006,126.59450910000001
5905871187,45.7647111,126.60113150000001
5905871189,45.7646163,126.60105300000001
5905871190,45.764262900000006,126.5991252
5905871191,45.762894700000004,126.5996022
5905871192,45.763248000000004,126.60156680000001
5905871193,45.7614018,126.6022827
5905871194,45.7609797,126.6000719
5905871195,45.7600527,126.5998864
5905871196,45.7593363,126.60223560000001
5905871197,45.7589139,126.60206050000001
5905871200,45.758038400000004,126.60033720000001
5905871201,45.7576699,126.59991690000001
5905871202,45.758805300000006,126.59911220000001
5905871203,45.7596598,126.59774780000001
5905871211,45.7646358,126.5920322
5907622003,45.756570700000005,126.59981090000001
5907622010,45.7543444,126.60068670000001
5907622011,45.7569061,126.60134420000001
5907622012,45.7581677,126.60205640000001
5907622013,45.7593018,126.60269810000001
5907622014,45.7653745,126.60845970000001
5913128278,45.732888100000004,126.67654440000001
5913128279,45.728156600000005,126.67051090000001
5913128280,45.7275854,126.66780770000001
5913128283,45.7304587,126.68052340000001
5913128284,45.7299044,126.67778750000001
5913132385,45.7333031,126.6747964
5913132386,45.732509500000006,126.6751435
5913132387,45.733459700000004,126.6755519
5913132388,45.732670000000006,126.6758817
5913132389,45.731896600000006,126.67620760000001
5913132390,45.7267328,126.6681544
5913132393,45.727494300000004,126.68457470000001
5913132394,45.7283848,126.6847319
5913132396,45.7278533,126.6820016
5913132399,45.7271714,126.67892780000001
5913132400,45.734028,126.6782929
5913132401,45.7211098,126.67847870000001
5913132402,45.7202714,126.6785212
5913132405,45.719620000000006,126.68425130000001
5913132406,45.720398,126.67414690000001
5913132407,45.720041800000004,126.67431160000001
5913132411,45.720328900000005,126.67372650000001
5913132412,45.721971,126.67597110000001
5913132413,45.7207652,126.6763813
5913132417,45.724853,126.6734797
5913132419,45.721971,126.6745961
5913132420,45.722807100000004,126.6696809
5913132421,45.7233534,126.6724908
5913132422,45.723573900000005,126.675499
5913132423,45.7232883,126.67408870000001
5913132424,45.723002,126.67261660000001
5913132425,45.7235755,126.6780796
5913132427,45.7222674,126.6783381
5913132429,45.7233013,126.67933380000001
5913132430,45.722515200000004,126.67951180000001
5913132431,45.7235151,126.6804309
5913132441,45.719599900000006,126.68442660000001
5913132447,45.7195574,126.68648990000001
5913132448,45.7190681,126.69043060000001
5913132449,45.721403,126.6910498
5913132463,45.7541643,126.6566533
5913132464,45.7528896,126.65886950000001
5913132465,45.752751100000005,126.66136290000001
5913132466,45.752921300000004,126.6582992
5913132468,45.7541468,126.65762020000001
5913132469,45.751358100000004,126.65037570000001
5913132471,45.7494803,126.65270310000001
5913132472,45.7484352,126.65399830000001
5913132473,45.7474257,126.65524950000001
5913132475,45.750980600000005,126.64451460000001
5913132479,45.749024600000006,126.66417150000001
5913132480,45.749113300000005,126.6615108
5913132489,45.7476916,126.66621690000001
5913132490,45.747790300000005,126.6640617
5913132491,45.7470726,126.6661631
5913132493,45.7565018,126.66179890000001
5913132494,45.755213600000005,126.6616793
5913132495,45.755197200000005,126.6620683
5913132496,45.756485600000005,126.66219650000001
5913132497,45.7565357,126.6608724
5913132498,45.755257,126.66071230000001
5913132499,45.760694300000004,126.6596537
5913132501,45.7602934,126.66048350000001
5913132504,45.760271100000004,126.6621923
5913132505,45.7588255,126.65586920000001
5913132506,45.7600885,126.6536765
5913132511,45.758129100000005,126.6519164
5913132512,45.7582542,126.65686110000001
5913132513,45.758373000000006,126.65699670000001
5913132514,45.7578782,126.65786120000001
5913132516,45.7614462,126.66392780000001
5913132518,45.760234700000005,126.6625903
5913132519,45.760179300000004,126.6638015
5913132521,45.759929,126.6687895
5913132522,45.7627753,126.66665060000001
5913132523,45.7613202,126.66706880000001
5913132524,45.7549155,126.65589680000001
5913132525,45.7543586,126.65688650000001
5913132527,45.7558713,126.65912150000001
5938475747,45.776683500000004,126.612305
5938493712,45.754207300000004,126.6948658
5938493725,45.753768300000004,126.69131580000001
5938493726,45.7544051,126.69334980000001
5938493732,45.753986700000006,126.69190580000001
6004182215,45.7597661,126.6903843
6004182218,45.759185300000006,126.6915579
6004182220,45.760107700000006,126.6893179
6004182221,45.7593775,126.6895102
6004182222,45.759566400000004,126.69103980000001
6004182223,45.7585798,126.6896715
6004182224,45.7590882,126.69017690000001
6004182230,45.759519700000006,126.69066140000001
6004182231,45.756978000000004,126.6901236
6004182233,45.7584667,126.68881180000001
6004182236,45.7584371,126.6885893
6004182238,45.7599682,126.68819900000001
6004182241,45.7625843,126.6875167
6004182245,45.7652942,126.68684130000001
6004182246,45.765485000000005,126.6868019
6004182250,45.767542500000005,126.68626830000001
6004182257,45.7732327,126.68485020000001
6004182260,45.7757914,126.6839226
6004188000,45.757743100000006,126.68899850000001
6004188001,45.7578516,126.68987700000001
6004188002,45.758672000000004,126.69037220000001
6004188005,45.7576106,126.69095200000001
6004188007,45.7570769,126.69091660000001
6004188010,45.7573985,126.6908236
6004188011,45.757805700000006,126.6908932
6004188012,45.7580272,126.69267620000001
6004188013,45.760599400000004,126.6933429
6004188018,45.7591483,126.6944306
6004188019,45.7597511,126.69246170000001
6004188020,45.7599746,126.69422
6004188025,45.7580364,126.69278070000001
6004209429,45.7578691,126.69727300000001
6004209430,45.7590243,126.69609270000001
6004209434,45.758037,126.69636820000001
6004209435,45.7585798,126.69580830000001
6004209436,45.7586893,126.6967371
6004209437,45.758593100000006,126.696763
6004209438,45.7586199,126.69707500000001
6004209439,45.759198000000005,126.69692260000001
6004209444,45.7602678,126.69644640000001
6004209445,45.760137,126.6954012
6004209446,45.7598849,126.69654940000001
6004209447,45.7600506,126.6977832
6014117467,45.762120800000005,126.63002440000001
6014117469,45.7603194,126.6285318
6043970554,45.7133644,126.6095961
6043970555,45.713885600000005,126.60837760000001
6043970556,45.7132498,126.60852070000001
6043970557,45.7146027,126.60935370000001
6043970559,45.714896700000004,126.61035520000001
6043970560,45.7152897,126.6133382
6043971630,45.7137334,126.61312240000001
6043971631,45.713999400000006,126.61305800000001
6043971638,45.713445,126.61318680000001
6043971639,45.715127800000005,126.6128137
6043971640,45.715204,126.61305960000001
6043971641,45.7140263,126.6133324
6043971642,45.7140525,126.61359920000001
6043971655,45.7139558,126.60949140000001
6043971656,45.7140659,126.61060920000001
6043971659,45.711967,126.6100614
6043971662,45.7112052,126.6102975
6043971677,45.7124606,126.60867630000001
6043971736,45.7137819,126.6072874
6043971737,45.713134800000006,126.6074406
6043971848,45.7129096,126.613067
6043971849,45.7118717,126.6132584
6043971851,45.7123439,126.61538270000001
6043971853,45.7138453,126.6152802
6043971854,45.7138664,126.6157426
6043971856,45.712384500000006,126.61316380000001
6068385118,45.7028845,126.72860610000001
6068385121,45.702598300000005,126.7289192
6263417366,45.7401093,126.71995310000001
6263417367,45.740107200000004,126.72065210000001
6263418164,45.741239,126.7210589
6263418166,45.7412484,126.7189424
6263418172,45.738175500000004,126.72295360000001
6263418180,45.7375862,126.7232096
6275997498,45.7491148,126.7213835
6276137351,45.7294811,126.6779642
6276137352,45.730022700000006,126.6806444
6276137353,45.729705300000006,126.67907810000001
6276137354,45.729068600000005,126.67936490000001
6276137355,45.7293187,126.67925220000001
6276137356,45.7291898,126.67864920000001
6276137357,45.7297689,126.67939430000001
6276137358,45.730141200000006,126.67922770000001
6276137359,45.729947300000006,126.68028140000001
6276137361,45.729375000000005,126.67949360000001
6276137396,45.7300297,126.6807682
6276137398,45.730223,126.68144170000001
6276137406,45.7299992,126.68167190000001
6276137407,45.729837100000005,126.6817412
6276137408,45.730104600000004,126.68114680000001
6283123996,45.7352465,126.71990530000001
6283124007,45.7381193,126.72305220000001
6283124048,45.7425955,126.721095
6283124054,45.7373458,126.7227088
6283124056,45.737342600000005,126.72338780000001
6283124057,45.736195,126.72337660000001
6283124058,45.7373403,126.7240574
6283124059,45.736215800000004,126.72406280000001
6283124139,45.740140600000004,126.7246614
6283124140,45.7401354,126.72683090000001
6283124141,45.7401332,126.72567160000001
6283124142,45.738873500000004,126.72566160000001
6283124143,45.7395306,126.72567160000001
6283124144,45.7395245,126.72683310000001
6283124145,45.7398656,126.7248703
6283124146,45.7398601,126.72567660000001
6283124147,45.7398582,126.7265306
6283124173,45.739526100000006,126.72652760000001
6283854243,45.7516982,126.6753103
6283854244,45.750536000000004,126.67553400000001
6283854245,45.7512703,126.67423350000001
6283854247,45.7508514,126.67547330000001
6283854248,45.751346600000005,126.6753779
6284123649,45.744299600000005,126.7189412
6284123650,45.744299600000005,126.718378
6284123659,45.744048400000004,126.7182221
6284123674,45.7448173,126.7211058
6284123676,45.745496800000005,126.71956580000001
6284123677,45.7448677,126.7195698
6284123678,45.7448142,126.7189369
6284123683,45.7454905,126.720521
6284123684,45.7448667,126.72051560000001
6284124125,45.744087300000004,126.716987
6284124127,45.744299600000005,126.7184749
6284124128,45.7441077,126.7182212
6284147168,45.744812100000004,126.719114
6284147169,45.7448108,126.71931980000001
6284147170,45.744817700000006,126.72093430000001
6284147171,45.7448166,126.72066520000001
6284506251,45.7401356,126.72616590000001
6284506252,45.7406601,126.72616830000001
6284506254,45.7406737,126.72464930000001
6284506565,45.7352435,126.72129050000001
6285286485,45.742018,126.7195446
6285286489,45.7420136,126.7205021
6285286498,45.7432713,126.72109820000001
6285286499,45.7432521,126.72204500000001
6312423904,45.7770943,126.54722450000001
6312423906,45.7766631,126.54647030000001
6312424546,45.769988000000005,126.5620803
6312424549,45.7750995,126.56836190000001
6312424552,45.775440200000006,126.5717573
6312424562,45.7752035,126.5715098
6312424563,45.7759161,126.5705607
6312424573,45.7776537,126.57359520000001
6312424574,45.777528000000004,126.573773
6312424585,45.777599900000006,126.57356290000001
6312424592,45.779605600000004,126.57568210000001
6312424593,45.777982900000005,126.57316990000001
6312424617,45.7864729,126.5691379
6312424618,45.786787100000005,126.5687678
6312424619,45.786730500000004,126.569641
6312424620,45.7870677,126.56929350000001
6312424621,45.7875268,126.57119610000001
6312424622,45.7877634,126.57096190000001
6312424845,45.786368100000004,126.5596108
6312424853,45.7864243,126.55986290000001
6312424854,45.786257500000005,126.55979590000001
6312425063,45.7891624,126.5560461
6312425064,45.7892541,126.55593340000001
6312425072,45.7890406,126.55321140000001
6312425075,45.7882011,126.55179480000001
6312425077,45.7873354,126.5509126
6312425084,45.7898507,126.551135
6312425085,45.7889385,126.5516803
6312425109,45.7834993,126.55192210000001
6312425114,45.7823672,126.56408400000001
6312425123,45.7763502,126.57054260000001
6312425124,45.7750544,126.56844280000001
6312425141,45.774444300000006,126.56746580000001
6312425142,45.7762376,126.57036500000001
6312425163,45.775272300000005,126.56797250000001
6312425166,45.7760994,126.5789905
6312425176,45.777300200000006,126.57855110000001
6312425177,45.7780094,126.5779787
6312425183,45.7775714,126.5791399
6312425184,45.7777643,126.57959640000001
6312425206,45.782845900000005,126.5790458
6312425207,45.7829142,126.57854460000001
6312425220,45.7838702,126.5801059
6312425221,45.783473,126.5799223
6312425223,45.7827622,126.57760490000001
6312425237,45.780630900000006,126.57775090000001
6312425258,45.7818869,126.58062640000001
6312425268,45.7791677,126.5807204
6312425413,45.780011800000004,126.58092880000001
6312425418,45.780288600000006,126.5799676
6312425436,45.778165400000006,126.58056110000001
6312425439,45.7780392,126.58096210000001
6312425450,45.7787912,126.581417
6312425451,45.778651800000006,126.5811338
6312425452,45.7786369,126.5815907
6312425453,45.7785292,126.58129530000001
6312425454,45.7782057,126.58062330000001
6312425488,45.779602000000004,126.58683490000001
6312425489,45.7797392,126.5864906
6312425491,45.7775388,126.583453
6312425530,45.7770784,126.5795571
6312425531,45.7766366,126.57956320000001
6312425545,45.776113900000006,126.57994910000001
6312425565,45.777107,126.58239710000001
6312425566,45.7770212,126.58218500000001
6312425596,45.7765713,126.5817011
6312425597,45.7766772,126.58160380000001
6312425598,45.7761981,126.58089760000001
6312425599,45.776299800000004,126.58081510000001
6312425600,45.7754679,126.5798175
6312425608,45.77619,126.5834691
6312425687,45.7691138,126.5753837
6312425698,45.7670717,126.5738266
6312425713,45.787189600000005,126.5773692
6312425715,45.789270800000004,126.57685190000001
6312425738,45.782914600000005,126.58292750000001
6312425758,45.7852003,126.5874758
6312425785,45.7844222,126.58467560000001
6312425792,45.783725800000006,126.58141660000001
6312425793,45.783081300000006,126.58296560000001
6312425799,45.7839071,126.58341890000001
6312425802,45.782909700000005,126.58368560000001
6312425863,45.753870500000005,126.59130780000001
6312425864,45.752531700000006,126.58749510000001
6312425865,45.749542600000005,126.5902899
6312425867,45.7495782,126.58983500000001
6312425873,45.752591200000005,126.5876745
6312425874,45.7526839,126.5875986
6312425985,45.7559393,126.5798603
6312425988,45.755977300000005,126.57996100000001
6312425990,45.755354800000006,126.58044740000001
6312425992,45.7541169,126.5772967
6312426001,45.7544045,126.59250680000001
6312426003,45.7520176,126.5911114
6312426004,45.752445200000004,126.59233660000001
6312426009,45.7505794,126.58914550000001
6312426010,45.7497065,126.58326760000001
6312426013,45.7504604,126.58898950000001
6312426024,45.745525300000004,126.58738600000001
6312426025,45.747965900000004,126.5894432
6312426028,45.744560400000005,126.5861158
6312426029,45.7475852,126.5836452
6312426030,45.7460515,126.5873569
6312426031,45.746917200000006,126.58557950000001
6312426032,45.746817400000005,126.5855039
6312426034,45.746539000000006,126.5852863
6312426036,45.7465453,126.5850661
6312426039,45.744998200000005,126.5834705
6312426044,45.7454868,126.58432230000001
6312426055,45.7464324,126.58536780000001
6312426059,45.7453541,126.58414690000001
6312426060,45.744632200000005,126.58505640000001
6312426064,45.7468512,126.57709910000001
6312426065,45.747278300000005,126.58098340000001
6312426069,45.7521676,126.5825166
6312426072,45.7525684,126.58358570000001
6312426074,45.752575400000005,126.58723080000001
6312426075,45.7520236,126.5857914
6312426082,45.7506092,126.5786556
6312426227,45.746484200000005,126.5740971
6312426230,45.745879900000006,126.56922340000001
6312426231,45.7456705,126.56749250000001
6312426232,45.745633500000004,126.56720390000001
6312426235,45.7466713,126.57554700000001
6312426236,45.7467904,126.5749026
6312426237,45.746458200000006,126.57210400000001
6312426238,45.746697000000005,126.57176190000001
6312426246,45.747243100000006,126.57127860000001
6312426248,45.7469357,126.5712187
6312426254,45.746822200000004,126.5751814
6312426255,45.7473115,126.57504990000001
6312426256,45.7472792,126.57480000000001
6312426258,45.7467721,126.57550260000001
6312426259,45.7246357,126.58052040000001
6312426260,45.724362000000006,126.58039210000001
6312676349,45.748817800000005,126.57552790000001
6312676353,45.748515700000006,126.57299950000001
6312676358,45.7484947,126.57217750000001
6312676405,45.7435149,126.5677694
6312676408,45.7438194,126.5679793
6312676411,45.744474600000004,126.567824
6312676414,45.744972000000004,126.56768740000001
6312676462,45.7462506,126.5536112
6312676463,45.7463259,126.55413920000001
6312676464,45.7463874,126.5545103
6312676475,45.747723400000005,126.56011720000001
6312676481,45.7467034,126.5652962
6312676482,45.747414600000006,126.5653238
6312676483,45.747756700000004,126.56533400000001
6312676518,45.7461679,126.55495680000001
6312676520,45.747332400000005,126.56482070000001
6312676524,45.74725,126.56326510000001
6312676527,45.746571700000004,126.56322080000001
6312676530,45.7463611,126.5610762
6312676533,45.7466024,126.5622271
6312676536,45.7462777,126.5623214
6312676538,45.7457239,126.56246110000001
6312676541,45.745634200000005,126.5610534
6312676544,45.7449961,126.55741590000001
6312676548,45.7457976,126.5550202
6312676551,45.745988000000004,126.55609510000001
6312676556,45.7459441,126.5576297
6312676563,45.746308400000004,126.56029000000001
6312676575,45.746315900000006,126.5540691
6312676576,45.746835000000004,126.55390650000001
6312676577,45.7457733,126.55274080000001
6312676580,45.747981900000006,126.5545584
6312676581,45.7476294,126.55464860000001
6312676584,45.747726,126.55462340000001
6312676585,45.7443948,126.55489390000001
6312676638,45.7556072,126.5795269
6312676642,45.7463788,126.57073550000001
6312676647,45.7465686,126.57194580000001
6312676654,45.700144900000005,126.5648177
6312676655,45.699854900000005,126.56454860000001
6312676656,45.699392800000005,126.56456370000001
6312676660,45.6988702,126.5647802
6312676661,45.699128900000005,126.56433550000001
6312676663,45.6972077,126.5596909
6312676689,45.7131978,126.5708453
6312676690,45.712663600000006,126.57168720000001
6312676691,45.7123038,126.571308
6312676693,45.7088412,126.5694124
6312676694,45.7090742,126.56890840000001
6312676695,45.708964900000005,126.5695433
6312676710,45.7050372,126.56513600000001
6312676711,45.705123400000005,126.56524110000001
6312676722,45.709509000000004,126.56826930000001
6312676743,45.714685,126.55524570000001
6312676754,45.713427,126.55900630000001
6312676755,45.7126679,126.5597958
6312676759,45.7144696,126.54588690000001
6312676761,45.7149881,126.5500363
6312676798,45.717392200000006,126.5403737
6312676799,45.714657300000006,126.53962600000001
6312676806,45.7175121,126.54055950000001
6312676807,45.717518000000005,126.54039660000001
6312676811,45.7181468,126.53506100000001
6312676813,45.715856300000006,126.5342389
6312676816,45.7156929,126.53417560000001
6312676819,45.7156589,126.5343052
6312676822,45.7153118,126.53958800000001
6312676860,45.7208011,126.53563510000001
6312676989,45.723195600000004,126.53577390000001
6312676990,45.7234649,126.5357204
6312677026,45.726041200000004,126.53463310000001
6312677028,45.7288123,126.5329399
6312677195,45.741838900000005,126.5631412
6312677196,45.7416191,126.5614936
6312677197,45.7424927,126.56804220000001
6312677198,45.74222,126.56599870000001
6312677199,45.744454100000006,126.5653826
6312677200,45.744065500000005,126.56250050000001
6312677202,45.7424466,126.56769750000001
6312677212,45.744964700000004,126.5622419
6312677215,45.743938500000006,126.55462920000001
6312677216,45.7437266,126.55305720000001
6312677217,45.7423489,126.5428366
6312677218,45.7411686,126.5344962
6312677223,45.7448023,126.56103700000001
6312677224,45.743996700000004,126.5613275
6312677226,45.742210400000005,126.56811760000001
6312677228,45.742068700000004,126.5675822
6312677229,45.742132500000004,126.56813840000001
6312677230,45.7423091,126.56809120000001
6312677231,45.741503200000004,126.56187030000001
6312677242,45.740174700000004,126.571329
6312677247,45.7400254,126.57031420000001
6312677250,45.7398779,126.56999700000001
6312677252,45.738956300000005,126.569276
6312677278,45.7346566,126.5738785
6312677279,45.735092,126.57458330000001
6312677281,45.7374926,126.57837690000001
6312677282,45.734806500000005,126.57372050000001
6312677283,45.735210800000004,126.57438080000001
6312677284,45.7353861,126.57467240000001
6312677287,45.7376561,126.57818460000001
6312677288,45.7402704,126.582327
6312677289,45.740171200000006,126.58258190000001
6312677290,45.738502000000004,126.58678040000001
6312677291,45.7369001,126.58425910000001
6312677292,45.7394273,126.5809626
6312677293,45.7396941,126.5838008
6312677294,45.7385845,126.5820812
6312677295,45.736794200000006,126.57930680000001
6312677296,45.7362045,126.5800784
6312677297,45.737962100000004,126.582886
6312677298,45.7392503,126.5849438
6312677299,45.738732500000005,126.58411650000001
6312677300,45.737695300000006,126.5855092
6312677301,45.739971600000004,126.5855453
6312677303,45.738556100000004,126.57958520000001
6312677304,45.738393800000004,126.5798094
6312677305,45.737696400000004,126.5807051
6312677306,45.73709,126.5814928
6312677307,45.7360224,126.58287960000001
6312677308,45.735654800000006,126.5807977
6312677309,45.736540500000004,126.5822066
6312677310,45.7374135,126.58359530000001
6312677311,45.738195000000005,126.5848383
6312677313,45.7378948,126.588047
6312677314,45.735929000000006,126.5849012
6312677315,45.7364015,126.5856579
6312677317,45.734472800000006,126.58457310000001
6312677318,45.735901000000005,126.58306920000001
6312677319,45.7349589,126.58645190000001
6312677321,45.7338454,126.58337890000001
6312677326,45.7282291,126.5880211
6312677327,45.730470100000005,126.58727160000001
6312677328,45.7297189,126.5860875
6312677331,45.7341582,126.58034800000001
6312677332,45.7337051,126.5831215
6312677333,45.732948,126.5819338
6312677334,45.7316603,126.57985910000001
6312677335,45.726317200000004,126.59273610000001
6312677336,45.7260787,126.59254720000001
6312677338,45.7265433,126.5929397
6312677370,45.721934100000006,126.6034534
6312677371,45.7218491,126.60373260000001
6312677372,45.721199500000004,126.60565570000001
6312677376,45.7214162,126.60137060000001
6312677377,45.7236898,126.59821000000001
6312677378,45.7230471,126.59788470000001
6312677391,45.721823300000004,126.596269
6312786540,45.704772600000005,126.56990520000001
6312786555,45.708308800000005,126.5706442
6312786558,45.7081244,126.5710708
6312786562,45.7080484,126.5719748
6312786563,45.7089068,126.56948430000001
6312786564,45.7094411,126.568431
6312786566,45.7068431,126.57089560000001
6312786567,45.7074219,126.5716357
6312786569,45.7090424,126.57330250000001
6312786570,45.7079326,126.57205610000001
6312786574,45.7079766,126.57162860000001
6312786584,45.7205692,126.5853325
6312786686,45.717930900000006,126.58722610000001
6312786695,45.717849300000005,126.5870402
6312786700,45.7203382,126.58516540000001
6312786701,45.7204746,126.58501640000001
6312786711,45.7170895,126.58726460000001
6312786712,45.717164100000005,126.58747020000001
6312786716,45.7087006,126.5777178
6312786717,45.7082944,126.57735950000001
6312786718,45.706571600000004,126.5803556
6312786757,45.715330900000005,126.59775110000001
6312786811,45.7144488,126.59684800000001
6312786812,45.715133,126.59596560000001
6312786815,45.7120176,126.5959327
6312786839,45.7141941,126.597481
6312786842,45.714378,126.59614010000001
6312786848,45.7129792,126.606121
6312786857,45.7149325,126.60534100000001
6312786858,45.714755100000005,126.6036059
6312786859,45.713878900000005,126.6055721
6312786861,45.714800100000005,126.6040466
6312786912,45.7118526,126.59571810000001
6312786927,45.701184100000006,126.5948309
6312786931,45.700881700000004,126.5929545
6312786932,45.7008542,126.5927721
6312786933,45.6939823,126.5942478
6312786946,45.701260000000005,126.59552610000001
6312786947,45.7013383,126.59630770000001
6312786948,45.7011711,126.5955289
6312786949,45.7012574,126.5963495
6312786950,45.700741900000004,126.5945923
6312786951,45.6999982,126.5946954
6312786952,45.700048800000005,126.59522000000001
6312786953,45.700161200000004,126.5958154
6312786976,45.699427500000006,126.5958738
6312786979,45.7008549,126.59704860000001
6312786981,45.6990229,126.5944951
6312786982,45.6988617,126.5945219
6312786987,45.6968235,126.59494570000001
6312786988,45.6966699,126.59531050000001
6312786989,45.696486300000004,126.59570210000001
6312786990,45.6957314,126.59574730000001
6312786995,45.697228200000005,126.59635660000001
6312787009,45.6950438,126.59669450000001
6312787010,45.695114600000004,126.59634270000001
6312787013,45.6968156,126.59983380000001
6312787015,45.6951047,126.59649730000001
6312787018,45.696512600000005,126.5968861
6312787019,45.694255500000004,126.5968495
6312787020,45.696722400000006,126.5989277
6312787022,45.6959692,126.59815900000001
6312787024,45.695717800000004,126.59707700000001
6312787025,45.6964899,126.5999065
6312787026,45.6963773,126.59901490000001
6312787044,45.7013345,126.596997
6312787116,45.7128025,126.5865224
6312787120,45.7128023,126.58736180000001
6312787142,45.7138123,126.58709630000001
6312787149,45.7141091,126.578297
6312787150,45.712568700000006,126.58028100000001
6312787153,45.7087075,126.58561730000001
6312787156,45.707706300000005,126.58764670000001
6312787160,45.708012000000004,126.5873487
6312787161,45.708822700000006,126.58575350000001
6312787164,45.712662,126.58041790000001
6312787165,45.7142477,126.5784421
6312787175,45.710928700000004,126.5782578
6312787176,45.711316100000005,126.57784640000001
6312787177,45.712020300000006,126.5770954
6312787178,45.7117431,126.57739040000001
6312787191,45.7321309,126.60658670000001
6312787193,45.7328138,126.60508100000001
6312787197,45.732102000000005,126.60628360000001
6312787222,45.740985800000004,126.60633980000001
6312787228,45.7345714,126.6006988
6312787232,45.736417800000005,126.5960747
6312787239,45.741654100000005,126.60515290000001
6312787240,45.741013300000006,126.60457500000001
6312787372,45.702636500000004,126.57161730000001
6312787419,45.6919119,126.5626977
6313051162,45.694225800000005,126.5652381
6313051163,45.6872235,126.5679712
6313053010,45.6944546,126.5719253
6313053020,45.6920769,126.5682728
6313053055,45.6933724,126.59080220000001
6313053056,45.6933462,126.59050300000001
6313053192,45.6894592,126.60076240000001
6313053194,45.687866400000004,126.6046974
6313053219,45.6800602,126.60819140000001
6313053247,45.683185400000006,126.5706653
6313053248,45.6821089,126.57133300000001
6313053261,45.676756700000006,126.57015940000001
6313053267,45.6756283,126.57468560000001
6313053270,45.676038500000004,126.5728615
6313053365,45.679357,126.5808628
6313053366,45.6788098,126.58078520000001
6313053367,45.6783124,126.58688350000001
6313053503,45.676844,126.59821520000001
6313053510,45.675861000000005,126.6190042
6313053518,45.6796548,126.6237533
6313053523,45.6797692,126.62321050000001
6313053524,45.680033900000005,126.62360480000001
6313053532,45.6828871,126.61912160000001
6313053534,45.683253,126.62240320000001
6313053535,45.6832812,126.62271740000001
6313053536,45.676474600000006,126.6249738
6313053542,45.6757575,126.61923370000001
6313053543,45.6731306,126.61979670000001
6313053559,45.6715577,126.63871130000001
6313053564,45.6782065,126.64134410000001
6313053565,45.6781712,126.64183500000001
6313053576,45.6795709,126.65232340000001
6313053577,45.6796421,126.6523047
6313053581,45.6867006,126.65070920000001
6313053584,45.693196900000004,126.65058
6313053722,45.694273200000005,126.64682690000001
6313053723,45.700711500000004,126.64550630000001
6313053724,45.705435400000006,126.6444634
6313053725,45.707964800000006,126.64391160000001
6313053726,45.7097623,126.6387334
6313053738,45.704682600000005,126.63612830000001
6313053750,45.708478400000004,126.64220410000001
6313054009,45.7065051,126.6566904
6313054010,45.7066366,126.65636930000001
6313054040,45.7223636,126.66745610000001
6313054050,45.7178619,126.6642499
6313054051,45.7172161,126.6635868
6313054084,45.721581300000004,126.66667050000001
6313054185,45.7223203,126.66432970000001
6313054187,45.710492200000004,126.66465550000001
6313054258,45.7019181,126.67160430000001
6313054259,45.7049934,126.67425100000001
6313054260,45.7022184,126.6773253
6313054261,45.6981844,126.67383910000001
6313054272,45.7061775,126.67138100000001
6313054274,45.7062174,126.6675926
6313054275,45.7091757,126.66850840000001
6313054277,45.707669900000006,126.66769540000001
6313054279,45.704781600000004,126.6675852
6313054280,45.701506200000004,126.6651884
6313054281,45.704170700000006,126.6692864
6313054282,45.7006512,126.66762720000001
6313054284,45.701843100000005,126.66190630000001
6313054385,45.702053,126.6602534
6313054386,45.706449400000004,126.6651884
6313054387,45.7072171,126.6651647
6313054389,45.7078581,126.66161620000001
6313054390,45.7073386,126.6631796
6313054392,45.706454900000004,126.6675926
6313054397,45.703199100000006,126.67976200000001
6313054400,45.703149800000006,126.67969900000001
6313054404,45.7018472,126.68091500000001
6313054405,45.7020187,126.6804314
6313054414,45.7029397,126.68043650000001
6313054417,45.705558700000005,126.68125400000001
6313054418,45.705918200000006,126.6813968
6313054419,45.7063549,126.68159490000001
6313054435,45.7037021,126.68549850000001
6313054438,45.7028921,126.69033460000001
6313054446,45.7018161,126.68084990000001
6313054461,45.6947119,126.6919706
6313054772,45.6868375,126.7094679
6313054776,45.6876498,126.7041367
6313054777,45.688808900000005,126.7065905
6313054781,45.6853372,126.69933010000001
6313054784,45.6852621,126.69941700000001
6313054796,45.6864769,126.6980968
6313054802,45.683799300000004,126.70104570000001
6313054807,45.695994600000006,126.68747400000001
6313054813,45.695189400000004,126.6926612
6313054830,45.6906237,126.69306440000001
6313054831,45.690759,126.6933285
6313054874,45.705478600000006,126.69142660000001
6313054887,45.704445500000006,126.69107480000001
6313054890,45.705348900000004,126.68605050000001
6313054891,45.7062808,126.6863613
6313054918,45.7075285,126.69685650000001
6313054920,45.707229700000006,126.69364540000001
6313054950,45.7110488,126.6941319
6313054992,45.703041600000006,126.67944220000001
6313055007,45.7016107,126.6834019
6313055059,45.6972778,126.68558840000001
6313055189,45.6958396,126.6872022
6313055192,45.6861022,126.6852077
6313055193,45.686081400000006,126.68671810000001
6313055198,45.685994400000006,126.6851326
6313055199,45.685641100000005,126.68442510000001
6313055217,45.6870303,126.68277300000001
6313055231,45.6836822,126.67880600000001
6313055235,45.6841069,126.682747
6313055241,45.6837159,126.67478310000001
6313055246,45.6835174,126.69056920000001
6313055247,45.686064300000005,126.69144010000001
6313055248,45.6881021,126.69209610000001
6313055249,45.6885777,126.6892248
6313055263,45.6742593,126.6937913
6313055281,45.6773529,126.6802198
6313055282,45.6726401,126.68940690000001
6313055283,45.6715053,126.69023750000001
6313055292,45.6717407,126.6816117
6313055295,45.671266,126.6817199
6313055299,45.673665400000004,126.69306920000001
6313055300,45.6740738,126.6928106
6313055305,45.6724,126.6895788
6313055318,45.670149900000006,126.6887133
6313055319,45.6711441,126.6884024
6313055321,45.672131,126.6934159
6313055323,45.6700291,126.69433850000001
6313055328,45.665743500000005,126.69506890000001
6313055335,45.6679881,126.69293090000001
6313055336,45.6717413,126.6914361
6313055337,45.6711722,126.6938365
6313055338,45.6707705,126.69182280000001
6313055339,45.6700019,126.6879715
6313055342,45.669901100000004,126.6899468
6313055344,45.668902200000005,126.6857085
6313055347,45.6655907,126.694635
6313055349,45.666035,126.69149920000001
6313055350,45.670819800000004,126.6867553
6313055351,45.669259600000004,126.68745700000001
6313055352,45.6655498,126.68912540000001
6313055353,45.666609400000006,126.694309
6313055354,45.666896400000006,126.69571320000001
6313055355,45.6652799,126.6918023
6313055356,45.6696163,126.6922825
6313055357,45.6692012,126.6902149
6313055358,45.668697300000005,126.6877099
6313055359,45.6703782,126.69607590000001
6313055364,45.6672487,126.69743670000001
6313055365,45.67152,126.6955793
6313055366,45.6724751,126.695164
6313055369,45.675484700000005,126.7130154
6313055375,45.670299,126.69201050000001
6313055376,45.6706919,126.6940474
6313055382,45.6719177,126.7182272
6313055384,45.6701038,126.71417960000001
6313055386,45.6603803,126.6841495
6313055393,45.6712027,126.71663070000001
6313055394,45.668032000000004,126.71800640000001
6313055395,45.6683182,126.71940230000001
6313055407,45.665248600000005,126.7192354
6313055409,45.658005900000006,126.72212580000001
6313055425,45.6579582,126.725828
6313055461,45.6716847,126.7177056
6313055463,45.6705928,126.7169022
6313055466,45.6710846,126.7183952
6313055480,45.657613500000004,126.72516040000001
6313055482,45.657412,126.7245762
6313055492,45.6556781,126.7224824
6313055525,45.655084200000005,126.7196375
6313055526,45.654490300000006,126.71979680000001
6313175065,45.693505200000004,126.67928440000001
6313175921,45.687406300000006,126.6341333
6313175922,45.689816500000006,126.6336038
6313175923,45.681141800000006,126.63559380000001
6313175954,45.6761173,126.63409510000001
6313175960,45.676309100000005,126.63466810000001
6313175962,45.677171400000006,126.6337019
6313175963,45.6773943,126.63353670000001
6313175967,45.6808105,126.6323009
6313176088,45.6868981,126.6394389
6313176090,45.6857593,126.63454960000001
6313176096,45.6903583,126.63869450000001
6313176097,45.6894806,126.6303675
6313176098,45.6894258,126.62997510000001
6313176125,45.695687500000005,126.63188140000001
6313176126,45.6934483,126.63239010000001
6313176127,45.69346,126.63249630000001
6313176128,45.695704600000006,126.6319854
6313176129,45.6933665,126.63164270000001
6313176130,45.693999100000006,126.63741950000001
6313176131,45.694405200000006,126.63097570000001
6313176132,45.694537000000004,126.63214280000001
6313176133,45.694549,126.63224840000001
6313176134,45.694943800000004,126.6357428
6313176135,45.693627600000006,126.634027
6313176136,45.694721900000005,126.63377930000001
6313176162,45.69691,126.6320718
6313176170,45.694665300000004,126.641247
6313176198,45.6985341,126.64846530000001
6313176199,45.698767100000005,126.64728380000001
6313176201,45.6988026,126.6459121
6313176205,45.6991019,126.643763
6313176206,45.6958884,126.64433460000001
6313176207,45.7042252,126.64275500000001
6313176215,45.7037397,126.64697210000001
6313176236,45.6943971,126.64803380000001
6313176237,45.6972089,126.64409970000001
6313176238,45.6973805,126.6461993
6313176245,45.6957669,126.64652520000001
6313176246,45.693677900000004,126.6472722
6313176255,45.694133900000004,126.6469364
6313176257,45.6894038,126.64705040000001
6313176312,45.703566800000004,126.6448711
6313176314,45.7008037,126.6467784
6313176317,45.703678000000004,126.64622240000001
6313176329,45.6975594,126.65100210000001
6313176330,45.697571700000005,126.65067810000001
6313176331,45.6962382,126.65558410000001
6313176332,45.696319800000005,126.6529926
6313176335,45.698326800000004,126.6538005
6313176337,45.6997372,126.65364140000001
6313176338,45.6985419,126.6560709
6313176898,45.6980206,126.6737959
6313176949,45.702789700000004,126.66258080000001
6313176950,45.703972,126.65898700000001
6313176968,45.7045383,126.6638267
6313176969,45.705767200000004,126.6601966
6313176976,45.705377600000006,126.67554410000001
6313176977,45.705433500000005,126.675605
6313176978,45.704530600000005,126.6705792
6313176979,45.704287,126.6693412
6313176980,45.705648100000005,126.6748931
6313176981,45.7058461,126.67456790000001
6313176982,45.705505,126.6756569
6313176983,45.7059907,126.67461750000001
6313176984,45.7064382,126.67388450000001
6313177085,45.708239600000006,126.67446550000001
6313177095,45.7063652,126.6858356
6313177097,45.712226900000005,126.687567
6313177099,45.7128628,126.6837387
6313177135,45.7053504,126.69228070000001
6313177137,45.7071078,126.69278530000001
6313177148,45.7070882,126.68163050000001
6313177150,45.708829900000005,126.67234260000001
6313177151,45.709798500000005,126.66820220000001
6313177155,45.7096524,126.66818160000001
6313177158,45.7069623,126.66894520000001
6313177160,45.7077754,126.67103220000001
6313177179,45.7085923,126.65949110000001
6313177188,45.7084095,126.66198720000001
6313177190,45.7105666,126.6635478
6313177191,45.7116616,126.66031960000001
6313177193,45.707785400000006,126.65719700000001
6313177194,45.7138861,126.6537962
6313177196,45.7146161,126.6459944
6313177197,45.7161513,126.64709330000001
6313177198,45.7169283,126.64478140000001
6313177201,45.7154127,126.6437039
6313177219,45.721511400000004,126.64666620000001
6313177226,45.7173704,126.64509790000001
6313177227,45.7161987,126.64426270000001
6313177232,45.7199923,126.64042570000001
6313177233,45.7188202,126.63677740000001
6313177234,45.7180544,126.63902320000001
6313177235,45.7173858,126.64098410000001
6313177236,45.719135800000004,126.6398058
6313177238,45.715663000000006,126.63456280000001
6313177240,45.7197374,126.64259630000001
6313177242,45.722365,126.6444862
6313177243,45.719406400000004,126.64238150000001
6313177244,45.7191923,126.64266740000001
6313177250,45.727056100000006,126.64143630000001
6313177251,45.7249719,126.64001540000001
6313177253,45.7253539,126.63887330000001
6313177254,45.7273859,126.64025350000001
6313177265,45.722168200000006,126.64479910000001
6313177266,45.720473500000004,126.6493791
6313177275,45.7170599,126.6412394
6313177276,45.716771800000004,126.6407307
6313177277,45.716517,126.6403652
6313177279,45.718851900000004,126.64242100000001
6313177280,45.719050300000006,126.6420982
6313177282,45.7232646,126.64511990000001
6313177284,45.7256233,126.64693960000001
6313177385,45.725287200000004,126.64670930000001
6313177398,45.732603000000005,126.64237840000001
6313177430,45.732474,126.62679530000001
6313177431,45.7320867,126.62794090000001
6313177443,45.737169400000006,126.6290522
6313177449,45.7317623,126.628302
6313177450,45.7316116,126.62837510000001
6313177452,45.7287005,126.62629570000001
6313177453,45.7290148,126.62653100000001
6313177454,45.730252400000005,126.62737360000001
6313177460,45.730363600000004,126.62704670000001
6313177461,45.7285115,126.62615860000001
6313177470,45.7327999,126.62662390000001
6313177479,45.7270802,126.62005380000001
6313177480,45.726958200000006,126.62085390000001
6313177483,45.7291838,126.6152562
6313177484,45.7302673,126.61207970000001
6313177585,45.7306467,126.60985520000001
6313177586,45.7309732,126.61008070000001
6313177589,45.729319700000005,126.6136445
6313177594,45.7353079,126.59755220000001
6313177596,45.730810500000004,126.6105486
6313177597,45.731272100000005,126.61029250000001
6313177598,45.7309184,126.6090475
6313177599,45.730416600000005,126.6092414
6313177600,45.730341700000004,126.60965320000001
6313177601,45.730472600000006,126.61035550000001
6313177602,45.7314057,126.60991670000001
6313177603,45.731246000000006,126.60927070000001
6313177604,45.7274116,126.62054590000001
6313177605,45.7276133,126.61946400000001
6313177606,45.719415100000006,126.61075040000001
6313177607,45.7171943,126.61723810000001
6313177608,45.7186591,126.6129324
6313177609,45.714656100000006,126.62458900000001
6313177627,45.709226900000004,126.6257453
6313177628,45.7081675,126.62625030000001
6313177629,45.7092515,126.62600800000001
6313177630,45.708142900000006,126.62601230000001
6313177632,45.7090119,126.62560760000001
6313177633,45.7082003,126.62577780000001
6313177794,45.7180247,126.6081283
6313177795,45.722661800000004,126.62112710000001
6313177796,45.7250524,126.62598050000001
6313177802,45.719386300000004,126.62667490000001
6313177803,45.7196152,126.62640590000001
6313177806,45.723084500000006,126.62456750000001
6313177818,45.7090722,126.6262449
6313263152,45.715331500000005,126.62791340000001
6313263153,45.713951200000004,126.62873090000001
6313263154,45.713800500000005,126.6272045
6313263155,45.7130382,126.6293086
6313263156,45.712819800000005,126.627418
6313263163,45.7141129,126.62937690000001
6313263389,45.711773300000004,126.63802390000001
6313263390,45.711393900000004,126.63860190000001
6313263421,45.714319800000006,126.6387974
6313263422,45.715755900000005,126.634628
6313263471,45.698926300000004,126.60886610000001
6313263474,45.698363,126.60215380000001
6313263485,45.6937064,126.6152454
6313263486,45.6938158,126.61627440000001
6313263487,45.693395800000005,126.612324
6313263488,45.695067400000006,126.610427
6313263489,45.6955541,126.6148253
6313263490,45.6959468,126.6183742
6313263491,45.6954548,126.61392760000001
6313263492,45.693611600000004,126.61435300000001
6313263493,45.695665500000004,126.61583180000001
6313263553,45.6924116,126.62666750000001
6313263554,45.6921929,126.626744
6313263555,45.6923599,126.62648220000001
6313263556,45.6914804,126.6257211
6313263557,45.692221700000005,126.62647930000001
6313263571,45.6923272,126.62645930000001
6313263574,45.691408800000005,126.62525620000001
6313263602,45.693989200000004,126.59662180000001
6313263603,45.694030100000006,126.5970183
6313263604,45.6942146,126.5964668
6313263605,45.694909,126.60471600000001
6313263636,45.6875288,126.60268570000001
6313263690,45.68426,126.61204980000001
6313263691,45.684072400000005,126.61031670000001
6313263733,45.685237300000004,126.61401040000001
6313263734,45.682419700000004,126.6146465
6313263749,45.6832633,126.61262980000001
6313263750,45.6833941,126.61372170000001
6313263785,45.6731046,126.61906270000001
6313263789,45.6734479,126.6149235
6313263790,45.6751535,126.6145163
6313263791,45.673501,126.61534270000001
6313263792,45.674696600000004,126.6146178
6313263793,45.674766700000006,126.61526010000001
6313263837,45.668297200000005,126.61587440000001
6313263838,45.6685199,126.62485160000001
6313263840,45.668452900000005,126.62196270000001
6313263841,45.6676133,126.6221201
6313263842,45.6656196,126.6226295
6313263843,45.667087900000006,126.61615850000001
6313263878,45.661919100000006,126.6057054
6313263879,45.661156600000005,126.60583030000001
6313263902,45.6555845,126.61769980000001
6313263904,45.6562812,126.6182186
6313263930,45.6609272,126.63183930000001
6313263931,45.6621778,126.63750080000001
6313263932,45.6622162,126.6377212
6313263946,45.666155700000004,126.6452737
6313263947,45.66673,126.645137
6313263956,45.6651037,126.64716800000001
6313263959,45.6651801,126.64788700000001
6313263997,45.6677059,126.6527439
6313263999,45.6679528,126.6547321
6313264002,45.6682241,126.6543144
6313264019,45.665084400000005,126.65540650000001
6313264029,45.6640103,126.6515052
6313264110,45.6702074,126.6685164
6313264116,45.669409400000006,126.66340070000001
6313264117,45.668940400000004,126.66352440000001
6313264122,45.666485400000006,126.66518660000001
6313264124,45.6703271,126.6738535
6313264126,45.6708018,126.6778058
6313264127,45.671306,126.67768910000001
6313264130,45.670760400000006,126.67368280000001
6313264141,45.6688351,126.68492450000001
6313264145,45.6702177,126.68056000000001
6313264148,45.6700589,126.68472070000001
6313264149,45.6694558,126.68175000000001
6313264150,45.6696862,126.6847745
6313264155,45.672771700000006,126.67196460000001
6313264166,45.669831200000004,126.66833700000001
6313264167,45.669651900000005,126.66838440000001
6313264170,45.6679557,126.65358040000001
6313264180,45.6674457,126.64590890000001
6313264216,45.657822,126.64953340000001
6313264218,45.656688200000005,126.6544738
6313264219,45.6583161,126.6541131
6313264220,45.6583142,126.6494035
6313264221,45.6577234,126.64882050000001
6313264222,45.6559279,126.6493394
6313264224,45.6568241,126.6556738
6313264225,45.6541039,126.65056580000001
6313264226,45.6544584,126.6483244
6313264227,45.653888900000005,126.6484599
6313264235,45.6527132,126.6576014
6313264242,45.652046600000006,126.65311290000001
6313264265,45.656682700000005,126.6478103
6313264266,45.6568764,126.6490646
6313264267,45.6569852,126.6497688
6313264268,45.6540076,126.652584
6313264269,45.652607,126.6568744
6313264270,45.654715700000004,126.6562681
6313264271,45.654541900000005,126.65500510000001
6313264288,45.652391200000004,126.64807850000001
6313264289,45.652565800000005,126.6491218
6313264300,45.650291900000006,126.6486976
6313264301,45.6504191,126.64960180000001
6313515409,45.784624300000004,126.5786755
6313515418,45.783838200000005,126.5816549
6313515435,45.7846896,126.5784615
6313515441,45.784991500000004,126.5825063
6313515442,45.7845421,126.58302610000001
6313518450,45.786402100000004,126.559567
6313518451,45.7863363,126.55929850000001
6313518838,45.754115000000006,126.54286040000001
6313518839,45.754209700000004,126.54132080000001
6313518848,45.755519400000004,126.5432799
6313518864,45.7554291,126.5458224
6313518873,45.752494600000006,126.5423999
6313518874,45.7536774,126.54126260000001
6313518880,45.747267400000005,126.5483167
6313518889,45.750534200000004,126.5447572
6313518895,45.7544484,126.5492404
6313518967,45.7563401,126.50092210000001
6313518976,45.76268,126.50484890000001
6313518989,45.7629083,126.5061471
6313518997,45.762133600000006,126.5094677
6313519003,45.764787000000005,126.50469330000001
6313519008,45.7661791,126.50441970000001
6313519016,45.7646206,126.50501460000001
6313519093,45.7641062,126.50618600000001
6313519119,45.7586619,126.53133150000001
6313519138,45.755172300000005,126.54143420000001
6313519143,45.754775800000004,126.54139260000001
6313519145,45.7550675,126.5428665
6313519146,45.7549702,126.5399268
6313519239,45.753627400000006,126.54108910000001
6313519252,45.747506,126.5384892
6313519256,45.749152200000005,126.54639890000001
6313519348,45.740140700000005,126.5192648
6313519355,45.743635100000006,126.5220077
6313519356,45.7398785,126.5230339
6313519357,45.7334815,126.52476820000001
6313519358,45.7297772,126.5258278
6313519359,45.729471700000005,126.52591860000001
6313519409,45.736282300000006,126.5191728
6313519415,45.7355201,126.53031000000001
6313519416,45.733256100000006,126.53093220000001
6313519417,45.7358154,126.53559720000001
6313519418,45.735858500000006,126.53594260000001
6313519446,45.7312936,126.5315005
6313519447,45.731615600000005,126.53140440000001
6313519449,45.7304997,126.52900280000001
6313519450,45.7302089,126.5291248
6313519559,45.724670200000006,126.52742980000001
6313519560,45.7248588,126.5273444
6313519751,45.731388700000004,126.51996000000001
6313519752,45.7313896,126.5198335
6313519826,45.7392441,126.5199312
6313519827,45.7396679,126.52296340000001
6313519828,45.739683,126.5230937
6313519829,45.740503200000006,126.52915480000001
6313519830,45.7362498,126.5191717
6313519903,45.7411157,126.53412490000001
6313519919,45.740478,126.5289604
6313519920,45.7406665,126.52890670000001
6313519921,45.744418100000004,126.5278569
6313519928,45.7448473,126.5312123
6313519934,45.745697,126.5331175
6313519935,45.746026400000005,126.5330102
6313519936,45.7462492,126.532493
6313519939,45.746505600000006,126.53423540000001
6313519957,45.7456789,126.5374563
6313520009,45.737564000000006,126.5542669
6313520010,45.736916300000004,126.55445470000001
6313520011,45.737818600000004,126.55676670000001
6313520012,45.737200900000005,126.5569545
6313520013,45.737101300000006,126.55440100000001
6313520014,45.7370024,126.55391650000001
6313520015,45.7373848,126.55689860000001
6313520016,45.7374809,126.55731770000001
6313520041,45.736890100000004,126.5626244
6313520042,45.7388398,126.5621411
6313520049,45.733982100000006,126.5636695
6313520050,45.733769300000006,126.5637786
6313520054,45.7306685,126.566541
6313520057,45.7324951,126.5709362
6313520058,45.732370700000004,126.5705815
6313520063,45.730775200000004,126.56639630000001
6313520064,45.730718200000005,126.5662822
6313520067,45.7278024,126.5616648
6313520068,45.7270577,126.56053750000001
6313520069,45.723884600000005,126.5556684
6313520218,45.7278147,126.57022060000001
6313520249,45.7346773,126.572286
6313520300,45.735721000000005,126.5628358
6313520304,45.7361038,126.56209360000001
6313520316,45.734995500000004,126.5623994
6313520321,45.735636,126.5628645
6313520334,45.7363949,126.5587909
6313520341,45.734566400000006,126.56321580000001
6313583469,45.7243523,126.5756503
6313583470,45.7221647,126.57857560000001
6313583471,45.721596500000004,126.578191
6313583472,45.7227988,126.58005530000001
6313583473,45.722959100000004,126.58004290000001
6313583474,45.722596100000004,126.57800350000001
6313583477,45.720094700000004,126.5738041
6313583478,45.721719500000006,126.5716122
6313583479,45.719465,126.57466310000001
6313583480,45.720608600000006,126.5746292
6313585086,45.723757500000005,126.57646330000001
6313585121,45.728411200000004,126.5838274
6313585122,45.7271713,126.58642940000001
6313585123,45.7266538,126.5856152
6313585124,45.7270972,126.58666330000001
6313585196,45.7326813,126.57802410000001
6313585197,45.7322981,126.57744310000001
6313585198,45.732409800000006,126.57728800000001
6313585199,45.7327901,126.57788300000001
6313585268,45.730107700000005,126.58790760000001
6313585269,45.734253,126.58252300000001
6313585270,45.7349407,126.58159690000001
6313585275,45.7340208,126.58298970000001
6313585295,45.733971100000005,126.58290230000001
6313585297,45.732971600000006,126.5864219
6313585336,45.720849300000005,126.5596002
6313585337,45.7238581,126.55595140000001
6313585338,45.723973400000006,126.55580830000001
6313585339,45.726905900000006,126.55214020000001
6313585342,45.7312201,126.5479164
6313585343,45.7316232,126.5475993
6313585344,45.7318124,126.54744710000001
6313585345,45.734717,126.5456343
6313585347,45.7354554,126.54519690000001
6313585348,45.736217800000006,126.54486200000001
6313585349,45.7366292,126.54467220000001
6313585350,45.736881700000005,126.54457830000001
6313585351,45.738073400000005,126.5441598
6313585366,45.7389638,126.5509624
6313585367,45.7395633,126.55081550000001
6313585379,45.7387336,126.54938310000001
6313585380,45.7430656,126.5481534
6313585397,45.7369397,126.5471988
6313585398,45.7367464,126.5472574
6313585399,45.7363969,126.54737120000001
6313585400,45.737242200000004,126.55385740000001
6313585494,45.732232,126.55043200000001
6313585495,45.7327492,126.5503221
6313585499,45.732759800000004,126.55045870000001
6313585500,45.735480900000006,126.5530152
6313585501,45.7352962,126.55293940000001
6313585502,45.7350791,126.5524008
6313585507,45.733045700000005,126.55264360000001
6313585508,45.734170600000006,126.5459649
6313585516,45.7327333,126.54991240000001
6313585518,45.734637600000006,126.54829860000001
6313585529,45.7341945,126.5462837
6313585617,45.731388200000005,126.54845580000001
6313585622,45.729685800000006,126.55582340000001
6313585623,45.7302989,126.5553641
6313585624,45.7294629,126.55019180000001
6313585629,45.732209000000005,126.5551774
6313585630,45.7298087,126.5574552
6313585634,45.7269774,126.55204440000001
6313585635,45.726916800000005,126.551945
6313585636,45.723069100000004,126.54601930000001
6313585637,45.722802800000004,126.5455833
6313585638,45.722628,126.54529380000001
6313585640,45.729293600000005,126.55612980000001
6313585707,45.719737800000004,126.5493368
6313585708,45.719573200000006,126.5490764
6313585721,45.720916,126.54038840000001
6313585722,45.721009,126.54037500000001
6313585723,45.7219227,126.54373550000001
6313585730,45.720876800000006,126.53579500000001
6313585731,45.720887700000006,126.535655
6313585784,45.721630600000005,126.5279048
6313585787,45.720093500000004,126.52020220000001
6313585788,45.719942200000006,126.5194307
6313585790,45.7191005,126.51347580000001
6313585791,45.7174513,126.50115590000001
6313585818,45.718319300000005,126.50768470000001
6313585819,45.7182351,126.5077081
6313585820,45.7142131,126.50870250000001
6313585821,45.714019500000006,126.5089396
6313585830,45.7218949,126.50686250000001
6313585870,45.7210103,126.5001634
6313585872,45.7155302,126.501804
6313585883,45.717563600000005,126.50265830000001
6313585884,45.7176479,126.5026349
6313585885,45.7212103,126.50169360000001
6313585897,45.721626300000004,126.52804490000001
6313585898,45.721527200000004,126.52804210000001
6313585899,45.717155500000004,126.527572
6313585932,45.7166804,126.53120290000001
6313585945,45.7205244,126.533956
6313585946,45.721017700000004,126.5341089
6313585947,45.7163121,126.5326292
6313585948,45.718055400000004,126.5348732
6313585949,45.718287700000005,126.5333461
6313586005,45.726275900000005,126.53449630000001
6313586144,45.7454741,126.51927640000001
6313586146,45.7440091,126.51901980000001
6313586155,45.751729100000006,126.51931320000001
6313586158,45.745179300000004,126.52010510000001
6313586159,45.7444562,126.52002920000001
6313586231,45.7328786,126.53030620000001
6313586306,45.699827000000006,126.5042564
6313586308,45.7055555,126.50065640000001
6313586309,45.709115000000004,126.498428
6313586339,45.702353800000004,126.495861
6313586340,45.703977900000005,126.5011298
6313924229,45.6632492,126.7476536
6313924233,45.6760078,126.74606290000001
6313924253,45.6706755,126.74275680000001
6313924254,45.669669600000006,126.7463405
6313924255,45.6732044,126.744325
6313924256,45.6721385,126.74801620000001
6313924257,45.6739297,126.7490685
6313924258,45.6749756,126.74540640000001
6313924259,45.6732865,126.75132090000001
6313924262,45.6691415,126.74400670000001
6313924263,45.6683011,126.74697230000001
6313924264,45.6702322,126.7481831
6313924278,45.6572552,126.7440567
6313924279,45.663271200000004,126.74755700000001
6313924280,45.6620086,126.7467675
6313924281,45.659668,126.75505670000001
6313924282,45.660949300000006,126.75578940000001
6313924284,45.6563644,126.74684850000001
6313924485,45.6611959,126.74964550000001
6313924486,45.6602114,126.74574260000001
6313924487,45.659408400000004,126.74861070000001
6313924488,45.6578906,126.7540323
6313924489,45.6604826,126.7521717
6313924490,45.658697100000005,126.75115160000001
6313924491,45.655656500000006,126.74941450000001
6313924492,45.660075400000004,126.75361380000001
6313924493,45.6582924,126.7525968
6313924494,45.655256300000005,126.75086510000001
6313924495,45.658138,126.74787520000001
6313924496,45.658948300000006,126.74502220000001
6313924497,45.657684700000004,126.7459685
6313924498,45.658539600000005,126.7464604
6313924499,45.6598064,126.74718940000001
6313924500,45.6615983,126.7482205
6313924501,45.656601900000005,126.75328970000001
6313924502,45.657005700000006,126.7518625
6313924503,45.657414100000004,126.7504186
6313924516,45.660704800000005,126.7566309
6313924520,45.6522141,126.75317380000001
6313924538,45.651656700000004,126.7404681
6313924539,45.651273800000006,126.74307270000001
6313924541,45.650013300000005,126.74797710000001
6313924552,45.6728613,126.7455132
6313924554,45.672518000000004,126.74670180000001
6313924579,45.667679500000006,126.7724297
6313924978,45.6956993,126.79743130000001
6313924980,45.6971196,126.7746144
6313924981,45.696776,126.78012620000001
6313924982,45.6899025,126.7788972
6313924983,45.693280300000005,126.7734168
6313924984,45.692883300000005,126.7794037
6313925086,45.692145000000004,126.79161970000001
6313925087,45.690243,126.7720754
6313925088,45.6971118,126.77481660000001
6313925089,45.699748400000004,126.77550160000001
6313925090,45.700122400000005,126.7693744
6313925094,45.6999743,126.7756193
6313925095,45.7019394,126.7765023
6313925096,45.701950800000006,126.77625080000001
6313925097,45.6999823,126.77537330000001
6313925098,45.699762500000006,126.77527740000001
6313925099,45.6932999,126.77321620000001
6313925122,45.7046731,126.77180410000001
6313925152,45.689227800000005,126.7912337
6313925332,45.684544900000006,126.71132630000001
6313925341,45.684680900000004,126.7126075
6313925598,45.7310749,126.57522170000001
6313925599,45.733690300000006,126.57177990000001
6313925625,45.744010800000005,126.57346580000001
6313925626,45.7462657,126.5729041
6313925627,45.742643300000005,126.57808490000001
6313925632,45.742928500000005,126.5737354
6313926546,45.742368500000005,126.5429814
6313926547,45.742553400000006,126.54293240000001
6313926548,45.746256300000006,126.5419044
6313926549,45.7467825,126.54562220000001
6313926551,45.7461185,126.5456455
6313926578,45.747193200000005,126.5507436
6313926711,45.6768524,126.74327810000001
6314115540,45.6650489,126.53263770000001
6314115552,45.664211200000004,126.5319929
6314115553,45.6654889,126.53301330000001
6314115576,45.6662752,126.5336939
6314115581,45.66738,126.53349250000001
6314115582,45.6684247,126.52847000000001
6314115583,45.6675453,126.5275572
6314116696,45.667695200000004,126.5348558
6314116711,45.6650855,126.53006620000001
6314116712,45.6669354,126.52626880000001
6314116758,45.658531100000005,126.5360766
6314116759,45.659522900000006,126.5336173
6314116761,45.6581862,126.5358121
6314116763,45.6583805,126.5362135
6314116764,45.658279500000006,126.53614040000001
6314116766,45.651336300000004,126.55339300000001
6314116768,45.651425700000004,126.55345390000001
6314116826,45.628500200000005,126.550464
6314118040,45.6553114,126.58249
6314118041,45.6546846,126.5874038
6314118068,45.630371100000005,126.6026709
6314118101,45.655154100000004,126.58354480000001
6314118102,45.655238000000004,126.58746330000001
6314118110,45.669982100000006,126.56732450000001
6314118122,45.681065100000005,126.56712630000001
6314118130,45.681792300000005,126.56637110000001
6314118133,45.685431300000005,126.5634174
6314118134,45.6854263,126.56410070000001
6314118135,45.682318800000004,126.56733390000001
6314118142,45.685248400000006,126.5647833
6314118146,45.6854571,126.5636664
6314396026,45.772173300000006,126.78240520000001
6314396029,45.7763903,126.7768264
6314396030,45.776526700000005,126.7768044
6314396036,45.770855100000006,126.77986320000001
6314396646,45.6842212,126.71092560000001
6314452464,45.7722107,126.78250310000001
6314452468,45.7764101,126.77696560000001
6314453714,45.786599800000005,126.7743535
6314453715,45.7823952,126.7751518
6314453720,45.7821474,126.77220870000001
6314453721,45.7828566,126.7812291
6314453819,45.7495388,126.74185080000001
6314453820,45.7476451,126.74226730000001
6314453821,45.7491283,126.74386240000001
6314453822,45.7489757,126.7435743
6314453823,45.749722500000004,126.74660410000001
6314453824,45.7504946,126.74617900000001
6314453841,45.749786400000005,126.7418047
6314453843,45.7515006,126.74131150000001
6314453845,45.753748400000006,126.74472800000001
6314453859,45.7436875,126.73745210000001
6314453883,45.7379782,126.73169290000001
6314453886,45.7397854,126.73384850000001
6314453887,45.7377015,126.73247540000001
6314453893,45.740304300000005,126.7369817
6314453912,45.742078,126.73689830000001
6314453927,45.7483784,126.74210520000001
6314453950,45.7521757,126.7523654
6314453956,45.754301600000005,126.75579610000001
6314453958,45.756233300000005,126.75853070000001
6314453965,45.764670100000004,126.7651318
6314454013,45.7523191,126.78474100000001
6314454030,45.7687019,126.7601654
6314454038,45.773357100000005,126.75223500000001
6314454040,45.770403300000005,126.7549671
6314454041,45.7688022,126.75592460000001
6314454133,45.7350903,126.72932600000001
6314454187,45.7420418,126.7246609
6314703266,45.6973509,126.53677030000001
6314703269,45.700224600000006,126.534576
6314703270,45.7002303,126.53436590000001
6324986950,45.813567500000005,126.48043910000001
6324986969,45.808319600000004,126.5015893
6324986973,45.809427400000004,126.4955652
6324987019,45.818128900000005,126.49964410000001
6324987020,45.818061500000006,126.5100381
6324987022,45.8182607,126.51004920000001
6324987023,45.818285,126.50174080000001
6324987030,45.8167721,126.50174890000001
6324987065,45.8182836,126.4996277
6325443161,45.823564000000005,126.50590480000001
6325443164,45.8235566,126.50689080000001
6325444908,45.823519600000004,126.5122865
6325444910,45.8227111,126.5123035
6325444913,45.8234575,126.52645940000001
6325444914,45.8235553,126.53174940000001
6325444916,45.8236335,126.52647110000001
6325444917,45.8255922,126.5301677
6325444918,45.826509,126.5294444
6325444919,45.8185925,126.5359583
6325444920,45.8257296,126.53042570000001
6325444921,45.826577900000004,126.52973790000001
6325444922,45.823780600000006,126.5318984
6325444925,45.823615000000004,126.53202490000001
6325444929,45.826520800000004,126.5393138
6325444930,45.826667,126.53971270000001
6325444931,45.826750600000004,126.5399342
6325444932,45.8269054,126.54033290000001
6325445085,45.8300065,126.5103916
6325445086,45.830003600000005,126.51016670000001
6325445087,45.8300531,126.50183080000001
6325445118,45.8180555,126.5202072
6325445119,45.8180307,126.52740080000001
6325445120,45.8182004,126.5314948
6325445121,45.8182314,126.5321653
6325445122,45.8183925,126.5357323
6325445124,45.821196,126.5433366
6325445125,45.8184303,126.536094
6325445126,45.8129952,126.53921140000001
6325445167,45.8210722,126.53369090000001
6325445168,45.821150900000006,126.53390100000001
6325445169,45.8216423,126.53521210000001
6325445503,45.8277462,126.5383879
6325445509,45.835590200000006,126.53362680000001
6325445546,45.818029100000004,126.5276551
6325445547,45.8236404,126.5273827
6325445548,45.8236404,126.5271536
6325445549,45.818201800000004,126.52741030000001
6325445550,45.812965500000004,126.5276391
6325445551,45.8124942,126.52775500000001
6325445552,45.812646400000006,126.5279067
6325445558,45.8095639,126.5280994
6325445561,45.806879,126.5278713
6325445562,45.8067347,126.52497650000001
6325445564,45.8064661,126.52113940000001
6325445565,45.8062088,126.52120120000001
6325445568,45.8069354,126.52878020000001
6325445692,45.8094885,126.5281061
6325445693,45.809493100000005,126.5282291
6325445694,45.8096412,126.53338110000001
6325445695,45.809900500000005,126.53932390000001
6325445697,45.810009,126.53930840000001
6325445698,45.8097403,126.533375
6325445699,45.809569,126.52821600000001
6325445700,45.809255300000004,126.5201772
6325445734,45.8112051,126.53919780000001
6325445751,45.8137552,126.52760970000001
6325445754,45.814500300000006,126.52544340000001
6325445755,45.8144739,126.5224998
6325445758,45.8137388,126.52019510000001
6325445762,45.8163721,126.52526890000001
6325445767,45.8175042,126.5272484
6325445768,45.8137361,126.520497
6325445773,45.813754900000006,126.5273999
6325445774,45.8163351,126.5200176
6325445775,45.8163391,126.5202024
6325445776,45.816342600000006,126.52051600000001
6325446085,45.816346100000004,126.52729520000001
6325446086,45.8163513,126.5274954
6325446087,45.8163518,126.5277114
6325446090,45.816364500000006,126.52259160000001
6325446097,45.8174876,126.520525
6325446143,45.803512600000005,126.50961710000001
6325664172,45.8204227,126.51123410000001
6325664176,45.8232567,126.512292
6325666387,45.8209037,126.51346380000001
6325666388,45.8220669,126.5134716
6325666389,45.822070100000005,126.51260740000001
6325666390,45.8209104,126.5125998
6325666431,45.8151523,126.51790480000001
6325666462,45.8143503,126.51694990000001
6325666467,45.813559500000004,126.51879260000001
6325666468,45.8143821,126.51673530000001
6325666476,45.8129354,126.5168639
6325666525,45.8358131,126.55604670000001
6325667271,45.834711500000004,126.53432810000001
6325667280,45.830394500000004,126.53764160000001
6325667287,45.8304746,126.5375834
6325667294,45.8316316,126.53859150000001
6325667295,45.8303725,126.53955570000001
6325667296,45.832022,126.53962670000001
6325667297,45.8307511,126.54057780000001
6325667298,45.8323243,126.54138420000001
6325667299,45.831744900000004,126.53983400000001
6325667300,45.8309858,126.5404022
6325667301,45.8315891,126.54194460000001
6325667327,45.828186800000005,126.53934760000001
6325667328,45.829135900000004,126.53811900000001
6325667329,45.829040000000006,126.53791880000001
6325667361,45.8151,126.53454020000001
6325667362,45.815491300000005,126.53451740000001
6325667363,45.8144549,126.5345326
6325667364,45.816556000000006,126.5344491
6325667365,45.817489900000005,126.534396
6325667366,45.816675700000005,126.53615610000001
6325667370,45.8165805,126.5324923
6325667371,45.817421200000005,126.53246150000001
6325667373,45.815692500000004,126.53450670000001
6325667386,45.814777500000005,126.53453640000001
6325667387,45.814793300000005,126.53272700000001
6325667388,45.8145183,126.5302235
6325667389,45.814408300000004,126.5277987
6325667390,45.8161786,126.53020830000001
6325667391,45.8173894,126.53010970000001
6325667412,45.814825000000006,126.53221110000001
6325667414,45.814655800000004,126.53022220000001
6325667415,45.814640000000004,126.5283117
6325667416,45.8132123,126.5302994
6325667417,45.8145085,126.53049750000001
6325667418,45.8132229,126.53040560000001
6325667419,45.8131703,126.5322246
6325667421,45.8144331,126.5283098
6325667423,45.816760800000004,126.5281961
6325667424,45.816891600000005,126.5301503
6325667425,45.8169136,126.53104280000001
6325667426,45.8162004,126.53092430000001
6325667427,45.8161689,126.5282284
6325667428,45.8162521,126.5282238
6325667429,45.8163628,126.53019330000001
6325667430,45.8156606,126.52825610000001
6325667431,45.8156392,126.53021330000001
6325667432,45.815131400000006,126.5282849
6325667433,45.815142300000005,126.5302178
6325667438,45.815417200000006,126.53021530000001
6325667439,45.815496200000005,126.5313469
6325667440,45.8144538,126.53438750000001
6325667441,45.8132552,126.53444060000001
6325667442,45.8144397,126.53465440000001
6325667443,45.8132499,126.5345999
6325667444,45.813191700000004,126.53273370000001
6325667445,45.8131864,126.5367317
6325667448,45.813419100000004,126.5366786
6325667449,45.8139362,126.53651490000001
6325667450,45.813193000000005,126.5365108
6325667451,45.813886800000006,126.53665400000001
6325667452,45.8141298,126.53047040000001
6325667453,45.814060700000006,126.5322139
6325667454,45.813496300000004,126.5304251
6325667455,45.8134475,126.53220590000001
6325667456,45.8134494,126.53267790000001
6325667457,45.813526200000005,126.53442860000001
6325667458,45.814053200000004,126.5326672
6325667459,45.814088600000005,126.53440370000001
6325667460,45.814111200000006,126.5346394
6325667461,45.8140632,126.53615710000001
6325667462,45.8135093,126.53461180000001
6325667463,45.8134643,126.53651230000001
6325667472,45.8128272,126.5389483
6325667473,45.8126589,126.53899930000001
6325667474,45.812525900000004,126.53903480000001
6325667477,45.812532100000006,126.53930810000001
6325667478,45.8128297,126.5392408
6325667503,45.814123,126.5385382
6325667504,45.8147163,126.53819730000001
6325667505,45.8141642,126.5382246
6325667506,45.8147205,126.5379104
6325667517,45.8148015,126.5381504
6325667518,45.8150077,126.5388149
6325667537,45.8146192,126.5456099
6325667538,45.8147146,126.546862
6325667539,45.8146275,126.5460056
6325667540,45.8146495,126.54644900000001
6325667541,45.8151396,126.5463007
6325667542,45.8146235,126.54582040000001
6325667568,45.805852900000005,126.5398643
6325667569,45.805365300000005,126.5396913
6325667570,45.807845500000006,126.53962650000001
6325667614,45.8110074,126.5518547
6325667653,45.810697600000005,126.55745900000001
6325667687,45.820163300000004,126.55487790000001
6325667689,45.821605600000005,126.553863
6325667690,45.8236252,126.56091830000001
6325667691,45.8205613,126.56131250000001
6325667692,45.816863000000005,126.56171490000001
6325667693,45.8165824,126.5605639
6325667695,45.8167841,126.56053700000001
6326296161,45.8171587,126.55916520000001
6326296170,45.8225624,126.55879610000001
6326296171,45.8229351,126.55850760000001
6326296172,45.822659,126.56104260000001
6326296173,45.8222693,126.55618150000001
6326296183,45.8221551,126.55881900000001
6326296184,45.8222662,126.5610932
6326297186,45.821891,126.557754
6326297187,45.822589300000004,126.55729950000001
6326297188,45.8222091,126.5599253
6326297189,45.820490400000004,126.5601699
6326297246,45.8160273,126.55960950000001
6326297247,45.8159216,126.55736390000001
6326297248,45.8153352,126.5567415
6326297249,45.815392800000005,126.55755350000001
6326297250,45.8155091,126.5594805
6326297251,45.8149601,126.55980360000001
6326297254,45.814854800000006,126.55748170000001
6326297258,45.813728100000006,126.55859590000001
6326297259,45.813578,126.5585247
6326297260,45.8136151,126.55918480000001
6326297261,45.8137527,126.5590248
6326297269,45.814382900000005,126.5587067
6326297286,45.8077413,126.55550710000001
6326297287,45.8076936,126.5546707
6326297288,45.8069733,126.5557127
6326297289,45.807000900000006,126.55602870000001
6326297290,45.809554600000006,126.5554077
6326297291,45.8095815,126.55589970000001
6326297292,45.8080646,126.54703160000001
6326297295,45.811928300000005,126.55489800000001
6326297327,45.8093596,126.55951870000001
6326297382,45.810001500000006,126.55903350000001
6326297386,45.811073,126.55743240000001
6326297393,45.806871900000004,126.57683
6326297394,45.807548800000006,126.57741410000001
6326297395,45.8084585,126.5753542
6326297396,45.8077436,126.57695520000001
6326297397,45.808372000000006,126.57554420000001
6326297407,45.814091600000005,126.5786977
6326297410,45.8135175,126.5817667
6326297439,45.8143614,126.57534050000001
6326297440,45.814425,126.57333980000001
6326297441,45.814556200000006,126.57288450000001
6326297499,45.808444200000004,126.57940950000001
6326297507,45.8080942,126.5790984
6326297512,45.8094241,126.5772436
6326297549,45.8082198,126.58601770000001
6326297550,45.807533400000004,126.58469280000001
6326297554,45.8087238,126.58465330000001
6326297555,45.8088947,126.582705
6326297561,45.808756900000006,126.58446970000001
6326297562,45.808511700000004,126.58438930000001
6326297563,45.807974400000006,126.58554400000001
6326297566,45.8084932,126.5845752
6326297570,45.8084641,126.58344100000001
6326297578,45.8094255,126.58100130000001
6326297583,45.8089634,126.58233580000001
6326297605,45.8082817,126.58346
6326297610,45.808149500000006,126.58287580000001
6326297616,45.808057000000005,126.58410860000001
6326297620,45.807896500000005,126.5822844
6326297625,45.8047625,126.5740061
6326297627,45.803224500000006,126.5653937
6326297648,45.7995553,126.5481872
6326297649,45.7994958,126.54717620000001
6326297651,45.803078000000006,126.56186910000001
6326297652,45.815701600000004,126.5544624
6326297653,45.816062800000005,126.554416
6326297654,45.8157216,126.5547027
6326297655,45.8160831,126.5546618
6326297656,45.815156200000004,126.5501109
6326297753,45.8055285,126.53916280000001
6326297754,45.8018774,126.5537427
6326297769,45.8058257,126.55025900000001
6326297775,45.8081704,126.54728890000001
6326297776,45.8069119,126.54745820000001
6326297778,45.805746500000005,126.54858420000001
6326297779,45.8064467,126.56048200000001
6326297782,45.803252400000005,126.56236100000001
6326297817,45.8106353,126.558716
6326297818,45.8109734,126.5587043
6326297863,45.8206002,126.561897
6326297910,45.826361000000006,126.56421470000001
6326297920,45.828817,126.5665165
6326297924,45.8283731,126.563766
6326297926,45.828347,126.56274680000001
6326297927,45.827411500000004,126.56231760000001
6326298020,45.828831,126.5659483
6326298034,45.8281732,126.5664914
6326298052,45.8259574,126.56849840000001
6326298055,45.826125700000006,126.56163280000001
6326298056,45.825910400000005,126.56450550000001
6326298057,45.826069800000006,126.56450350000001
6326298059,45.826070800000004,126.56420320000001
6326298060,45.825917600000004,126.56419650000001
6326298066,45.821701600000004,126.5781194
6326298068,45.823520200000004,126.5778633
6326298069,45.8248234,126.57895730000001
6326298071,45.8267669,126.5697085
6326298078,45.8184942,126.5854762
6326298091,45.822157100000005,126.5620959
6326298092,45.8222103,126.56884660000001
6326298123,45.8183884,126.58575730000001
6326298124,45.818318100000006,126.58593320000001
6326298125,45.8220905,126.59293650000001
6326298126,45.818580700000005,126.5852622
6326298129,45.812657900000005,126.5855851
6326298131,45.8136397,126.5861275
6326298132,45.813075100000006,126.5839193
6326298136,45.8143509,126.5847535
6326298298,45.8100153,126.59814340000001
6326298302,45.815435300000004,126.59218800000001
6326298331,45.8259576,126.60480720000001
6326298336,45.8254887,126.6013128
6326298337,45.826346300000004,126.6044004
6326298338,45.8286078,126.61062340000001
6326298339,45.828695800000006,126.61085630000001
6326298340,45.831333900000004,126.6178335
6326298341,45.828211800000005,126.6109234
6326298342,45.830894400000005,126.61819790000001
6326298343,45.8311651,126.6189291
6326298345,45.831451,126.61869320000001
6326298346,45.8312977,126.61882340000001
6326298347,45.8316029,126.61856420000001
6326298349,45.8369845,126.63315250000001
6326298357,45.845328900000005,126.64276690000001
6326298359,45.8326034,126.6078741
6326298360,45.832525700000005,126.60765760000001
6326298363,45.8342438,126.59823580000001
6326298368,45.799347700000006,126.5478415
6326298374,45.800722300000004,126.55675090000001
6326298387,45.7994013,126.54718460000001
6326298388,45.799457000000004,126.54820480000001
6326298392,45.798886800000005,126.54175860000001
6326298395,45.7993317,126.54760010000001
6326465820,45.827456000000005,126.56645230000001
6326465823,45.828136300000004,126.56648100000001
6326465825,45.828842200000004,126.56517950000001
6326465828,45.828365600000005,126.5651581
6326465829,45.827617800000006,126.5624097
6326465830,45.8276139,126.5628145
6326466307,45.8349241,126.60066850000001
6326466309,45.8334886,126.6017772
6326466310,45.8346499,126.60088030000001
6326466313,45.830427400000005,126.60195350000001
6326466321,45.8339018,126.6057449
6326466328,45.8350093,126.60182760000001
6326466331,45.834640900000004,126.60262990000001
6326466332,45.835417400000004,126.60290230000001
6326466335,45.8347343,126.60289290000001
6326466340,45.834598,126.60283380000001
6326466341,45.8340508,126.60327480000001
6326466351,45.8347823,126.60281900000001
6326466358,45.8328648,126.60010240000001
6326466359,45.8320632,126.6007156
6326466361,45.833268100000005,126.60396370000001
6326466362,45.831448,126.60533090000001
6326466363,45.8302606,126.60208150000001
6326466364,45.8320972,126.6071124
6326466365,45.8322796,126.606976
6326466366,45.8316225,126.60520740000001
6326466367,45.831259900000006,126.60131190000001
6326466368,45.832474500000004,126.6045639
6326466369,45.833247300000004,126.601151
6326466370,45.8324623,126.60176740000001
6326466371,45.8316614,126.60238210000001
6326466372,45.8328797,126.602895
6326466373,45.8320749,126.60349570000001
6326466374,45.831228900000006,126.60412710000001
6326466375,45.8310608,126.6042527
6326466376,45.830927700000004,126.60156830000001
6326466377,45.8312989,126.60259640000001
6326466378,45.8316473,126.6023444
6326466379,45.8307969,126.6029592
6326466380,45.8306279,126.60308200000001
6326466385,45.8323137,126.6046929
6326466386,45.8329827,126.60644660000001
6326466387,45.833555100000005,126.6047436
6326466388,45.832599900000005,126.60544300000001
6326466389,45.833077200000005,126.6050934
6326466390,45.8328004,126.6043271
6326466391,45.8319178,126.60599210000001
6326466392,45.831749,126.6061183
6326466393,45.828987100000006,126.6081822
6326466394,45.8308474,126.6037031
6326466397,45.830969700000004,126.60402
6326466406,45.827504600000005,126.60417360000001
6326466407,45.829356000000004,126.60920410000001
6326466408,45.8296136,126.6098611
6326466409,45.8281337,126.6080881
6326466410,45.828776600000005,126.60760630000001
6326466417,45.8277231,126.60698520000001
6326466418,45.828364900000004,126.6064934
6326466419,45.8280867,126.6057531
6326466420,45.827454100000004,126.60623190000001
6326466429,45.829894700000004,126.607504
6326466430,45.8302642,126.60851240000001
6326466443,45.8314667,126.60760750000001
6326466444,45.8317087,126.60827350000001
6326466447,45.826952600000006,126.61144170000001
6326466449,45.824874400000006,126.61290410000001
6326466456,45.835279500000006,126.6158352
6326466461,45.837703600000005,126.60824520000001
6326466463,45.8400467,126.60647130000001
6326466464,45.8412859,126.60975990000001
6326466518,45.815347100000004,126.6401847
6326466519,45.8137078,126.6411044
6326466520,45.8138778,126.64172760000001
6326466523,45.818462200000006,126.63913330000001
6326466527,45.8199618,126.63760370000001
6326466539,45.8182623,126.63125980000001
6326466540,45.818170300000006,126.63596140000001
6326466541,45.8178214,126.6361095
6326466544,45.8146125,126.63858990000001
6326466550,45.817523900000005,126.636216
6326466551,45.8177201,126.63639140000001
6326466552,45.8183063,126.6385465
6326466572,45.8175254,126.63372960000001
6326466579,45.815243,126.63547100000001
6326466583,45.8141953,126.63594020000001
6326466584,45.815819600000005,126.63709130000001
6326466586,45.8180926,126.63776650000001
6326466587,45.8151432,126.63935000000001
6326466588,45.814922900000006,126.63854230000001
6326466598,45.8177603,126.63599590000001
6326466631,45.814137900000006,126.64578850000001
6326466632,45.816173000000006,126.64495470000001
6326466634,45.820763,126.64884590000001
6326466635,45.8175449,126.6495536
6326466636,45.8209804,126.64298480000001
6326466637,45.822129100000005,126.64671600000001
6326466638,45.8191962,126.64371600000001
6326466639,45.820439900000004,126.64776160000001
6326466640,45.8199077,126.64603050000001
6326466641,45.817025400000006,126.64781210000001
6326466642,45.8141851,126.64956760000001
6326466646,45.8149783,126.64907740000001
6326466647,45.816194800000005,126.65314740000001
6326466648,45.815505800000004,126.6508421
6326466653,45.8200122,126.65097770000001
6326466675,45.8158594,126.6430335
6326466706,45.8070959,126.6114675
6326466711,45.806506000000006,126.59965020000001
6326466719,45.809777600000004,126.59698440000001
6326466721,45.807788800000004,126.59893790000001
6326466765,45.821311400000006,126.59471010000001
6326466770,45.8248332,126.60565340000001
6326466781,45.823055000000004,126.60008610000001
6326466788,45.8201939,126.60260090000001
6326466789,45.820679000000005,126.60389920000001
6326466795,45.8236859,126.60202310000001
6326466796,45.8209998,126.6085465
6326466797,45.8189584,126.5993191
6326466831,45.794304000000004,126.60708170000001
6326466840,45.7925358,126.60357420000001
6326466841,45.794134,126.6067618
6326467386,45.799882200000006,126.6154278
6326467387,45.7983642,126.62224800000001
6326467388,45.7969996,126.620101
6326467391,45.795894100000005,126.6159664
6326467395,45.7987027,126.61882650000001
6326467399,45.798517600000004,126.61674020000001
6326467402,45.799887500000004,126.6230749
6326504578,45.8250722,126.6786945
6326504629,45.8348303,126.69697950000001
6326504767,45.8262458,126.67748390000001
6326504922,45.7926226,126.64806150000001
6326504923,45.793028400000004,126.6494188
6326504924,45.7920122,126.6464062
6326531650,45.7938703,126.49953430000001
6326531653,45.7931558,126.5007896
6326531656,45.793599,126.50222860000001
6326531657,45.7946996,126.5024094
6326531661,45.7953373,126.50114730000001
6326531664,45.7966221,126.50240430000001
6326531667,45.799556300000006,126.5023407
6326531668,45.7987145,126.50284920000001
6326531669,45.797470600000004,126.50720860000001
6326531670,45.798065300000005,126.50765410000001
6326531673,45.797350300000005,126.49442810000001
6326531685,45.7879718,126.500236
6326531686,45.787860300000006,126.5003307
6326531760,45.8011507,126.53399130000001
6326531784,45.7988784,126.52439070000001
6326531799,45.799064400000006,126.51316550000001
6327449662,45.8460776,126.50598600000001
6327449680,45.846146100000006,126.5061299
6327767420,45.777936100000005,126.67346950000001
6327767421,45.7777297,126.67017070000001
6327767440,45.7791049,126.67454280000001
6327767441,45.779324300000006,126.67319800000001
6327767442,45.780796,126.67732950000001
6327767445,45.777902100000006,126.67298600000001
6327767446,45.7789553,126.67286630000001
6327767447,45.7779855,126.67419100000001
6327767448,45.7780099,126.6746248
6327767451,45.7786617,126.67636100000001
6327767453,45.7788194,126.68081280000001
6327767467,45.7778378,126.67875240000001
6327767468,45.7782696,126.68113640000001
6327767481,45.7812075,126.6748082
6327767482,45.78246,126.67193470000001
6327768506,45.7891557,126.67204830000001
6327768507,45.7864341,126.67212280000001
6327768511,45.789127,126.6714718
6327768515,45.789766900000004,126.67286290000001
6327768519,45.7867904,126.67493060000001
6327768545,45.785473,126.6712066
6327768557,45.777353500000004,126.67891780000001
6327768558,45.7777831,126.6813391
6327768559,45.773299300000005,126.6804137
6327768583,45.7742567,126.68005240000001
6327768584,45.7747064,126.6824835
6327768586,45.773754800000006,126.68285010000001
6327768587,45.7764035,126.6792424
6327768588,45.7768498,126.6816862
6327768611,45.7726812,126.67885100000001
6327768613,45.770265200000004,126.6811533
6327768614,45.7703397,126.6831403
6327768615,45.7706206,126.681127
6327768616,45.770511400000004,126.67778070000001
6327768657,45.771405800000004,126.68106890000001
6327768659,45.771029000000006,126.67215460000001
6327768660,45.7711399,126.675139
6327768661,45.7694929,126.67477500000001
6327768674,45.769304700000006,126.68307180000001
6327768680,45.7698857,126.6752385
6327768681,45.769980700000005,126.67782260000001
6327768683,45.7696248,126.6787223
6327768702,45.7768408,126.67471230000001
6327768704,45.7756411,126.67682370000001
6327768705,45.7756496,126.67729360000001
6327768754,45.778799600000006,126.67013680000001
6327768759,45.7784375,126.67837
6327768776,45.7715515,126.6830695
6327768777,45.7715602,126.6833218
6327768778,45.7716014,126.68421230000001
6327768779,45.7716051,126.68444830000001
6327768784,45.7714737,126.68481430000001
6327768806,45.7720836,126.6830384
6327768807,45.772001100000004,126.6810248
6327768808,45.770883600000005,126.6831085
6327768809,45.7708134,126.68111270000001
6327768822,45.7665914,126.672532
6327768829,45.7687089,126.6825601
6327902975,45.7654592,126.6726423
6327902983,45.766054800000006,126.6661241
6327905511,45.774737,126.67737000000001
6327905512,45.774859600000006,126.6788669
6327905528,45.779669000000005,126.6778649
6327905529,45.7799428,126.67931510000001
6327905811,45.7835091,126.68041330000001
6327905812,45.785127700000004,126.685417
6327905813,45.7841747,126.6799778
6327905814,45.7825399,126.6810475
6327905833,45.784095400000005,126.6855235
6327905834,45.782885,126.68204050000001
6327905835,45.7838414,126.68141560000001
6327905848,45.7837782,126.6894173
6327906002,45.7617496,126.6808374
6327906003,45.762064200000005,126.6833318
6327906004,45.759455300000006,126.6839879
6327906005,45.761500700000006,126.68749150000001
6327906007,45.7607896,126.6836619
6327906008,45.7604404,126.68113720000001
6327906290,45.77404,126.65197610000001
6328016759,45.7726204,126.67483890000001
6328109201,45.773443300000004,126.67746400000001
6328109204,45.7739898,126.67742430000001
6328109214,45.771971,126.68304490000001
6328109217,45.7710153,126.6831008
6328109241,45.7786595,126.67293480000001
6328109242,45.7787202,126.67420860000001
6328143960,45.735002400000006,126.71454030000001
6328143961,45.730540700000006,126.71288720000001
6328158348,45.662457100000005,126.50602380000001
6328158350,45.665024800000005,126.50745250000001
6328158593,45.674986000000004,126.50588970000001
6328158597,45.6799036,126.50636890000001
6328237668,45.8293917,126.5468776
6351365968,45.7220925,126.63586670000001
6351507248,45.723533700000004,126.63797710000001
6351507251,45.7217928,126.63675800000001
6373255815,45.7227619,126.6433307
6373255830,45.7225539,126.6427273
6373255862,45.7224159,126.64121940000001
6373255874,45.723295400000005,126.64181760000001
6373255875,45.723121000000006,126.64227000000001
6373255878,45.722742800000006,126.64144150000001
6373255880,45.7262788,126.64382590000001
6373255881,45.723643900000006,126.6391148
6373255883,45.7248577,126.64628370000001
6373255884,45.725819800000004,126.64353550000001
6373257700,45.7236624,126.64393050000001
6373257701,45.725283000000005,126.6450643
6373257772,45.727292000000006,126.64649720000001
6373257774,45.7262987,126.6459731
6373257779,45.7249654,126.64596130000001
6430386586,45.743259900000005,126.72331860000001
6430386587,45.7424897,126.7233238
6430386588,45.743768900000006,126.72330960000001
6430386595,45.750095200000004,126.71735520000001
6430386596,45.7502007,126.71815070000001
6430386597,45.7505748,126.7211692
6430386598,45.7504147,126.7198829
6430386605,45.750949000000006,126.718873
6430386639,45.747792100000005,126.71961340000001
6524832879,45.807992600000006,126.69274750000001
6524832880,45.807911700000005,126.69253230000001
6524832881,45.7796346,126.7069457
6534526295,45.767707,126.60008160000001
6534526296,45.7674158,126.6007337
6546573301,45.7520338,126.7190427
6546573303,45.751347200000005,126.71488850000001
6546573304,45.7518661,126.71473080000001
6546573306,45.752336500000006,126.7195387
6546573307,45.751839700000005,126.7186343
6546573308,45.751618,126.7169623
6546573321,45.752176000000006,126.71727960000001
6549287008,45.7555617,126.7147568
6549287013,45.7563952,126.71831390000001
6565409374,45.7194744,126.67391180000001
6565409379,45.720131900000005,126.67252730000001
6565409380,45.719898,126.6725811
6565410275,45.725715400000006,126.67612650000001
6565410280,45.7264612,126.675791
6565410282,45.7265834,126.6763554
6565410283,45.7268227,126.67624850000001
6565410284,45.7269006,126.6765869
6565410288,45.7270436,126.67486740000001
6565410290,45.727177000000005,126.6754691
6565410291,45.727377600000004,126.6763734
6565410292,45.7281393,126.67503230000001
6565410294,45.7280104,126.67508380000001
6565410295,45.7281964,126.6760055
6565410296,45.7278864,126.67614470000001
6565410298,45.7278463,126.67426900000001
6565410299,45.726991700000006,126.67463350000001
6565410301,45.727522400000005,126.67440760000001
6565410399,45.7273283,126.6834857
6565410443,45.717182300000005,126.68450120000001
6565410460,45.738366400000004,126.71793020000001
6565410463,45.7390556,126.7191401
6566249865,45.727995500000006,126.67858400000001
6566249866,45.7286383,126.68166060000001
6566249877,45.724192900000006,126.66923740000001
6566277825,45.7413134,126.72465480000001
6566277826,45.741303,126.7262592
6566297186,45.7240393,126.66880920000001
6566297192,45.713194800000004,126.66569870000001
6567782077,45.7327251,126.7213274
6567782078,45.7329877,126.7194206
6618945812,45.7042565,126.6809602
6618945814,45.7039902,126.68167910000001
6618945816,45.70315,126.68140310000001
6618945817,45.7030468,126.68152470000001
6618945818,45.7029311,126.681661
6618945819,45.7023724,126.6814834
6618945820,45.702283200000004,126.68204050000001
6619045798,45.702486,126.68510920000001
6619045804,45.7028581,126.68273060000001
6619045805,45.705170300000006,126.683496
6619045807,45.703273800000005,126.68535220000001
6619045808,45.704426100000006,126.68324960000001
6619045809,45.7040553,126.6856161
6619045810,45.705909500000004,126.68148470000001
6619045811,45.7056521,126.6830731
6619045824,45.7033703,126.68748970000001
6619045828,45.702553200000004,126.69021660000001
6619045830,45.7017892,126.68829480000001
6619045831,45.7030989,126.68910410000001
6619045832,45.702769200000006,126.68899130000001
6619045838,45.7018835,126.68998320000001
6619045842,45.7032423,126.68827340000001
6619140821,45.718560200000006,126.69507820000001
6619142684,45.7036639,126.68074560000001
6619146785,45.703539500000005,126.6815311
6619146797,45.7037217,126.68260470000001
6620380050,45.8124253,126.6427792
6620380053,45.8128996,126.64446330000001
6620503333,45.700207500000005,126.6756244
6620503339,45.7260961,126.70878880000001
6620503343,45.7166323,126.68979100000001
6620503345,45.7157318,126.6943679
6621830727,45.7119811,126.72352930000001
6621830729,45.715336400000005,126.75219890000001
6621830730,45.711533800000005,126.7507101
6621830733,45.710985,126.75101110000001
6621830739,45.7110914,126.750516
6622013863,45.713003400000005,126.71089520000001
6622809951,45.7017715,126.68176430000001
6622809954,45.7019624,126.683531
6622809956,45.7015066,126.6820538
6622809958,45.7017715,126.68654380000001
6622809959,45.701702700000006,126.6869496
6622809961,45.7010036,126.68669480000001
6622809962,45.7010823,126.6862677
6622809964,45.701398000000005,126.68248120000001
6622809968,45.700088400000006,126.686215
6622809969,45.7010273,126.68656600000001
6622809970,45.6997784,126.6861056
6622809972,45.7009017,126.68724710000001
6622809973,45.699955900000006,126.6868326
6622809974,45.7000566,126.6863622
6622809978,45.701724500000005,126.6806538
6622809981,45.698205300000005,126.6844781
6622809982,45.698441800000005,126.6849317
6622809983,45.699805500000004,126.6833795
6622846385,45.6974856,126.6859876
6622846387,45.696205400000004,126.68740140000001
6622846388,45.6960053,126.68702080000001
6622846390,45.700014700000004,126.6830015
6622846391,45.699928400000005,126.68283430000001
6622846392,45.6998398,126.68265380000001
6622973307,45.7025984,126.68267490000001
6622973312,45.702119200000006,126.6849866
6622973317,45.7028714,126.68523800000001
6622973318,45.7025516,126.6872091
6622973321,45.703053100000005,126.687381
6622973322,45.7028271,126.688663
6622973329,45.7052599,126.6829505
6622973331,45.704779300000006,126.68585650000001
6622973334,45.704485000000005,126.6882879
6623149599,45.7018781,126.68097970000001
6623149601,45.7096334,126.66775430000001
6623149602,45.7096486,126.66802380000001
6623149605,45.7161173,126.649775
6625204195,45.698884,126.67867000000001
6625268752,45.723145800000005,126.74941550000001
6625268759,45.714205500000006,126.75173110000001
6625268784,45.730598300000004,126.6982435
6625294496,45.7299768,126.6970373
6625294512,45.726910000000004,126.70315480000001
6625294513,45.7266494,126.70368440000001
6625294515,45.7267797,126.7034196
6625294516,45.7295637,126.7041755
6625294518,45.723049200000005,126.74945400000001
6625294533,45.703654900000004,126.6790454
6625294534,45.7034316,126.67882340000001
6625294535,45.7031037,126.679597
6625294536,45.705312000000006,126.6754674
6625294538,45.685332700000004,126.69919870000001
6625294539,45.685290300000005,126.6991227
6625294540,45.6852354,126.6990241
6625294541,45.683720900000004,126.70075460000001
6625302248,45.700123100000006,126.66235870000001
6625302253,45.7181705,126.6984745
6625302257,45.720381200000006,126.69911130000001
6625302258,45.7203685,126.699222
6625302259,45.7189859,126.69876670000001
6625302261,45.7189737,126.6988639
6625302262,45.7130871,126.6974249
6625302263,45.7130954,126.6973313
6625302265,45.719659400000005,126.69893200000001
6625302266,45.7190329,126.698683
6625302267,45.7196477,126.69903910000001
6625302268,45.718988700000004,126.69896320000001
6627146794,45.707250300000005,126.4924723
6627146838,45.713247900000006,126.5028609
6627695211,45.729608400000004,126.6895973
6627695214,45.729757500000005,126.6881568
6627695215,45.728641200000006,126.6899283
6627695217,45.731551700000004,126.68987240000001
6627695218,45.7287945,126.69068750000001
6627695219,45.7296227,126.69042900000001
6627695220,45.7314397,126.69073840000001
6627695221,45.7302849,126.69047130000001
6627695222,45.7290134,126.69162940000001
6627695225,45.7302151,126.6914234
6627695226,45.7313251,126.6916551
6627695227,45.7309093,126.68974820000001
6627695228,45.7308189,126.6906017
6627695229,45.7303737,126.68962570000001
6627695231,45.7295292,126.68962040000001
6627695232,45.731636,126.68914690000001
6627695233,45.7296957,126.68876420000001
6627695234,45.7268288,126.6916408
6627695235,45.725108500000005,126.6921707
6627695236,45.723605600000006,126.6864115
6627695237,45.723903,126.68957
6627695239,45.7240605,126.69325950000001
6627695240,45.7230635,126.69338800000001
6627695243,45.7210971,126.6934569
6627695244,45.7250506,126.69170570000001
6627695245,45.7239463,126.69192930000001
6627695246,45.7229942,126.6921221
6627695247,45.7241763,126.6950211
6627695248,45.7259248,126.68669510000001
6627695249,45.7244405,126.6872912
6627695250,45.726076400000004,126.6875244
6627695251,45.7245652,126.6881058
6627695255,45.719070200000004,126.6786052
6627695262,45.6873433,126.6522613
6627827944,45.7143528,126.66238720000001
6627827959,45.726921700000005,126.66265410000001
6627827961,45.7250917,126.66519720000001
6627827963,45.7257041,126.6681331
6627827964,45.7286651,126.66393690000001
6627827966,45.729163400000004,126.6667048
6627827974,45.728813,126.6573015
6627827977,45.7269736,126.6624828
6628705609,45.7218723,126.50671100000001
6628705610,45.722081,126.50665020000001
6628705611,45.722101300000006,126.50680380000001
6628705612,45.7213994,126.5016274
6628705613,45.7211927,126.50010920000001
6628831790,45.728090200000004,126.51563970000001
6628831809,45.7101358,126.47948290000001
6628831877,45.7422198,126.5192933
6628831882,45.742656100000005,126.5140305
6630054645,45.7424702,126.6927253
6630054646,45.739671,126.69182180000001
6630054647,45.7370743,126.69077630000001
6630054648,45.7342134,126.6898024
6630054649,45.731759100000005,126.6890766
6630054650,45.7398776,126.6903154
6630054651,45.7390922,126.69692260000001
6630054652,45.733443,126.69547460000001
6630054656,45.7312494,126.69326400000001
6630082044,45.7307451,126.67454730000001
6630082045,45.728252100000006,126.6755842
6630187647,45.714007900000006,126.5088623
6630187648,45.712892700000005,126.5153329
6630187649,45.713490300000004,126.52234630000001
6630187654,45.7164833,126.55286690000001
6630187657,45.7163425,126.55305320000001
6630187659,45.7184655,126.5731353
6630187660,45.7183337,126.57330680000001
6630187666,45.720734400000005,126.55977030000001
6630187667,45.717333800000006,126.5642878
6630187668,45.7206441,126.55963620000001
6630187669,45.7172294,126.56412750000001
6630187670,45.716907000000006,126.5274131
6630187675,45.707573700000005,126.5419282
6630187676,45.711147100000005,126.52423900000001
6630187677,45.716860800000006,126.5296115
6630187678,45.7137285,126.5278724
6630187679,45.713485600000006,126.5231485
6630187680,45.713928200000005,126.53361380000001
6630187681,45.713922700000005,126.5337537
6630187682,45.714044400000006,126.5396367
6630187683,45.711768000000006,126.54629550000001
6632518644,45.7250354,126.6686217
6632518645,45.729050900000004,126.6672274
6632518646,45.731391,126.66621900000001
6632518647,45.731338,126.6660344
6632518650,45.7314506,126.66580400000001
6632518651,45.7309465,126.66530200000001
6632518656,45.731973,126.6689266
6632518658,45.732575700000005,126.6716868
6632518661,45.7309062,126.6654919
6632518670,45.7238683,126.66964030000001
6632518675,45.723582400000005,126.6604336
6632518680,45.724417,126.66076890000001
6632526013,45.7301919,126.6646956
6632526016,45.729958700000005,126.6648648
6632526030,45.724997200000004,126.6535245
6632526036,45.7295196,126.64008630000001
6632634196,45.7311394,126.6856061
6632634201,45.7275794,126.68500680000001
6632634203,45.7259228,126.68487470000001
6632634204,45.724842300000006,126.68447730000001
6632634206,45.722183300000005,126.6849093
6633160498,45.7017863,126.68078770000001
6633198132,45.748879,126.69104360000001
6633198133,45.7487477,126.6910713
6633198134,45.748635400000005,126.6910909
6633198135,45.7484997,126.69111640000001
6633198136,45.7487768,126.690059
6633198137,45.748663400000005,126.69007900000001
6633198138,45.7485617,126.69009240000001
6633198139,45.7484322,126.6901155
6633198140,45.7499334,126.69037900000001
6633198145,45.7535703,126.6896952
6633198146,45.7534432,126.68972710000001
6633198147,45.750622,126.69023770000001
6633212025,45.784248500000004,126.67710170000001
6633212028,45.7841905,126.67694220000001
6633212031,45.7968982,126.67074330000001
6633294254,45.7084187,126.67453560000001
6633294255,45.7081898,126.67479660000001
6633294256,45.7083565,126.6748673
6633303985,45.682133400000005,126.7040238
6633303988,45.6795282,126.70675170000001
6633303990,45.6840022,126.7119327
6633303991,45.6823695,126.70992360000001
6633303998,45.6833669,126.70146530000001
6633304000,45.6825916,126.703051
6633304014,45.682127300000005,126.70439280000001
6633304039,45.676434900000004,126.71159700000001
6633304042,45.677936300000006,126.70826520000001
6633304048,45.6761489,126.70136140000001
6633304051,45.676699500000005,126.7109966
6649961328,45.6899494,126.68246110000001
6649961332,45.689924600000005,126.6827896
6649961333,45.6900819,126.68247110000001
6672809946,45.699690700000005,126.6791457
6672809947,45.700905500000005,126.68149020000001
6672876413,45.7428996,126.68951500000001
6709368516,45.703653100000004,126.6829938
6738078253,45.736940600000004,126.60706230000001
6738078254,45.740313,126.61053930000001
6738078255,45.742410400000004,126.61276090000001
6738078256,45.7414932,126.6118146
6738078257,45.7405841,126.6134145
6738078258,45.7429859,126.60807770000001
6738078261,45.7617884,126.62380660000001
6738078262,45.7622641,126.62398420000001
6738078267,45.7590488,126.62231790000001
6738078269,45.759134800000005,126.62211230000001
6738078272,45.758285400000005,126.62142510000001
6738078280,45.759242900000004,126.62185980000001
6738078283,45.7585181,126.6212229
6738078284,45.758150900000004,126.6215418
6738104485,45.757946200000006,126.62137560000001
6738104486,45.7584196,126.62096240000001
6738104489,45.7592943,126.62173980000001
6738151712,45.763723600000006,126.63699480000001
6738151713,45.7635164,126.6364719
6738193081,45.783606400000004,126.64379260000001
6738193084,45.784780600000005,126.6468768
6738224287,45.797959000000006,126.68091690000001
6738224290,45.7964804,126.67691160000001
6738224292,45.795060400000004,126.6720786
6738224294,45.7920177,126.6719721
6738224302,45.794991800000005,126.6716904
6741805203,45.7550812,126.63613590000001
6741805204,45.765721000000006,126.6316091
6741805209,45.7657796,126.6294081
6741805210,45.7655947,126.6286264
6741897735,45.757903400000004,126.63769710000001
6768741930,45.779368000000005,126.6309238
6768741931,45.776936600000006,126.6322126
6768741932,45.782805100000004,126.6290402
6768796452,45.771320700000004,126.61878130000001
6784336335,45.6689031,126.53970340000001
6784336336,45.668846200000004,126.53984460000001
6784336337,45.6687044,126.54020220000001
6784336338,45.667444200000006,126.54333450000001
6784396539,45.6692412,126.53841120000001
6784841277,45.695966500000004,126.56096670000001
6784860391,45.690634,126.5605891
6784860567,45.673448900000004,126.54828320000001
6784860570,45.6753724,126.54969020000001
6784860589,45.6734528,126.54729270000001
6790022014,45.701511700000005,126.61228980000001
6790022015,45.7014682,126.61353860000001
6790022016,45.701678300000005,126.61525850000001
6790022017,45.6996916,126.6155408
6790022018,45.7013709,126.6153022
6790022019,45.701675800000004,126.6184235
6790022020,45.701660600000004,126.61815000000001
6790022024,45.7018208,126.60916030000001
6790022025,45.7011236,126.60933840000001
6790022034,45.7001214,126.6117471
6790022035,45.7002566,126.61262830000001
6790022039,45.698583400000004,126.61032150000001
6790022040,45.7005897,126.6095827
6790022041,45.7013989,126.6114321
6790022042,45.701743300000004,126.61134910000001
6790022043,45.7020666,126.6112712
6790022044,45.701959,126.61034670000001
6790022045,45.7016247,126.61044380000001
6790022046,45.701282000000006,126.6105431
6790022047,45.7007495,126.6106977
6790022048,45.699671900000006,126.60991920000001
6790022049,45.6997469,126.61077490000001
6790022050,45.700276900000006,126.61167200000001
6790022054,45.6993401,126.6126361
6790022055,45.7025171,126.61513900000001
6790022056,45.701669800000005,126.6134923
6790108528,45.6982584,126.61326260000001
6790313219,45.7952091,126.6856072
6790359113,45.8133397,126.6419372
6790359115,45.812935200000005,126.6422648
6790359123,45.7924316,126.6497745
6790359124,45.792974900000004,126.65186920000001
6790359125,45.7936616,126.65146610000001
6790359126,45.793625600000006,126.6490629
6790359127,45.7872746,126.6455303
6790359128,45.7877627,126.64710280000001
6790602572,45.697141200000004,126.61805210000001
6790602573,45.696576400000005,126.61820110000001
6790634109,45.702837800000005,126.6178924
6811519882,45.717931500000006,126.6275672
6811549385,45.716592000000006,126.62827360000001
6811549412,45.718831200000004,126.6269735
6811549413,45.716020500000006,126.62491000000001
6811549414,45.720781,126.62301640000001
6811549416,45.7165376,126.62340180000001
6811549420,45.7181909,126.62461780000001
6811549421,45.719142100000006,126.62186270000001
6811549426,45.7189527,126.6205666
7109545245,45.771021000000005,126.61438810000001
7109545246,45.771662500000005,126.61429210000001
7179706958,45.717884100000006,126.5321191
7179706959,45.7177251,126.53319
7184838358,45.719744600000006,126.53374840000001
7184838360,45.7207002,126.53271040000001
7184847071,45.717137300000005,126.53084890000001
7184847072,45.717033300000004,126.53145880000001
7184847169,45.761849700000006,126.62954060000001
7184847198,45.760678000000006,126.62928500000001
7184847207,45.7602016,126.628871
7184847216,45.763066,126.6307536
7193046626,45.747717200000004,126.5836436
7193046627,45.744127500000005,126.57447230000001
7193046628,45.7447565,126.57430620000001
7193046629,45.7448878,126.5744293
7193046632,45.7467514,126.57627910000001
7193046637,45.7446363,126.57331
7193046638,45.7450491,126.57450150000001
7193046643,45.7455562,126.5765839
7193046646,45.745285100000004,126.57443520000001
7193046668,45.740400900000004,126.5563175
7193046672,45.739775900000005,126.55613720000001
7193064593,45.7397812,126.5538169
7193064596,45.7393227,126.5533379
7301966917,45.7275208,126.64889500000001
7301966918,45.727759500000005,126.6480427
7314613903,45.719211,126.7695197
7477931582,45.8121226,126.6227908
7477931583,45.8105982,126.62365000000001
7477947885,45.8273036,126.6123725
7477947887,45.823544000000005,126.6155966
7477947890,45.8124059,126.62355740000001
7477947891,45.811050200000004,126.6249188
7477947893,45.807768800000005,126.60726860000001
7477947894,45.808036200000004,126.6199873
7477947898,45.806569100000004,126.60788790000001
7477947906,45.835332300000005,126.63403190000001
7477947908,45.815290600000004,126.6032112
7477947909,45.818109400000004,126.61073200000001
7477947910,45.8199136,126.61560030000001
7477947911,45.8209667,126.6184456
7477947913,45.820954500000006,126.60857990000001
7477947914,45.822988300000006,126.61409040000001
7477947915,45.8306794,126.63486710000001
7477947916,45.8252925,126.61403120000001
7477947922,45.8297971,126.61908960000001
7477947923,45.827743000000005,126.62063590000001
7477947924,45.825930400000004,126.62202140000001
7477947925,45.823260700000006,126.6240417
7477947927,45.8172002,126.6284045
7477947928,45.813752,126.631938
7477947929,45.8112295,126.6352734
7477947930,45.811433,126.6359393
7477947933,45.817524600000006,126.62926320000001
7477947937,45.8299992,126.61962290000001
7477947938,45.815131900000004,126.62237610000001
7477947939,45.8143303,126.6202332
7478477040,45.7127555,126.75980260000001
7478945662,45.71963,126.7540421
7478945663,45.7196008,126.75419040000001
7478945673,45.7240393,126.74329890000001
7478945681,45.7379382,126.76707870000001
7552224080,45.700614400000006,126.54114860000001
7552224083,45.7001447,126.54071350000001
7552224084,45.7002274,126.54059600000001
7712735412,45.7141924,126.7522658
7783342435,45.8003756,126.5149375
7788691326,45.6785197,126.6907063
7788691340,45.6851144,126.6991672
7788691347,45.688825,126.68393490000001
7788691349,45.6884274,126.6826731
7788691350,45.6921456,126.67723960000001
7788691359,45.711988100000006,126.72339050000001
7788691369,45.6928992,126.71073200000001
7788691380,45.6961926,126.6955001
7788691381,45.6983972,126.70035440000001
7788691894,45.70832,126.69895410000001
7788691899,45.6898896,126.70075580000001
7788691931,45.7107874,126.7131877
7788691947,45.6903037,126.69667810000001
7788691952,45.675514400000004,126.6986315
7788691958,45.6898761,126.6938913
7788691959,45.686440600000005,126.6884971
7788691963,45.6891461,126.6835516
7788691965,45.6829404,126.69820000000001
7794109769,45.703287,126.67824870000001
7806293193,45.790546500000005,126.58647780000001
7828101843,45.6845738,126.63480510000001
7828101844,45.685084800000006,126.639835
7828101846,45.6879987,126.63968620000001
7828101848,45.7041952,126.6271339
7828101849,45.6842343,126.63145370000001
7828101851,45.699023600000004,126.64353820000001
7828101852,45.6979508,126.6339025
7828101853,45.679983,126.65379340000001
7828101855,45.673532400000006,126.65347220000001
7828113609,45.6913087,126.6707444
7878030746,45.8323047,126.6220126
7878030747,45.831195400000006,126.6228562
7878030748,45.827338100000006,126.62579160000001
7878030749,45.824660900000005,126.62781070000001
7878030750,45.818608100000006,126.63239800000001
7878030752,45.8325413,126.6264969
7878030753,45.828696400000005,126.6294579
7878030754,45.826024700000005,126.63145130000001
7878030755,45.8339903,126.6304185
7878030756,45.8299345,126.63283890000001
7878030757,45.8304745,126.6280954
7878030758,45.831831300000005,126.63173440000001
7878030759,45.8284834,126.61534730000001
7878030760,45.826377900000004,126.6169462
7878030761,45.824569200000006,126.6183261
7878030764,45.8122963,126.62671230000001
7878030767,45.8102396,126.62124250000001
7878030768,45.813565600000004,126.61812270000001
7878037174,45.816503600000004,126.61589740000001
7878037175,45.8171042,126.6175326
7878037176,45.8193582,126.62205920000001
7878037177,45.8207557,126.6258451
7878037178,45.821090100000006,126.626726
7878037179,45.822184,126.629686
7878037180,45.8176908,126.62100160000001
7878037181,45.818356900000005,126.6227965
7878037182,45.819752300000005,126.62656690000001
7878037183,45.820073400000005,126.6274494
7878037184,45.821194500000004,126.630442
7878039439,45.8172548,126.6014305
7878039440,45.8212052,126.6053062
7878039441,45.8192503,126.60681140000001
7878039442,45.817254000000005,126.60841260000001
7878039444,45.8079758,126.6155767
7878039445,45.8237353,126.6098079
7878039446,45.821919300000005,126.6111896
7878039447,45.8190785,126.6133604
7878080987,45.814671100000005,126.6103757
7878080988,45.8129866,126.60461550000001
7878080989,45.8162151,126.60564350000001
7878080990,45.813825400000006,126.60748240000001
7880044137,45.8095389,126.6294625
7880146541,45.8280803,126.62151130000001
7880146542,45.829138,126.6244147
7880947987,45.828298700000005,126.6111589
7880947988,45.840868,126.63097780000001
7880947989,45.845266300000006,126.64283340000001
7894498546,45.7454693,126.6677408
7894498547,45.7455049,126.6671615
7915338804,45.663911600000006,126.61963990000001
7915338805,45.6628503,126.6142894
7915338806,45.6634748,126.61969690000001
7915338807,45.66337,126.61416120000001
7915338808,45.6650075,126.59644220000001
7915338809,45.6670561,126.61587240000001
7915338813,45.6617394,126.58523310000001
7915338821,45.6725702,126.5878529
7915338823,45.67215,126.58889140000001
7915338826,45.669768700000006,126.58801860000001
7915338828,45.669781,126.5878644
7915338849,45.6682933,126.61559020000001
7915338854,45.6665277,126.564469
7915338864,45.6878189,126.52980950000001
7915338866,45.6880411,126.53045290000001
7915338871,45.691552800000004,126.5292598
7915338872,45.7432771,126.51928360000001
7981096906,45.7260926,126.756589
7981096907,45.727262800000005,126.75104900000001
7981096919,45.702864500000004,126.6905315
7981096933,45.7029128,126.69510700000001
7981297357,45.778466400000006,126.72110850000001
7981297358,45.7785518,126.72179530000001
7981297360,45.7798974,126.73309200000001
7981297361,45.7833777,126.72634850000001
7981297362,45.7807624,126.70422980000001
7981297364,45.7858822,126.70938960000001
7981297365,45.7769005,126.72221590000001
7981297371,45.782003100000004,126.7146371
7981297372,45.773589400000006,126.7167689
7984022037,45.7028832,126.6686794
7984022038,45.7035611,126.6666917
7984022041,45.706744400000005,126.65686020000001
7984022047,45.7177048,126.66859170000001
7984059849,45.743478100000004,126.75606470000001
7984059850,45.7445345,126.76449290000001
7984059851,45.7419741,126.77350190000001
7984059852,45.742026200000005,126.7797005
7984059859,45.7408367,126.7572762
7984059864,45.750408500000006,126.77131750000001
7984059867,45.7510933,126.7768257
7984059869,45.7541055,126.7605087
7985191076,45.7996198,126.68977070000001
7985204304,45.8055267,126.6971884
7985204305,45.805643700000005,126.69670450000001
7985204306,45.8060344,126.69574610000001
7985204307,45.8071623,126.69406120000001
7985204308,45.807231,126.6942508
7985204310,45.805272900000006,126.69696920000001
7985204323,45.802640800000006,126.6986696
7985204327,45.8013472,126.6995639
7985204328,45.798830900000006,126.7030804
7985204337,45.7987253,126.68912220000001
7985204340,45.803666,126.69747100000001
7985204345,45.7998624,126.7006657
7985204346,45.801022100000004,126.69963200000001
7985204351,45.800262100000005,126.7005647
7985204363,45.801135300000006,126.69989960000001
7985204365,45.8024568,126.69893680000001
7985204379,45.795774900000005,126.6884715
7985204380,45.796339700000004,126.6880708
7985204383,45.798457000000006,126.688872
7985204384,45.795734700000004,126.68840220000001
7985204388,45.7961113,126.68635470000001
7985204394,45.8002479,126.6901921
7985204401,45.801786,126.6923354
7985204402,45.798708100000006,126.68885900000001
7985204403,45.799685200000006,126.68960620000001
7985204404,45.8002861,126.6900932
7985204405,45.805931300000005,126.6956262
7985204406,45.8051842,126.69684240000001
7985204417,45.8030593,126.696172
7985204418,45.801855800000006,126.6922813
7985204431,45.802548800000004,126.6949598
7985204436,45.8055047,126.69649210000001
7985204440,45.803034000000004,126.6964044
7985204443,45.8263314,126.6776133
7985204466,45.7966957,126.68811740000001
7985204469,45.7966568,126.68791110000001
7985204487,45.796262500000005,126.686468
7985204488,45.796785500000006,126.68742800000001
7985204495,45.7956208,126.6864953
7985204506,45.7964745,126.68393110000001
7985204511,45.791667800000006,126.69375930000001
7985204512,45.791633100000006,126.693678
7985204514,45.8021734,126.69374920000001
7985204515,45.8023649,126.6936318
7985204518,45.805584200000006,126.69660760000001
7985204536,45.8294269,126.67328920000001
7985204539,45.8252991,126.67923880000001
7985204540,45.825373400000004,126.6791417
7985204541,45.828717000000005,126.67475470000001
7985204544,45.8298277,126.6724999
7985204545,45.829102600000006,126.6732075
7985204547,45.829408300000004,126.6723012
7985204551,45.8298597,126.67131160000001
7985204553,45.830023700000005,126.67193300000001
7985204556,45.8256955,126.6779058
7985204557,45.825982800000006,126.6783467
7985204560,45.8407424,126.6549128
7985204561,45.8409234,126.65526480000001
7985204563,45.836394500000004,126.6334681
7985204564,45.837323100000006,126.6332423
7985204565,45.8369732,126.6336091
7985204566,45.8366902,126.63387060000001
7985204567,45.839452,126.6413622
7985204571,45.8371079,126.6334846
7985204574,45.8399001,126.6409663
7985204575,45.839596500000006,126.64123540000001
7985204576,45.8397567,126.6410991
7985204578,45.818356800000004,126.63871750000001
7985204579,45.8184144,126.6389302
7985244019,45.804616100000004,126.69823950000001
7985244027,45.806337600000006,126.69548710000001
7985244032,45.8046706,126.6988367
7985405816,45.803473200000006,126.69771200000001
7985405818,45.803640400000006,126.69776110000001
7985405819,45.8037563,126.6976209
7987931565,45.7193058,126.7695609
7987931573,45.7169651,126.78016290000001
7987931574,45.717006100000006,126.7806094
7988056388,45.710598000000005,126.57480410000001
7988056390,45.710254600000006,126.57445700000001
7988056391,45.7144022,126.5782513
7988056392,45.7207537,126.5701576
7988056393,45.721022700000006,126.56983760000001
7988056394,45.7244176,126.56540460000001
7988056395,45.714265000000005,126.57809770000001
7988056396,45.7181556,126.5730802
7988056397,45.7182893,126.57290540000001
7988056398,45.720582900000004,126.56990780000001
7988056400,45.724249400000005,126.5651476
7988056401,45.709792300000004,126.606514
7988056402,45.709816700000005,126.60678600000001
7988056403,45.710888100000005,126.61640270000001
7988056405,45.711838500000006,126.6251385
7988056406,45.711861500000005,126.62539960000001
7988056407,45.7116386,126.62516970000001
7988056408,45.711670000000005,126.6254516
7988056409,45.711310000000005,126.62026490000001
7988077990,45.7972861,126.70666220000001
7991587478,45.790312500000006,126.6906263
7991587479,45.7913657,126.6899219
7991587480,45.7924828,126.6891418
7992017094,45.6972479,126.67801600000001
7994636327,45.7906003,126.6988496
7994636328,45.7902829,126.69824380000001
7994636330,45.790463700000004,126.69983660000001
7994636334,45.791060900000005,126.7015961
7994636335,45.790837,126.69975260000001
7994636336,45.790406600000004,126.69744120000001
7994636341,45.7914638,126.70795790000001
7994636344,45.7916268,126.7111655
7994636371,45.7986615,126.70312630000001
7994748908,45.767528600000006,126.69882310000001
7994808841,45.7616195,126.70138200000001
7994808846,45.7656405,126.70076650000001
7994808850,45.7655863,126.7005862
7994808851,45.765444200000005,126.70039220000001
7994808853,45.766813000000006,126.7005031
7999848514,45.688773700000006,126.5654394
7999848523,45.6844027,126.57333720000001
7999848524,45.684544200000005,126.57313470000001
7999924251,45.6783197,126.59080770000001
7999924252,45.678076700000005,126.5907332
7999924253,45.6809117,126.59153660000001
7999924259,45.680665700000006,126.59145350000001
7999924271,45.662391500000005,126.61115260000001
8002887495,45.7228824,126.6990741
8002887496,45.726046700000005,126.698783
8002887497,45.7271894,126.6986779
8002887499,45.7301572,126.6991856
8002985288,45.7282506,126.6882104
8003058301,45.7141589,126.70192320000001
8003058303,45.7146841,126.69789150000001
8003058304,45.712496400000006,126.69736350000001
8003058305,45.714718600000005,126.69761720000001
8003058306,45.712626400000005,126.69711710000001
8003058307,45.7121245,126.69718440000001
8005033909,45.7313947,126.51914260000001
8008014123,45.736367400000006,126.72204250000001
8008115632,45.7337943,126.65753590000001
8014835693,45.679474500000005,126.65284430000001
8019790414,45.7048945,126.6707743
8022474928,45.7956486,126.66669830000001
8022474929,45.7955382,126.66676600000001
8035720963,45.6933817,126.67230060000001
8065710627,45.7120418,126.66144310000001
8065710628,45.7117385,126.66123160000001
8065710634,45.712503000000005,126.66021020000001
8065710639,45.7249849,126.66889880000001
8077511804,45.721843,126.75747690000001
8080904686,45.7379551,126.5103213
8080904706,45.738957400000004,126.51637040000001
8080904713,45.743762700000005,126.5219744
8080904714,45.7229048,126.5126891
8080904715,45.722865500000005,126.5124286
8080941721,45.713140700000004,126.50052690000001
8080941722,45.713449000000004,126.50280930000001
8080941724,45.7134925,126.5032185
8080941725,45.713302600000006,126.50326880000001
8080941727,45.713993,126.5087733
8080941736,45.6966418,126.50598500000001
8080941737,45.696446,126.50610730000001
8080941738,45.693369800000006,126.50802900000001
8080941739,45.6921912,126.50877890000001
8080941740,45.689252,126.51061720000001
8080941741,45.6926946,126.50846120000001
8080941742,45.692977000000006,126.5082744
8080941743,45.714465700000005,126.47876550000001
8080941745,45.7110852,126.5234413
8081094004,45.705361100000005,126.56442840000001
8081094005,45.7052886,126.56457940000001
8081309204,45.6914534,126.5618079
8081309205,45.683845700000006,126.59249700000001
8081309206,45.6841596,126.5922367
8081309207,45.684399000000006,126.591918
8081309209,45.714655500000006,126.58763090000001
8081309210,45.7143409,126.58851190000001
8081309211,45.7146242,126.58835970000001
8082873420,45.7093434,126.56833770000001
8082873421,45.7094153,126.5681777
8082873422,45.707886900000005,126.5716203
8082873428,45.7088733,126.56335610000001
8082873446,45.7099374,126.56605420000001
8082873449,45.708631000000004,126.5631233
8082952154,45.7923376,126.69286260000001
8087129930,45.713663600000004,126.75501260000001
8087652894,45.731133,126.6932419
8090691322,45.706678600000004,126.55318630000001
8090691323,45.7082466,126.5568626
8090739184,45.725229000000006,126.73480570000001
8090739185,45.7251065,126.7347644
8090739186,45.7174904,126.7324516
8090739187,45.7278637,126.74814310000001
8092448501,45.7195787,126.6846184
8096558413,45.842127100000006,126.6458676
8096580137,45.8368039,126.6039322
8096737789,45.8053255,126.5459261
8096737793,45.804264,126.54822970000001
8096737795,45.8054099,126.5479487
8096737816,45.8002801,126.54794380000001
8096747524,45.752694500000004,126.5921529
8096747525,45.7528103,126.59239280000001
8096747526,45.7483153,126.60179710000001
8096747527,45.7482558,126.60194000000001
8096747528,45.748225500000004,126.60170790000001
8096747529,45.7481592,126.6018528
8096908295,45.693470700000006,126.68989440000001
8096908296,45.6936077,126.69017570000001
8096908297,45.6997566,126.68328640000001
8096908298,45.6996738,126.6831147
8096908299,45.7029251,126.6805061
8096908301,45.704082400000004,126.67762570000001
8096908302,45.7042919,126.67786880000001
8096908303,45.6995731,126.68295780000001
8096908304,45.699707000000004,126.68317830000001
8096908305,45.6997409,126.6832432
8096908306,45.7011319,126.6816052
8096908310,45.702111,126.68075710000001
8096908311,45.7019168,126.68103040000001
8096908312,45.7018247,126.6811198
8096908313,45.7012821,126.68166400000001
8096908314,45.701102000000006,126.68185460000001
8096908315,45.7000691,126.683097
8096939317,45.6876964,126.70035720000001
8096939318,45.683528900000006,126.70128310000001
8096939319,45.683270500000006,126.70140950000001
8096939321,45.6815082,126.70905810000001
8096939322,45.6781626,126.7092585
8115058826,45.712586200000004,126.75160050000001
8150865748,45.7298847,126.69713610000001
8150892719,45.7093999,126.6667563
8152782133,45.825782600000004,126.6082561
8153217078,45.8121449,126.61917410000001
8153217079,45.813142400000004,126.6218101
8153217080,45.8135259,126.62293720000001
8153217081,45.8145237,126.6255392
8153217083,45.8110742,126.620001
8153217085,45.814971,126.6305183
8153217086,45.809077900000005,126.6203414
8153217087,45.8090601,126.622894
8153217088,45.8102862,126.63206890000001
8153217089,45.8101495,126.62808620000001
8153217090,45.8120611,126.6290764
8157178915,45.804729300000005,126.5143041
8200422049,45.78193,126.5917165
8201601842,45.7236318,126.7461296
8201601843,45.7235802,126.74650030000001
8201601844,45.723471200000006,126.74646200000001
8201601845,45.723521600000005,126.74609670000001
8204264664,45.802350800000006,126.69858610000001
8204307297,45.6850358,126.7043045
8204307298,45.6861873,126.70612200000001
8204307299,45.6876067,126.7083535
8221939124,45.7169119,126.6354388
8221939129,45.714272,126.63897630000001
8221939130,45.714241,126.639092
8221939131,45.7142112,126.63920340000001
8221939132,45.713303200000006,126.6416355
8221939133,45.712505900000004,126.64342610000001
8221939134,45.7114698,126.64647350000001
8221939135,45.7149121,126.64514340000001
8222036921,45.704711700000004,126.63661040000001
8222036925,45.678176400000005,126.64167200000001
8222036926,45.6781805,126.6415238
8222036927,45.685375500000006,126.6400859
8222036928,45.6853567,126.6399104
8222036929,45.6853762,126.63975980000001
8222036930,45.6679704,126.6548841
8222036931,45.6684824,126.65477050000001
8222036934,45.6691553,126.66112210000001
8222036939,45.6657402,126.6365174
8222036940,45.665919200000005,126.6382892
8222036941,45.665882800000006,126.6377875
8222036944,45.667244200000006,126.6442174
8222128526,45.6659796,126.63808
8222128527,45.6661244,126.6390604
8222128530,45.6752022,126.61411240000001
8222128531,45.675121000000004,126.614187
8222128532,45.676509,126.62529640000001
8227683327,45.7267876,126.6809046
8227683330,45.7264351,126.6810751
8227683331,45.729796900000004,126.69717770000001
8227683332,45.7290846,126.69246790000001
8227708906,45.7222408,126.6677992
8227708907,45.722416200000005,126.6672975
8229151892,45.695928200000004,126.6873499
8229151893,45.695964000000004,126.68741670000001
8229413215,45.7152797,126.75249720000001
8229413216,45.715307200000005,126.7523522
8229727739,45.668249,126.65455730000001
8229727740,45.668084,126.65459120000001
8233067046,45.739347800000004,126.5192643
8233067047,45.739168400000004,126.5192612
8233067049,45.7458395,126.5878608
8233150457,45.7282771,126.71208050000001
8233150458,45.728021000000005,126.71381070000001
8233185911,45.7082678,126.626418
8234025205,45.7552667,126.7036034
8234025207,45.7496309,126.69819880000001
8234025208,45.7496038,126.74240160000001
8234025209,45.749391900000006,126.74230530000001
8234025210,45.7492539,126.74272880000001
8234025211,45.7494487,126.74286330000001
8234025212,45.751519900000005,126.7369747
8234025213,45.751054700000005,126.73668740000001
8234025215,45.7503243,126.74067190000001
8234025216,45.749917,126.74017470000001
8248305260,45.7093514,126.62671830000001
8248305264,45.7110647,126.626118
8248305265,45.7112744,126.6267555
8248305266,45.7111983,126.62651810000001
8248305267,45.711852,126.6260704
8248305281,45.709048800000005,126.62677000000001
8248305285,45.7097506,126.62842400000001
8248305289,45.7107997,126.6292296
8248305290,45.710587800000006,126.6297859
8248305291,45.710164000000006,126.6305353
8248305292,45.7107564,126.63122890000001
8248305293,45.7108659,126.6318023
8248305294,45.709829400000004,126.63830240000001
8248362066,45.709175300000005,126.6297117
8248362069,45.7085548,126.62979000000001
8248362071,45.7065683,126.6299936
8248362072,45.7080849,126.6269836
8248362073,45.708049100000004,126.62666
8248362074,45.708278500000006,126.6286556
8248362077,45.7084387,126.62868510000001
8248362079,45.7072951,126.6288767
8248362084,45.707530000000006,126.6308324
8248362086,45.706604500000005,126.62825880000001
8266000908,45.7173524,126.75331560000001
8266000909,45.716809700000006,126.7562331
8270630214,45.713743,126.60729350000001
8270687117,45.714787300000005,126.6093072
8270687118,45.711703400000005,126.61154040000001
8270687119,45.7108034,126.6117473
8270687120,45.711738100000005,126.6118881
8270687121,45.710845500000005,126.6120949
8270687123,45.710878300000005,126.6135086
8270687126,45.7112215,126.61531850000001
8270687127,45.710838,126.61203330000001
8270687128,45.710499600000006,126.612125
8270687129,45.706662800000004,126.62901970000001
8270687130,45.706867100000004,126.6289732
8272988824,45.701364500000004,126.5782899
8272988825,45.699472400000005,126.57931490000001
8285837989,45.7737016,126.62652740000001
8296314352,45.702702300000006,126.54157380000001
8296314355,45.702484600000005,126.54322090000001
8296314358,45.7038323,126.54501470000001
8296314360,45.7033927,126.54112400000001
8296314361,45.7027908,126.54028860000001
8299350123,45.731687900000004,126.60123060000001
8299350125,45.7333091,126.60279940000001
8299350126,45.733565500000005,126.6021403
8299534913,45.7334763,126.60363120000001
8299534914,45.7333334,126.6035147
8299534915,45.7332187,126.6034194
8299534916,45.7331079,126.60332760000001
8299565617,45.7403655,126.58544610000001
8299978139,45.7212151,126.6384728
8299978142,45.7235074,126.6317128
8299978146,45.717354,126.6266348
8299978150,45.7270412,126.63381700000001
8299978151,45.728601100000006,126.6349653
8299978157,45.719604000000004,126.6279075
8299978161,45.720318600000006,126.6290297
8299978162,45.721134400000004,126.62881940000001
8299978166,45.7208963,126.62933170000001
8299978170,45.724583100000004,126.6318717
8299978171,45.7352287,126.6407355
8299978172,45.7421455,126.65024170000001
8299978176,45.7458809,126.656158
8299978177,45.7437094,126.65242060000001
8299978178,45.7438866,126.6529534
8299978179,45.746139400000004,126.6559086
8299978182,45.742842,126.6506458
8299978184,45.742578200000004,126.64993450000001
8299978185,45.7425918,126.6508201
8299978186,45.7443419,126.65324410000001
8299978187,45.7442745,126.6529064
8299978188,45.738429200000006,126.592595
8299978189,45.7383906,126.59268300000001
8299978191,45.7367597,126.59108320000001
8299978192,45.733235,126.6025798
8299978193,45.7301573,126.58800760000001
8299978195,45.728297600000005,126.59018110000001
8299978199,45.7290131,126.58920090000001
8300138892,45.734773800000006,126.5989531
8300138893,45.7313015,126.59584290000001
8300138894,45.727389200000005,126.59207810000001
8300138895,45.736663300000004,126.6030592
8300138897,45.735374400000005,126.6044564
8300138898,45.7352786,126.59891730000001
8300138904,45.7371849,126.59923560000001
8300138905,45.7493111,126.60993380000001
8300138907,45.7508131,126.61116860000001
8300138908,45.752865500000006,126.6128317
8300138912,45.749764000000006,126.6104116
8300138913,45.7502646,126.61081970000001
8300149217,45.752102400000005,126.6122383
8300149218,45.752370500000005,126.61254000000001
8300149222,45.754446,126.61404820000001
8300149223,45.755073800000005,126.61430960000001
8300149226,45.752148000000005,126.6121593
8300149233,45.743904900000004,126.62692620000001
8300149234,45.745383600000004,126.62431450000001
8300149237,45.7462837,126.62227080000001
8300149238,45.745214600000004,126.62410890000001
8300149239,45.743730600000006,126.62671970000001
8300149249,45.769291700000004,126.651296
8301538026,45.7384153,126.59243450000001
8301538030,45.7382855,126.5927498
8301538033,45.737923800000004,126.5919221
8301538034,45.737439900000005,126.59199790000001
8301538035,45.737791200000004,126.59230170000001
8301708061,45.705118600000006,126.5473699
8301708090,45.730843500000006,126.58336720000001
8301725117,45.705179400000006,126.54726910000001
8301725118,45.7309153,126.5832881
8301725119,45.712859,126.55785410000001
8301725124,45.7154729,126.56197340000001
8301725125,45.7155527,126.56222580000001
8301725126,45.721692000000004,126.5711816
8301725130,45.7188802,126.56672710000001
8301725131,45.7185381,126.5661012
8301725133,45.7162415,126.5759804
8301725134,45.717157500000006,126.57483730000001
8301725135,45.7170142,126.57457190000001
8301725136,45.7160907,126.5757329
8301725139,45.7080962,126.5871343
8301725144,45.710191300000005,126.58407620000001
8301725145,45.710316000000006,126.5836845
8301725148,45.711754000000006,126.5816681
8301725149,45.7124376,126.58099700000001
8301725150,45.711995800000004,126.58063670000001
8301725152,45.7101394,126.58351510000001
8301725153,45.7098464,126.58374140000001
8301725158,45.707829100000005,126.58711860000001
8307444100,45.747354,126.76337280000001
8307444102,45.7490765,126.7716647
8307444103,45.748399500000005,126.77183780000001
8307444104,45.749104100000004,126.77749820000001
8307444106,45.746293900000005,126.7784182
8307508722,45.729975,126.752054
8307508742,45.7391561,126.76223580000001
8307508744,45.737481700000004,126.7764561
8307508753,45.7410076,126.759966
8307508754,45.7441114,126.76112440000001
8307508755,45.748615400000006,126.7628844
8309827310,45.6703593,126.6897627
8309827311,45.671334800000004,126.6893711
8309827312,45.6664527,126.69354240000001
8309827314,45.671028500000006,126.69579300000001
8309827315,45.6697739,126.68999780000001
8309827316,45.6721457,126.69530730000001
8309859617,45.6726825,126.6980238
8309859618,45.6720927,126.69827360000001
8309859620,45.667878300000005,126.6952823
8309859621,45.6682434,126.6970041
8309859627,45.674527000000005,126.69572620000001
8340524769,45.7173742,126.76510660000001
8346268009,45.686519800000006,126.5305366
8346268012,45.691576600000005,126.5371633
8346268013,45.694171700000005,126.532848
8346279084,45.736930300000004,126.58650480000001
8346279093,45.7147422,126.53798060000001
8346279096,45.7145822,126.53874660000001
8346279097,45.7375855,126.58565200000001
8346343949,45.6621949,126.6164605
8346343951,45.662314200000004,126.61777520000001
8347400839,45.693759500000006,126.5943282
8365983520,45.706436200000006,126.57569470000001
8365983523,45.7056057,126.57520070000001
8365983536,45.705214700000006,126.5775452
8365983538,45.7057718,126.57672330000001
8365983540,45.705779500000006,126.57643460000001
8365983543,45.7059593,126.5759711
8365983546,45.705721800000006,126.5755074
8365983553,45.705906000000006,126.57546780000001
8365983559,45.7055329,126.57616560000001
8365983560,45.705364800000005,126.5749868
8365983567,45.705362900000004,126.57673100000001
8365983570,45.7054641,126.57703900000001
8365983577,45.705397700000006,126.5771799
8365983578,45.7052506,126.576936
8365983582,45.762056900000005,126.6194401
8365983583,45.7620753,126.61990100000001
8365983587,45.7619077,126.61992380000001
8365983588,45.762013800000005,126.61992070000001
8365983590,45.762572600000006,126.62453000000001
8365983614,45.7587938,126.62831220000001
8365983620,45.758760200000005,126.6275648
8365983621,45.7586304,126.6275193
8365983626,45.757702900000005,126.6258571
8365983631,45.7584189,126.62790360000001
8365983633,45.7568648,126.62674150000001
8365983641,45.7595578,126.6292451
8365983642,45.7575603,126.6255244
8365983644,45.7563303,126.62460680000001
8365983645,45.758613100000005,126.6208086
8365983647,45.759466700000004,126.62174200000001
8365983648,45.7610679,126.623726
8365983653,45.7614341,126.622978
8365983655,45.7610729,126.62262150000001
8365983656,45.75961,126.6213711
8365983661,45.7626008,126.6225665
8365983664,45.7630666,126.62480640000001
8365983667,45.7640205,126.62444230000001
8365983671,45.7628475,126.6223891
8365992979,45.7144865,126.58762560000001
8365992980,45.7146575,126.5878021
8365992986,45.7177267,126.58743480000001
8365992987,45.7174102,126.586876
8365992988,45.717100300000006,126.58707500000001
8365992997,45.714310000000005,126.5872259
8365992998,45.714914,126.58722130000001
8365992999,45.7173164,126.58763680000001
8376927499,45.7425438,126.5140616
8413557920,45.7088048,126.5634612
8413557921,45.7086648,126.56333300000001
8413557945,45.704797000000006,126.56572000000001
8413557946,45.7037397,126.5681945
8414526121,45.724435,126.67016620000001
8414526127,45.7252808,126.67512850000001
8414529235,45.7210411,126.6680879
8414686170,45.727442800000006,126.64847630000001
8414686171,45.7277933,126.64870990000001
8414686172,45.727550900000004,126.6481523
8414686173,45.727895100000005,126.64838990000001
8414686174,45.7278157,126.64863960000001
8414686175,45.727467100000005,126.64840350000001
8414686176,45.727521700000004,126.64824
8414686177,45.7278656,126.64848260000001
8414686194,45.7300077,126.64989890000001
8414754184,45.7630658,126.66878500000001
8414754186,45.7628697,126.6624536
8414754190,45.764221000000006,126.66217660000001
8414754195,45.762793800000004,126.6659503
8414754199,45.7642296,126.66233940000001
8414754207,45.7624611,126.66219620000001
8414754208,45.762496600000006,126.6625994
8414754209,45.762275900000006,126.6622057
8414763017,45.753307400000004,126.6614981
8414763021,45.7502647,126.66138540000001
8414763022,45.7501716,126.6614876
8414763025,45.7537486,126.66190040000001
8414763031,45.749663700000006,126.66190770000001
8414763034,45.761497000000006,126.66266370000001
8414763035,45.7676018,126.6621982
8414763036,45.7672789,126.6622294
8415455836,45.7663042,126.70067610000001
8415455838,45.767006200000004,126.70106930000001
8415455845,45.768208400000006,126.6997527
8416308274,45.7703689,126.631252
8416308275,45.768517300000006,126.63228020000001
8416321445,45.6697227,126.7239234
8416321447,45.6649685,126.7416639
8416679097,45.8034258,126.54715180000001
8416702450,45.726279600000005,126.7268439
8416702451,45.726375100000006,126.7268691
8416702452,45.7260645,126.728346
8416702453,45.726167200000006,126.72836950000001
8416735849,45.681630500000004,126.53242870000001
8416735851,45.6813463,126.53283040000001
8417702087,45.7778051,126.65047380000001
8417721685,45.737306000000004,126.5925074
8417721686,45.7378274,126.5912155
8417721687,45.7384287,126.59054300000001
8417955271,45.656366000000006,126.636166
8417955279,45.656135400000004,126.63613210000001
8417955280,45.656105100000005,126.63585370000001
8417955281,45.656319700000005,126.63585180000001
8417955282,45.6559961,126.63485170000001
8417955289,45.656173,126.6344665
8417955290,45.655576200000006,126.62883120000001
8417955296,45.6553538,126.6289466
8418365384,45.714828600000004,126.6248736
8418365395,45.7149402,126.6241992
8418365402,45.716955000000006,126.6261096
8418365405,45.7162817,126.62537010000001
8418664604,45.6563287,126.61852470000001
8418799402,45.7776927,126.62115790000001
8418804537,45.7837801,126.6631899
8418804561,45.7021542,126.6806341
8418804575,45.699350700000004,126.6434717
8424227030,45.7413353,126.583837
8424227037,45.741432100000004,126.5793287
8424227038,45.7414082,126.5787918
8424227040,45.7408225,126.58336750000001
8424227047,45.7344821,126.5715504
8424227048,45.734526900000006,126.57101240000001
8425207726,45.7502469,126.615357
8425207728,45.752374100000004,126.61228390000001
8434066643,45.7309518,126.6693642
8434066644,45.7304632,126.6667175
8434066647,45.729938100000005,126.66673270000001
8434066648,45.730192300000006,126.6668207
8434066649,45.7292562,126.66716910000001
8441839341,45.6713991,126.6019387
8441839350,45.6611551,126.59719390000001
8441839353,45.669051100000004,126.58762290000001
8447511058,45.7650377,126.64382370000001
8447511062,45.7650397,126.6437609
8463470191,45.7723634,126.67504740000001
8463470197,45.7710372,126.67241360000001
8463470200,45.772620700000004,126.674924
8484482647,45.7294202,126.73174340000001
8495992425,45.738604300000006,126.7668381
8620620481,45.641866,126.6633549
8624030759,45.7231317,126.7579719
8627215726,45.7987047,126.67856970000001
8627215728,45.802528800000005,126.6792786
8627292288,45.7445493,126.52781970000001
8627331066,45.723651200000006,126.75560940000001
8627331069,45.718165000000006,126.75346200000001
8646486446,45.6866022,126.6504486
8646486458,45.6908119,126.61145660000001
8646486459,45.691139400000004,126.6146374
8646486460,45.692885700000005,126.6142209
8646486461,45.692702800000006,126.61248540000001
8646486462,45.6929165,126.6145135
8646486463,45.69523,126.61189680000001
8646486464,45.692833,126.61906390000001
8646486465,45.6925733,126.61657170000001
8646486466,45.6923685,126.6125633
8646486469,45.691819800000005,126.61121890000001
8646486470,45.6939596,126.61067740000001
8646486471,45.6941228,126.6121547
8646486472,45.694347,126.61418330000001
8646486473,45.692547100000006,126.61100780000001
8646486474,45.6925072,126.61062940000001
8649285434,45.6798869,126.6240235
8649285435,45.679845900000004,126.62367390000001
8666869712,45.757717500000005,126.6695325
8666869713,45.7589422,126.67168760000001
8666869714,45.758577200000005,126.67188730000001
8666869716,45.7584363,126.6721734
8666890017,45.7584985,126.67286650000001
8666890019,45.759885100000005,126.67146690000001
8666890024,45.758941300000004,126.66966280000001
8666890025,45.7589416,126.6704471
8666890026,45.759924100000006,126.6705725
8666890027,45.759978100000005,126.6697707
8666890028,45.758941500000006,126.6701187
8666890029,45.7577847,126.6700775
8666890030,45.758254300000004,126.6700943
8666890031,45.760355100000005,126.6712914
8666890033,45.7611478,126.6713615
8666890034,45.7573018,126.67252140000001
8666890035,45.7569687,126.6722493
8666890036,45.7561339,126.6725121
8666890038,45.7550351,126.67225750000001
8666890041,45.7559777,126.67238510000001
8686180108,45.736821600000006,126.62640990000001
8686385492,45.731542700000006,126.63641700000001
8686385516,45.734193000000005,126.6302354
8686405317,45.7355158,126.62746990000001
8686405323,45.7357999,126.62123700000001
8686405324,45.7368791,126.62258010000001
8686405325,45.738506,126.6246679
8686405327,45.737998600000005,126.62372020000001
8686405332,45.7374189,126.6233897
8686418517,45.7358148,126.62847640000001
8686418521,45.735564100000005,126.62890700000001
8686418526,45.7360376,126.6289787
8720798362,45.7236739,126.66048370000001
8767017739,45.744861400000005,126.62454790000001
8767017742,45.7450155,126.62367800000001
8767017746,45.744751300000004,126.62412350000001
8790852260,45.7050355,126.6873486
8790852261,45.704660800000006,126.6872309
8808057610,45.726331300000005,126.67519100000001
8808057611,45.7283264,126.6759473
8808057612,45.7260496,126.67531880000001
8808057613,45.7261783,126.6759183
8808057614,45.726372700000006,126.67682380000001
8808057615,45.7262994,126.67648240000001
8808159020,45.727302300000005,126.67603410000001
8847970060,45.8375253,126.50185630000001
8847970061,45.830217700000006,126.49551640000001
8847970068,45.832793900000006,126.5555915
8847970069,45.834961,126.55796400000001
8847970073,45.821500300000004,126.54384080000001
8847970074,45.8233101,126.5515144
8847970084,45.822540700000005,126.5688082
8847970085,45.818281000000006,126.58587680000001
8847970089,45.8209469,126.5580046
8847974417,45.812886000000006,126.50155780000001
8847974421,45.830196,126.501675
8847974422,45.8300537,126.50167400000001
8847974423,45.8301072,126.52036480000001
8847974429,45.837516,126.5017095
8847974435,45.8356854,126.5201011
8847974437,45.818259600000005,126.5103517
8847974438,45.818220200000006,126.52002060000001
8847974439,45.8180605,126.51034560000001
8847974440,45.818054700000005,126.5200204
8847974441,45.8182198,126.52020770000001
8847974462,45.793953800000004,126.5040589
8847974463,45.794386200000005,126.50555190000001
8847974464,45.792091600000006,126.4993953
8847974465,45.7926244,126.50120240000001
8847974466,45.7930435,126.50256700000001
8847974467,45.793584100000004,126.5042882
8847974470,45.7962393,126.5026488
8847974471,45.7966903,126.5041123
8847974473,45.8069629,126.53383640000001
8847974474,45.806983100000004,126.5335697
8847974475,45.810021000000006,126.539612
8847974476,45.809911500000005,126.5396252
8847974477,45.821435900000004,126.54365740000001
8847974478,45.8213676,126.5434781
8858664571,45.635622700000006,126.63964150000001
8858670821,45.700113,126.5873267
8858670822,45.6982021,126.58471290000001
8858670844,45.6938437,126.5590037
8858670845,45.6893321,126.57118750000001
8858670846,45.6869856,126.57725540000001
8858673605,45.6867673,126.7155285
8858673608,45.684729000000004,126.72273530000001
8859358420,45.822411900000006,126.59233110000001
8859358431,45.823013200000005,126.593641
8859358432,45.8265827,126.59091430000001
8859358459,45.823539600000004,126.6333584
8859358473,45.8051151,126.5397815
8859358475,45.812049300000005,126.55507850000001
8859358495,45.801600900000004,126.5478008
8859358513,45.8207706,126.5768141
8859358515,45.816334600000005,126.5695819
8859358516,45.8168309,126.57826850000001
8859359217,45.8166834,126.5754969
8859359225,45.799646300000006,126.5151543
8859359226,45.7995814,126.51495240000001
8859359227,45.798489000000004,126.50761600000001
8859359228,45.808371,126.50174720000001
8859366153,45.825248800000004,126.591931
8859366155,45.8279932,126.5994708
8859366156,45.8270999,126.59703010000001
8859366157,45.8247566,126.5988047
8859366168,45.8249123,126.65474730000001
8879695855,45.7065793,126.77280700000001
8879695856,45.7043113,126.776938
8879837087,45.809422100000006,126.5244095
8879837088,45.8124856,126.5242948
8892286891,45.705155100000006,126.68598580000001
8892286893,45.704985,126.6929925
8892286898,45.698825600000006,126.67880330000001
8892286901,45.700308500000006,126.66212150000001
8892286902,45.7003641,126.66008930000001
8892286905,45.7197599,126.65234520000001
8892286908,45.7226311,126.65374220000001
8892326882,45.726909000000006,126.6442246
8892326883,45.7264008,126.64589110000001
8892326897,45.726100200000005,126.6465802
8892326898,45.725860600000004,126.6464215
8892326900,45.726052900000006,126.64581150000001
8892348533,45.729167100000005,126.7066867
8892348536,45.7403715,126.7080506
8892348537,45.7411504,126.70237440000001
8894335563,45.702028600000006,126.6877175
8894335565,45.700360200000006,126.68700980000001
8894335567,45.701356100000005,126.68743680000001
8907249729,45.6927953,126.6133638
8907249730,45.692510500000004,126.6131555
8907249733,45.6913725,126.6113409
8907249734,45.692446000000004,126.61254520000001
8907249735,45.691496400000005,126.61243850000001
8907249736,45.6909265,126.61256940000001
8907249737,45.690964400000006,126.6129382
8907249740,45.691067100000005,126.6139356
8907249744,45.694082900000005,126.6187871
8907258060,45.6957675,126.612728
8907258061,45.695331800000005,126.6128168
8907258062,45.693920500000004,126.610324
8907258063,45.690765500000005,126.6110057
8925923326,45.688308600000006,126.6062514
8925923340,45.7098358,126.54838780000001
8925923341,45.712984000000006,126.55147880000001
8925923343,45.7103662,126.5539686
8929796967,45.715315200000006,126.69778980000001
8929851456,45.731709900000006,126.71905210000001
8929851458,45.7319255,126.71691990000001
8929851459,45.730058500000005,126.71635080000001
8929851460,45.728005700000004,126.7156911
8929851461,45.73194,126.71492680000001
8929851462,45.730329700000006,126.7144028
8929851463,45.728443600000006,126.71381960000001
8929851464,45.734354200000006,126.7155149
8929857468,45.7171138,126.68382460000001
8929857473,45.7178659,126.6783381
8933180677,45.7464341,126.57417830000001
8933180679,45.744903,126.5733646
8933180680,45.7457891,126.5751326
8933180681,45.745669500000005,126.5742002
8933180682,45.745584400000006,126.57344850000001
8933180683,45.7460479,126.57380930000001
8933180686,45.746021600000006,126.5729649
8933180687,45.7461137,126.5742474
8933180689,45.745896,126.5743252
8934962575,45.7045077,126.69728450000001
8934962585,45.704643700000005,126.69704
8934962609,45.7110677,126.71308930000001
8944366786,45.6928463,126.84056360000001
8946655916,45.777279500000006,126.70824780000001
8946655919,45.770983,126.7115588
8946655925,45.774714200000005,126.70916860000001
8946655931,45.7712124,126.70976
8946655932,45.7716299,126.7111306
8946655947,45.7709533,126.70933520000001
8946655954,45.772548500000006,126.7133807
8946655965,45.776852100000006,126.710165
8946655967,45.771943500000006,126.71274310000001
8946655975,45.7759202,126.7094811
8946800742,45.795279900000004,126.69091700000001
8946800755,45.7975732,126.69646530000001
8946800765,45.7955892,126.7016679
8946800767,45.7946198,126.7023958
8946800777,45.798321,126.69808210000001
8946800790,45.7936543,126.70334620000001
8946800791,45.796356700000004,126.69964080000001
8948592141,45.7293162,126.61485970000001
8948621357,45.739608800000006,126.6088603
8948621372,45.747740900000004,126.6143085
8948621374,45.7433144,126.61013960000001
8948621375,45.7395372,126.6085204
8948621376,45.7399235,126.6089209
8948621384,45.740784100000006,126.60983770000001
8948621392,45.7413583,126.61059700000001
8948621398,45.747570700000004,126.61456070000001
8948621403,45.7425993,126.6103681
8948621404,45.7473286,126.61503270000001
8948621405,45.742830000000005,126.61104730000001
8948666208,45.7809478,126.70573580000001
8948697012,45.734194200000005,126.7299189
8948697014,45.7264593,126.7271013
8948717319,45.7261722,126.7269701
8948717320,45.7262849,126.7283031
8948717325,45.7259929,126.72822860000001
8948717328,45.7266625,126.68096510000001
8948784460,45.672184400000006,126.6174866
8948784461,45.672353900000005,126.61528750000001
8948784462,45.790665600000004,126.73084720000001
8952947700,45.700412400000005,126.79993540000001
8953003088,45.6786023,126.7373608
8953003094,45.660195300000005,126.7582397
8956395572,45.764517500000004,126.6432841
8956395574,45.7637985,126.64272700000001
8956395576,45.7653675,126.64159160000001
8956395577,45.7658031,126.6426454
8956395579,45.765839,126.64273290000001
8956395580,45.7657408,126.64427380000001
8956395581,45.7661421,126.64363010000001
8956395584,45.766325900000005,126.64363390000001
8956491775,45.775448100000006,126.6783044
8956491776,45.7754375,126.67795380000001
8956491777,45.7747648,126.6779977
8956491780,45.777081200000005,126.6768672
8956491786,45.778166500000005,126.6741865
8956491787,45.7781303,126.6731517
8956491788,45.777915500000006,126.6731694
8957077939,45.704729500000006,126.62867010000001
8957077940,45.704601000000004,126.62710120000001
8957077986,45.703920600000004,126.62212310000001
8957077988,45.703895700000004,126.62187960000001
8957078088,45.7106099,126.6157579
8957078089,45.710814500000005,126.61571020000001
8957078157,45.707353000000005,126.6171836
8957078158,45.707509,126.6171443
8957078221,45.7029342,126.6129643
8957078246,45.7079777,126.60717090000001
8957078272,45.706003800000005,126.6076105
8957078288,45.703248800000004,126.6156358
8957078311,45.706163100000005,126.6075787
8975083348,45.733142400000006,126.70769050000001
8975083349,45.731818600000004,126.7073103
8975083373,45.841203,126.5717206
8975083374,45.839849400000006,126.5718633
8975083376,45.846303400000004,126.58599310000001
8979122238,45.7102887,126.62758110000001
8979122242,45.710289200000005,126.6289732
8979122243,45.712247500000004,126.62864920000001
8979122245,45.7124126,126.6302526
8979122250,45.711302700000005,126.61124910000001
8979122251,45.7120936,126.61107820000001
8979122252,45.7135067,126.6110397
8979122253,45.712723100000005,126.6111819
8979122254,45.7122037,126.6113275
8979122255,45.7116933,126.61141660000001
8979122266,45.7113275,126.61162680000001
8979122267,45.7113748,126.6119723
8979122268,45.7142161,126.61484870000001
8979122270,45.714635,126.6151169
8979122271,45.713268500000005,126.61506190000001
8979122273,45.713779800000005,126.6152955
8979122274,45.7148173,126.61434440000001
8979122276,45.7148042,126.6142197
8979122278,45.7152097,126.6141915
8979122279,45.715406,126.61415480000001
8979122280,45.7151695,126.61139050000001
8979122281,45.7153287,126.6113547
8979122282,45.7155452,126.61191600000001
8979122283,45.715414300000006,126.6107307
8979122284,45.71575,126.61187410000001
8979122286,45.715358800000004,126.611348
8979122288,45.71569,126.61066710000001
8979122289,45.7154765,126.61131890000001
8979122290,45.714997600000004,126.61142910000001
8979122291,45.710730700000006,126.60931260000001
8979122293,45.710958100000006,126.60863080000001
8979122294,45.71329,126.6134767
8979122295,45.7134676,126.61344020000001
8979122296,45.7132732,126.61321650000001
8979122297,45.714130100000006,126.6152213
8979122298,45.7141624,126.61569530000001
8979122299,45.715485400000006,126.61494110000001
8979122300,45.7155439,126.61552060000001
8979122304,45.712904200000004,126.61464880000001
8979122306,45.712541800000004,126.6147722
8979122307,45.7122918,126.61482380000001
8979122308,45.7129763,126.6138375
8979122309,45.7122145,126.613994
8979122310,45.712958500000006,126.6135545
8979122311,45.712188600000005,126.61371700000001
8979122314,45.7107413,126.6120595
8979122315,45.711810400000005,126.6292454
8979132818,45.711545,126.62909590000001
8979132819,45.7091453,126.6275688
8979132822,45.7069691,126.62991550000001
8979132823,45.706924400000005,126.6299242
8979132824,45.707388800000004,126.62982670000001
8982543637,45.7513043,126.606316
9003557114,45.738457600000004,126.7194577
9013176743,45.7693014,126.5189806
9013176788,45.7520013,126.56916460000001
9013176816,45.746348700000006,126.52957810000001
9013201117,45.7462037,126.52964460000001
9013201225,45.7453282,126.52372840000001
9013201226,45.745593400000004,126.52322550000001
9013201227,45.7453778,126.52286210000001
9013201228,45.7452051,126.5228665
9013201229,45.745439700000006,126.5220525
9013201231,45.7451388,126.52240250000001
9013201232,45.745369200000006,126.5210966
9013201234,45.745103400000005,126.52215460000001
9013201235,45.744923400000005,126.5208941
9013201239,45.745663300000004,126.5214145
9013201241,45.7449997,126.52142780000001
9018689582,45.7195668,126.706466
9021479405,45.8263533,126.5645092
9021497733,45.827462600000004,126.56177710000001
9025678061,45.719341400000005,126.70638170000001
9025678062,45.7180322,126.6987308
9025678065,45.7313387,126.71066520000001
9026173158,45.809534600000006,126.5461999
9031290631,45.841419800000004,126.60291540000001
9031290649,45.821607,126.5908007
9031359827,45.806499200000005,126.59984700000001
9031359828,45.8064065,126.5999699
9031359829,45.8064174,126.5997681
9031359832,45.8031282,126.56459430000001
9033717314,45.6902064,126.69394390000001
9033717316,45.6902838,126.6949239
9033795336,45.697447200000006,126.68563580000001
9033851517,45.821333,126.59142240000001
9034063979,45.728371300000006,126.64860410000001
9034063983,45.732048600000006,126.6375146
9034063984,45.732246800000006,126.63683370000001
9034063994,45.7337636,126.6387509
9034063995,45.7338881,126.638345
9034063996,45.7339702,126.63808340000001
9034120455,45.7196513,126.68398350000001
9034120456,45.7240612,126.68466280000001
9034120457,45.7240666,126.68453260000001
9034299881,45.730642,126.74932390000001
9037449550,45.7275848,126.7178602
9037449556,45.727197000000004,126.72056130000001
9037491088,45.730982000000004,126.7239555
9037720111,45.7773496,126.79355400000001
9037725736,45.727227400000004,126.7211606
9037754611,45.723474,126.5169166
9037857960,45.7367962,126.59100310000001
9037857968,45.7050658,126.54744380000001
9039291481,45.812582000000006,126.50981840000001
9039291482,45.8125841,126.51044630000001
9039291483,45.8127681,126.5104299
9039291484,45.812914500000005,126.5104168
9039291485,45.812912700000005,126.5098562
9039291488,45.8127666,126.50983950000001
9039291489,45.812583800000006,126.5102619
9039291490,45.8125827,126.51001540000001
9039291491,45.8124514,126.5104582
9039291492,45.8124497,126.50980320000001
9039291493,45.8129727,126.52833030000001
9039291494,45.812495600000005,126.52834600000001
9039291503,45.8128128,126.5283356
9039291504,45.812645700000004,126.52834100000001
9039339016,45.7424851,126.7025909
9039340367,45.7313538,126.61007400000001
9039340368,45.731313,126.61017930000001
9039358226,45.753559700000004,126.70383740000001
9039358244,45.7408498,126.70192220000001
9039358257,45.7539412,126.7035718
9039358268,45.7625642,126.7011729
9039358273,45.7620755,126.70185780000001
9039358277,45.7648868,126.7012066
9039358280,45.751017600000004,126.70457870000001
9039358281,45.749569300000005,126.70395920000001
9039358282,45.749548600000004,126.70455720000001
9039358843,45.756380400000005,126.58036270000001
9039504130,45.7403677,126.62960480000001
9039504132,45.739212200000004,126.62921010000001
9039504136,45.739910900000005,126.62875460000001
9039504144,45.737242300000005,126.62694
9039504145,45.742584,126.62312600000001
9039504147,45.747057600000005,126.6278762
9039504148,45.740530500000006,126.6219351
9039504149,45.739242600000004,126.6242364
9039504150,45.7401271,126.62266600000001
9039504151,45.7404152,126.62301060000001
9039504152,45.740343300000006,126.62401910000001
9039504154,45.7409216,126.62209550000001
9039504160,45.745539400000006,126.62576490000001
9039504162,45.7446616,126.6279411
9039504163,45.7447797,126.6280693
9039504164,45.744433300000004,126.6276933
9039504165,45.742475400000004,126.6221148
9039504166,45.743396600000004,126.6250165
9039504168,45.7439345,126.6240185
9039504169,45.7372876,126.62698540000001
9039504170,45.740876400000005,126.62517790000001
9039504171,45.7402564,126.62442250000001
9039504173,45.742263900000005,126.62246080000001
9039504177,45.741393300000006,126.62236290000001
9039504179,45.7418044,126.62221000000001
9039504180,45.7412957,126.62253770000001
9039504181,45.741595700000005,126.6219994
9039504183,45.741139800000006,126.62235340000001
9040056222,45.7031227,126.81285570000001
9040056225,45.709756500000005,126.76782120000001
9042242477,45.6937659,126.76655910000001
9042242497,45.702271200000006,126.73406770000001
9042242498,45.702561700000004,126.73407390000001
9042257393,45.7330595,126.7112127
9042323870,45.6686958,126.6614306
9042323871,45.6682222,126.65716640000001
9042323872,45.6687166,126.65709020000001
9042323878,45.672251100000004,126.66801290000001
9042323879,45.669864700000005,126.6686231
9042335521,45.720358000000004,126.72188030000001
9042365267,45.7507943,126.64421580000001
9042373932,45.7629291,126.63004880000001
9042373935,45.7629023,126.63053450000001
9042373944,45.7588603,126.62913750000001
9042626883,45.714727700000005,126.65383430000001
9042626884,45.7143826,126.65358450000001
9042626886,45.715389800000004,126.6511038
9042626887,45.713878,126.6563339
9042626888,45.7135109,126.65606910000001
9042648531,45.791575900000005,126.6543884
9042648532,45.791719,126.65488180000001
9042648533,45.7946545,126.65241560000001
9042648550,45.8116575,126.6356944
9042648555,45.813434,126.6419812
9042704938,45.738475300000005,126.5924899
9042704939,45.738339100000005,126.59280030000001
9043346072,45.7198871,126.6427003
9043346073,45.719757300000005,126.6430533
9043417205,45.703220200000004,126.54410250000001
9043417215,45.704504500000006,126.54252020000001
9043469739,45.782732200000005,126.72074980000001
9043486924,45.6921331,126.5313775
9043486950,45.6779245,126.53637610000001
9043486952,45.6790497,126.53470560000001
9043486974,45.7008627,126.5288718
9043486976,45.718105,126.5203292
9043486977,45.7182582,126.5208822
9043486985,45.726524000000005,126.5198031
9043486988,45.7265171,126.51923160000001
9043486997,45.722894700000005,126.5197557
9044495122,45.7586165,126.62113740000001
9044495123,45.7584078,126.62131880000001
9044495124,45.7591921,126.62197850000001
9044495125,45.757759400000005,126.6209663
9046536750,45.8356512,126.54213220000001
9046536751,45.838525700000005,126.5498338
9048024333,45.7878795,126.73847180000001
9048024335,45.7879711,126.73848040000001
9048024336,45.784385400000005,126.7375355
9048024337,45.7864784,126.7381038
9048025260,45.7728114,126.74654090000001
9048092396,45.7810015,126.74172920000001
9048092407,45.7738476,126.71895040000001
9048092408,45.769550800000005,126.71997180000001
9048092410,45.791591700000005,126.7138824
9048092412,45.7866736,126.71572130000001
9048092416,45.791533300000005,126.7163555
9048096217,45.7895801,126.7166816
9048096220,45.7869101,126.7176359
9048115417,45.789063500000005,126.76967850000001
9048115419,45.7885914,126.7626675
9048115421,45.7898141,126.7514651
9048115422,45.801713,126.74730220000001
9055067026,45.7801969,126.6156047
9055088305,45.6846066,126.7127171
9055088316,45.689649700000004,126.7169922
9061221520,45.6696189,126.7238837
9061221523,45.6697635,126.7242772
9061261516,45.7008286,126.52825490000001
9061406355,45.6692837,126.55684670000001
9061406356,45.6547837,126.54510920000001
9061406357,45.6547008,126.54504080000001
9061406358,45.650637200000006,126.5417245
9061406360,45.649069700000005,126.54535000000001
9061406375,45.6697933,126.54548820000001
9061406376,45.6673825,126.54984040000001
9061406395,45.6686338,126.5403778
9061406399,45.673966300000004,126.54448060000001
9061406402,45.6689396,126.5618864
9061406403,45.6752946,126.55704130000001
9061406406,45.6773806,126.5496523
9061406412,45.675525,126.55624940000001
9061406413,45.671161600000005,126.5526435
9061482109,45.6980244,126.6510214
9061541121,45.694113800000004,126.52545350000001
9061541122,45.691211700000004,126.52801710000001
9061541123,45.6973817,126.52455440000001
9061541124,45.697103600000005,126.5248066
9061541126,45.697010500000005,126.52969130000001
9061541128,45.69765,126.52655890000001
9061541131,45.695203400000004,126.52585970000001
9061541132,45.689056300000004,126.52383160000001
9061541134,45.6970034,126.5287337
9061541137,45.7006973,126.5342121
9061541138,45.6972632,126.53690780000001
9061568836,45.6711911,126.57069840000001
9061568837,45.670199200000006,126.5703507
9061568846,45.6685195,126.55919420000001
9061568855,45.688604700000006,126.56521110000001
9061980193,45.749608800000004,126.66197910000001
9061998512,45.7642152,126.66201980000001
9061998513,45.7642338,126.66250040000001
9061998515,45.775816400000004,126.6540645
9061998516,45.776066300000004,126.6543649
9062016170,45.756127,126.60875440000001
9062035652,45.7727506,126.64336870000001
9062045361,45.769099100000005,126.65100480000001
9062045364,45.769872400000004,126.6536631
9062045366,45.774003,126.65800820000001
9062083486,45.773840400000005,126.658298
9062192475,45.6939172,126.48496220000001
9062208424,45.7851611,126.65857450000001
9062223352,45.7628634,126.6622808
9062223353,45.7628737,126.6625604
9062223356,45.7691582,126.65164680000001
9063925969,45.6992312,126.6681774
9063925970,45.699862800000005,126.6684156
9063925971,45.7002509,126.6674385
9066287217,45.7671122,126.66600460000001
9066287218,45.7673708,126.66597540000001
9066287223,45.767241600000006,126.66177520000001
9066287224,45.7675752,126.66175380000001
9066287225,45.7523652,126.65741440000001
9066287226,45.7532414,126.6539867
9066287227,45.752270100000004,126.65287860000001
9066287230,45.755197200000005,126.65051960000001
9066287231,45.7547786,126.651255
9066287232,45.7542218,126.65225790000001
9066287233,45.7537327,126.65310520000001
9068741106,45.7629351,126.66589780000001
9068741107,45.762697700000004,126.66597840000001
9075898640,45.7423415,126.5849247
9075898664,45.752175,126.59277610000001
9083387006,45.7959935,126.5104888
9083438778,45.798395600000006,126.51357290000001
9083438784,45.7980019,126.51247850000001
9083438790,45.7980273,126.51238550000001
9083438791,45.7980218,126.51253870000001
9083438795,45.7981087,126.51255970000001
9083438798,45.798145700000006,126.5124392
9083438800,45.7983303,126.5122745
9083438803,45.798531800000006,126.511582
9083438810,45.798186300000005,126.51010790000001
9083445872,45.704100600000004,126.62715610000001
9083451217,45.7976966,126.5091845
9083451218,45.7976181,126.5092778
9083451219,45.7975781,126.50944080000001
9083451221,45.798497100000006,126.51182870000001
9083451224,45.7975897,126.5096824
9083451236,45.7975463,126.50955320000001
9083451237,45.797564,126.5095565
9083451241,45.797674400000005,126.5099234
9083451248,45.7978888,126.5118774
9083451262,45.7956343,126.5140034
9083451264,45.7976084,126.50932940000001
9083451279,45.797255400000004,126.50884500000001
9083451283,45.797308,126.50885830000001
9083451285,45.797504100000005,126.50967670000001
9083451287,45.797178900000006,126.5098844
9083451304,45.7968063,126.5092666
9083451308,45.7968532,126.5092709
9083451311,45.7964951,126.51018250000001
9083451322,45.7963383,126.50965500000001
9083451329,45.7963487,126.5096434
9083454217,45.7958154,126.50990420000001
9083454224,45.7958255,126.5098918
9083454227,45.795701,126.51069500000001
9083454229,45.795445,126.50980770000001
9083454243,45.795383,126.5097791
9083454253,45.796122000000004,126.5136355
9083454254,45.796385,126.51024120000001
9083454255,45.796621300000005,126.5119612
9083454256,45.7970838,126.5099488
9083454257,45.797128300000004,126.5101525
9083454262,45.797301000000004,126.51160540000001
9085065416,45.7976255,126.50977490000001
9085081717,45.7970941,126.50999610000001
9085081718,45.7963931,126.5103
9085081719,45.7964172,126.5104752
9085081720,45.797879300000005,126.5115327
9085081721,45.7982177,126.51239000000001
9085081790,45.798253200000005,126.51032500000001
9112231777,45.768979,126.71667950000001
9112231779,45.7524923,126.7208614
9112231794,45.7524293,126.72238720000001
9112279136,45.7124462,126.4791737
9112308399,45.8212601,126.54353780000001
9112308400,45.8213195,126.5437143
9112308401,45.8213669,126.54391690000001
9112308402,45.8231643,126.55162790000001
9112308405,45.831045800000005,126.53585000000001
9115854826,45.758147900000004,126.74405650000001
9115854827,45.7532763,126.74533600000001
9115854828,45.7521439,126.7456334
9115854829,45.7565393,126.7509696
9115854830,45.7614128,126.74976910000001
9115854831,45.7678412,126.74796950000001
9115854832,45.7683169,126.7519122
9115854833,45.7618791,126.7535306
9115854834,45.7636338,126.7492076
9115854835,45.764074,126.75297880000001
9115854836,45.769523,126.74758310000001
9115854840,45.764546100000004,126.7619777
9115854843,45.7629643,126.762208
9115854846,45.7586024,126.74790940000001
9115854847,45.753748300000005,126.7491305
9115854877,45.7650609,126.76546760000001
9115854878,45.7651732,126.76521340000001
9115854879,45.765815,126.7658375
9115854880,45.7661608,126.7627003
9115854881,45.7669214,126.76340350000001
9115854882,45.7685559,126.7584784
9115854883,45.7739612,126.75708390000001
9115854884,45.769145800000004,126.7609675
9115854886,45.7674845,126.7639139
9115854889,45.769587300000005,126.767847
9115854890,45.768433800000004,126.76952100000001
9115854892,45.768956,126.7722021
9115854893,45.768405300000005,126.77224290000001
9115854894,45.768035100000006,126.7704396
9115854895,45.7687091,126.7748083
9115854896,45.7687803,126.7754819
9115854897,45.769117300000005,126.77475380000001
9115854899,45.773446500000006,126.77127780000001
9115854900,45.7704128,126.75663890000001
9115854901,45.771500200000006,126.75907110000001
9115854902,45.7720264,126.7550097
9115854903,45.7729799,126.7578792
9118989234,45.692275200000005,126.5629318
9121455086,45.711022,126.64332490000001
9121474548,45.7052149,126.68581940000001
9121474549,45.704809600000004,126.6856838
9121474550,45.706377200000006,126.6605949
9121474551,45.705163000000006,126.66427180000001
9128991332,45.7886267,126.63484260000001
9128991333,45.7879091,126.63561030000001
9192874183,45.7371734,126.62273680000001
9192916101,45.7268581,126.68124100000001
9192916102,45.726499000000004,126.6813903
9211425359,45.7820837,126.6198954
9271241407,45.8196572,126.5491343
9271241409,45.821493100000005,126.55291380000001
9271241410,45.8229338,126.54300260000001
9271241411,45.8253599,126.5499764
9271241412,45.827209800000006,126.54855660000001
9271241414,45.825381400000005,126.5445016
9271241415,45.823863700000004,126.54557450000001
9271241416,45.8221355,126.54682190000001
9271261321,45.8269346,126.5294669
9271269518,45.8173612,126.5499029
9271269519,45.8215943,126.55311800000001
9271269520,45.823205800000004,126.55183310000001
9271269521,45.823362,126.55173420000001
9271269522,45.8272938,126.5487688
9271269524,45.8332144,126.5442395
9271269526,45.8357162,126.54230580000001
9271269527,45.8405095,126.5386311
9288039541,45.818292,126.6470292
9288039542,45.818837200000004,126.64875280000001
9288039543,45.8191755,126.6498227
9288039544,45.819678200000006,126.65145210000001
9295115309,45.734602,126.5911801
9295166421,45.7327299,126.59285240000001
9310096057,45.688342500000005,126.53293040000001
9310096060,45.679188700000005,126.53458900000001
9310096113,45.6843013,126.5731461
9310096114,45.684443900000005,126.5729383
9310096115,45.6870752,126.5677675
9310105217,45.691602700000004,126.5615283
9346318105,45.728889900000006,126.59351190000001
9369312942,45.719031,126.48537250000001
9369312943,45.719255000000004,126.48530520000001
9369367718,45.788854400000005,126.76646520000001
9399469318,45.7121931,126.5714822
9399469319,45.712535100000004,126.5718944
9399469320,45.7159126,126.57596590000001
9399469321,45.716081900000006,126.5761911
9399469322,45.712110300000006,126.57161160000001
9399469323,45.7124554,126.572012
9399469324,45.7158165,126.5760881
9399469325,45.715995400000004,126.57628430000001
9399578440,45.7816234,126.61891910000001
9399613172,45.774634400000004,126.6009891
9399613173,45.7746421,126.6002079
9399613174,45.7883234,126.63440440000001
9399613175,45.787650500000005,126.63511620000001
9399613176,45.7922537,126.64090030000001
9399613177,45.7912058,126.64191120000001
9399613178,45.7904232,126.6427472
9399613181,45.788862900000005,126.64444940000001
9455204180,45.7006493,126.62398220000001
9468637384,45.6713563,126.5525082
9468637396,45.6695914,126.55661110000001
9522780686,45.782976000000005,126.58284610000001
9522780692,45.782907800000004,126.58306250000001
9522780698,45.781210400000006,126.55799880000001
9522780699,45.7771224,126.54867650000001
9522809919,45.7783608,126.55784980000001
9522809921,45.7801065,126.5554745
9522809927,45.7805723,126.5565203
9537048949,45.8254383,126.5501847
9537048953,45.824528,126.5565971
9537048954,45.8246601,126.55650460000001
9537048956,45.831156,126.551522
9537048959,45.831591100000004,126.5454698
9537048960,45.8336679,126.5515012
9537048962,45.833712000000006,126.55350010000001
9537048968,45.830426100000004,126.5496217
9537048969,45.826362200000005,126.55266460000001
9537048970,45.824091300000006,126.5544368
9537048972,45.828228300000006,126.55127660000001
9537048974,45.8297819,126.55552410000001
9537048975,45.834923200000006,126.55375830000001
9537048976,45.834878,126.55058240000001
9537048977,45.8325161,126.54814400000001
9537048978,45.8340266,126.547003
9537048981,45.834833200000006,126.55826160000001
9555471233,45.7012829,126.5615219
9555471238,45.7010123,126.5613041
9561633879,45.744391300000004,126.7196081
9561633886,45.744391300000004,126.7204384
9584963937,45.7470945,126.70398540000001
9584963938,45.746171600000004,126.71319840000001
9584963939,45.7462158,126.71360190000001
9584963958,45.746045200000005,126.71190270000001
9618655862,45.718065,126.59346810000001
9642296857,45.736357700000006,126.5335134
9642296859,45.7527003,126.5931671
9642296860,45.742935200000005,126.5900187
9642296862,45.7453693,126.59257590000001
9642296863,45.744405400000005,126.59142860000001
9642296864,45.735504600000006,126.59703630000001
9642296865,45.7337256,126.59550220000001
9642296866,45.732155600000006,126.59403350000001
9642296867,45.7342877,126.59431300000001
9642296868,45.734326200000005,126.5802611
9642296869,45.736719300000004,126.57716640000001
9642296871,45.7301677,126.5868106
9642296872,45.729362200000004,126.58791970000001
9642296874,45.733383200000006,126.58261650000001
9642342413,45.772717500000006,126.70618490000001
9642342414,45.7708316,126.7066398
9642377680,45.7289303,126.62202520000001
9642377682,45.7296879,126.62434640000001
9642377683,45.6947472,126.6032016
9642377690,45.6925857,126.59733170000001
9642377692,45.7160468,126.61649410000001
9642377693,45.713573700000005,126.6158092
9642377694,45.714436400000004,126.62423000000001
9642377695,45.7139028,126.61902130000001
9642377697,45.716069100000006,126.64004620000001
9642377698,45.751710200000005,126.61287840000001
9642377699,45.7500018,126.611592
9642377701,45.753517200000005,126.60131620000001
9642377702,45.754114200000004,126.5998138
9642377703,45.7662448,126.60660630000001
9642377707,45.7682014,126.59926680000001
9642377708,45.7550966,126.6089814
9642377709,45.7538903,126.6080323
9642377710,45.7530322,126.6074588
9642377711,45.748741,126.63625580000001
9642377712,45.7477062,126.63510350000001
9642468595,45.7388798,126.65919480000001
9642468600,45.7375241,126.6583008
9642468601,45.7351211,126.66224530000001
9642468602,45.733301000000004,126.6642326
9649000326,45.770339500000006,126.6546826
9649161639,45.711856100000006,126.65987220000001
9649161644,45.686822,126.5450057
9649161647,45.730932300000006,126.57880580000001
9652036456,45.7690002,126.6620747
9652912006,45.8099471,126.50152010000001
9652912007,45.8099476,126.50170490000001
9653799372,45.784821400000006,126.63585920000001
9653799373,45.7861704,126.64524560000001
9653799374,45.786865500000005,126.6447947
9653799375,45.7877731,126.64427250000001
9653799376,45.787519700000004,126.6432721
9653799377,45.787956,126.6449448
9653799378,45.788741900000005,126.6465031
9653799380,45.789233800000005,126.6481725
9653799381,45.7897313,126.64986110000001
9653799382,45.790233,126.6515641
9653799383,45.790727600000004,126.65324260000001
9653799384,45.7890504,126.65917340000001
9653799385,45.7883244,126.68399740000001
9653799386,45.786950100000006,126.6849171
9653799388,45.786986500000005,126.6925836
9653799389,45.789120700000005,126.6918813
9653799390,45.788095600000005,126.6926631
9653806335,45.720908300000005,126.6428558
9653806336,45.7216351,126.6406812
9653806337,45.7209372,126.64019700000001
9653806338,45.722641700000004,126.6405644
9653806339,45.7218606,126.64000650000001
9653806340,45.7211287,126.63947580000001
9653806341,45.7229953,126.63953880000001
9653806342,45.7222057,126.6389738
9653806343,45.7221604,126.6391095
9653806344,45.721429500000006,126.63861370000001
9653806347,45.743546900000005,126.6570707
9653806350,45.7449377,126.6548326
9653806351,45.756773900000006,126.631268
9653806352,45.755856300000005,126.63284650000001
9653806353,45.719406500000005,126.59083880000001
9653806355,45.718031800000006,126.591273
9653806358,45.716434400000004,126.56293760000001
9653806360,45.7187963,126.55645200000001
9653806361,45.720550800000005,126.55408390000001
9653806363,45.721467800000006,126.55370860000001
9653806364,45.721533300000004,126.55431490000001
9653806365,45.7193527,126.5573013
9653806366,45.7197453,126.55790040000001
9653806368,45.7199662,126.55313120000001
9653806371,45.7209841,126.55700700000001
9653806372,45.719832700000005,126.55505310000001
9653806374,45.720366000000006,126.55591360000001
9653806375,45.7207668,126.55653880000001
9653806376,45.7202229,126.5586293
9653806378,45.722019700000004,126.55647730000001
9653806382,45.7230574,126.55466870000001
9653806383,45.722349300000005,126.5568635
9653806388,45.725371200000005,126.57649690000001
9653806391,45.7288185,126.5721309
9653806392,45.7279344,126.5732928
9653806393,45.728768200000005,126.57460870000001
9653806394,45.7365246,126.5796595
9653806395,45.7345429,126.5764833
9653806396,45.735739900000006,126.578433
9653806398,45.7347162,126.5855138
9655728122,45.708918700000005,126.5971782
9655758647,45.7114534,126.5920346
9655758648,45.711006700000006,126.5876717
9655779501,45.7179189,126.5895296
9657776319,45.7794778,126.61602950000001
9657776320,45.779080900000004,126.61393140000001
9657776325,45.741130000000005,126.58995770000001
9657776328,45.7395361,126.59347070000001
9657776329,45.740918,126.59483850000001
9657776330,45.7414034,126.5937023
9657776331,45.7489986,126.6096334
9657776332,45.7486225,126.61048930000001
9657776333,45.7480726,126.6117112
9657776334,45.7435594,126.604516
9657776335,45.744688100000005,126.60214850000001
9657776336,45.739803,126.6075921
9657776342,45.736395800000004,126.60364600000001
9657776344,45.7354222,126.6016268
9657776345,45.7490965,126.5963416
9657776346,45.748009800000005,126.5953346
9657776347,45.749574800000005,126.59874
9657776348,45.747947200000006,126.59726400000001
9657776350,45.757286900000004,126.6085407
9657776351,45.7564368,126.60809200000001
9657776352,45.7559273,126.60780460000001
9657776353,45.739703500000005,126.61440640000001
9657776354,45.7387846,126.61323890000001
9657776356,45.733936500000006,126.61353140000001
9657776357,45.7322101,126.6122995
9657776359,45.7326739,126.6112659
9657776360,45.7259101,126.6311852
9657776361,45.724143100000006,126.62990420000001
9657776362,45.730639100000005,126.63310270000001
9657776363,45.729956,126.63516440000001
9657776364,45.7293638,126.63220240000001
9657776365,45.7300419,126.63024580000001
9657776366,45.725474600000005,126.6471609
9657776367,45.724527,126.6499533
9657776368,45.7122042,126.63840880000001
9657776371,45.712161200000004,126.6408667
9657776372,45.7222628,126.67291650000001
9657776373,45.7225264,126.67438220000001
9657776374,45.723549600000005,126.672414
9657776375,45.723807,126.67388810000001
9657776376,45.723567300000006,126.67398130000001
9657776377,45.723843900000006,126.6753807
9657776407,45.7404908,126.49537540000001
9657776413,45.762185300000006,126.59796910000001
9657776414,45.7641184,126.59917600000001
9657776415,45.77398,126.60092110000001
9657825018,45.772471700000004,126.59954590000001
9658346968,45.7866055,126.77895450000001
9659767572,45.7350635,126.5813763
9659767573,45.7374194,126.57826240000001
9659767574,45.7375787,126.5780684
9659767575,45.736461000000006,126.57956010000001
9663342103,45.7120909,126.5499408
9663342104,45.7092517,126.54918760000001
9663342108,45.709529700000004,126.5467335
9663342114,45.701783600000006,126.55250670000001
9663342120,45.6947835,126.54114870000001
9663342121,45.6952506,126.5376605
9663342122,45.6962678,126.54033740000001
9663342123,45.697670900000006,126.5443537
9663342320,45.718829500000005,126.6012436
9663342322,45.718649600000006,126.6045564
9663342323,45.6985262,126.58766560000001
9663342324,45.6987134,126.58936840000001
9663432598,45.656795,126.6825263
9663457998,45.6689402,126.55657240000001
9663458002,45.663628700000004,126.5565983
9663458010,45.6600333,126.55902760000001
9663458028,45.6592555,126.55106590000001
9663458029,45.6578,126.55358290000001
9663458034,45.6538297,126.5551147
9663458058,45.672130200000005,126.62001790000001
9669222568,45.741627900000005,126.61156500000001
9671686481,45.6641361,126.5408
9671686482,45.7081737,126.6658622
9671686485,45.7080244,126.6757134
9671686486,45.705859000000004,126.6749388
9671686487,45.7072036,126.68011390000001
9671686493,45.7176218,126.66470380000001
9671686496,45.7157368,126.66733470000001
9671686501,45.736041400000005,126.64750550000001
9671686503,45.7320623,126.6430555
9671686504,45.731946300000004,126.64317020000001
9671686506,45.735983100000006,126.6476762
9671686507,45.7354518,126.64923510000001
9671686509,45.7347563,126.64683360000001
9671686510,45.734809600000006,126.64669140000001
9671686511,45.7351204,126.6457694
9671686513,45.732798800000005,126.64715620000001
9671686514,45.7336851,126.6458252
9671686515,45.7325079,126.64794520000001
9671714918,45.7334778,126.6515396
9671714919,45.731708600000005,126.6502789
9671714920,45.7339147,126.6502497
9671714921,45.732122000000004,126.64904130000001
9671714922,45.733242700000005,126.6498006
9671714923,45.7328227,126.65107680000001
9671714924,45.732393300000005,126.64761530000001
9671714927,45.731365200000006,126.6479664
9671714929,45.7322475,126.6486778
9671714932,45.7293509,126.64776730000001
9671714934,45.7288991,126.6482084
9671714937,45.731872900000006,126.6497932
9671714938,45.730718700000004,126.6475027
9671714939,45.7304146,126.6484623
9671714940,45.730327300000006,126.64721300000001
9671714941,45.7300294,126.6482048
9671714945,45.734835800000006,126.67945250000001
9671714946,45.745316100000004,126.6846804
9671714947,45.744199900000005,126.6843898
9671714949,45.7423489,126.6872598
9671714952,45.7382093,126.68608850000001
9671714954,45.7376778,126.68619960000001
9671714955,45.7399539,126.6849545
9671714956,45.739727300000006,126.6864884
9671714957,45.738611000000006,126.68781170000001
9671714958,45.738813,126.68624570000001
9671714960,45.739119,126.6846948
9671714961,45.739334400000004,126.68318860000001
9671714962,45.7392717,126.6831571
9671714963,45.739368500000005,126.68234430000001
9671714969,45.7397501,126.6843642
9671714970,45.7396668,126.684863
9671714971,45.739890800000005,126.68336570000001
9671714973,45.7402378,126.6840167
9671714974,45.7411083,126.6814623
9671714977,45.743406400000005,126.67963610000001
9671714981,45.7404768,126.67648960000001
9671714982,45.740182100000006,126.6786455
9671714983,45.735723400000005,126.678718
9671714984,45.7386058,126.67955
9671714985,45.7338157,126.68201040000001
9671714986,45.732714200000004,126.6816763
9671714987,45.731742600000004,126.6813637
9671714988,45.7419698,126.68898960000001
9671714989,45.7417339,126.69088930000001
9671714990,45.7415384,126.69240110000001
9671714992,45.7405999,126.69983610000001
9671714993,45.7415724,126.70013530000001
9671714995,45.740302,126.7014843
9671714996,45.7410525,126.66733260000001
9671714998,45.7385528,126.6683395
9671714999,45.7585518,126.70277340000001
9671715000,45.759060500000004,126.7070953
9671715001,45.7619728,126.70451290000001
9671715002,45.7600683,126.7050004
9671715004,45.758825,126.7050945
9671715010,45.7555296,126.70580520000001
9671715011,45.7596707,126.7024908
9671715012,45.7599261,126.70482510000001
9671715016,45.758951800000006,126.70621430000001
9671715017,45.7556724,126.7070171
9671715019,45.7639804,126.7037863
9671715022,45.7654165,126.7051488
9671715023,45.7660314,126.70499590000001
9671715026,45.764364,126.7066006
9671715027,45.764219600000004,126.70545790000001
9671715028,45.783441,126.68949980000001
9671715029,45.783686900000006,126.69158010000001
9671715031,45.7845621,126.6955789
9671715035,45.782384900000004,126.6926277
9671715036,45.7834258,126.6835966
9671715037,45.782746800000005,126.68408380000001
9671715038,45.784291700000004,126.68277400000001
9671715039,45.783354,126.6833902
9671715040,45.785436100000005,126.68063430000001
9671715044,45.784300800000004,126.68054310000001
9671715045,45.7836924,126.6809661
9671715046,45.7850849,126.682985
9671715053,45.7816418,126.6712009
9671715054,45.7796438,126.67576670000001
9671715055,45.779437800000004,126.67688360000001
9671715056,45.7789421,126.67554100000001
9671715057,45.7809766,126.67622320000001
9671715058,45.7817109,126.6736527
9671715059,45.7808932,126.67291180000001
9671715060,45.779709700000005,126.67183870000001
9671715061,45.780377200000004,126.67409090000001
9671715062,45.780974,126.6746064
9671715063,45.780389500000005,126.67602210000001
9671715064,45.780190000000005,126.6771305
9671715065,45.780546,126.6756146
9671715066,45.779952300000005,126.67506170000001
9671715068,45.7849026,126.67273630000001
9671715069,45.7833598,126.67380240000001
9671715076,45.794248,126.64868580000001
9671715077,45.794854,126.6507399
9671715078,45.794010400000005,126.6458113
9671715080,45.7921787,126.64685720000001
9671715082,45.793136800000006,126.646252
9671715083,45.788940200000006,126.64637730000001
9671715084,45.7884794,126.6447679
9671715085,45.7852747,126.64678610000001
9671715086,45.7857471,126.64833960000001
9671715087,45.786245900000004,126.65004970000001
9671715088,45.7866337,126.6517508
9671715089,45.785847200000006,126.64641990000001
9671715090,45.7862972,126.64800360000001
9671715091,45.7868123,126.6497044
9671715092,45.785912,126.6511186
9671715093,45.7847407,126.65186080000001
9671715094,45.785330800000004,126.65149050000001
9671715095,45.785581900000004,126.6524085
9671715096,45.7861167,126.65412350000001
9671715097,45.786642400000005,126.65582490000001
9671715098,45.7870532,126.6573158
9671715101,45.7813718,126.6515803
9671715102,45.776238,126.64576650000001
9671715103,45.775304000000006,126.6469577
9671715104,45.7839825,126.6447806
9671715105,45.782447700000006,126.64618850000001
9671715110,45.779865900000004,126.61941820000001
9671715112,45.778889,126.6139782
9671715118,45.7586309,126.58514880000001
9671715119,45.7369123,126.5770679
9671715122,45.7395452,126.5757317
9671715125,45.7174599,126.55210910000001
9671715126,45.719551300000006,126.55543300000001
9671715127,45.720049800000005,126.55476010000001
9671715129,45.718887,126.5543772
9671715130,45.7186272,126.55473760000001
9671715131,45.717487000000006,126.55285950000001
9671715132,45.7177367,126.5525489
9671715135,45.7193017,126.55503630000001
9671715136,45.7198,126.5544002
9671715137,45.718036500000004,126.55442520000001
9671715138,45.7177105,126.55479500000001
9671715139,45.7183908,126.5543482
9671715140,45.7181657,126.5546228
9671715141,45.718143100000006,126.55394020000001
9671715142,45.7179109,126.5542329
9671715143,45.7182769,126.5534075
9671715144,45.7180302,126.5537544
9671715145,45.7195568,126.5547107
9671715146,45.719119500000005,126.55406400000001
9671715147,45.719056800000004,126.555366
9671715150,45.7258331,126.562312
9671715158,45.7223248,126.55777750000001
9671715159,45.725485500000005,126.5618556
9671715160,45.723793300000004,126.56407850000001
9671715161,45.725341,126.56340920000001
9671715162,45.724885500000006,126.5626438
9671715168,45.7216457,126.55863690000001
9671715169,45.722546900000005,126.56217500000001
9671715170,45.723174300000004,126.56129870000001
9671715173,45.7230696,126.56114600000001
9671715174,45.722437400000004,126.56200770000001
9671715175,45.722364000000006,126.55929090000001
9671715176,45.722815100000005,126.5587256
9671715182,45.7251178,126.56133690000001
9671715183,45.7417705,126.5385488
9671715184,45.7391902,126.5378275
9671715186,45.7371518,126.5383663
9671715187,45.7390969,126.53505270000001
9671715189,45.7392727,126.5378505
9671715190,45.7412429,126.5384013
9671715193,45.737717,126.54187830000001
9671715194,45.737593000000004,126.5381464
9671715196,45.7380738,126.54177980000001
9671715197,45.738328800000005,126.54351480000001
9671715198,45.7399939,126.5434776
9671715201,45.739957200000006,126.54116760000001
9671715202,45.7395827,126.5412893
9671715204,45.740716400000004,126.5382541
9671715205,45.740686200000006,126.5385564
9671715208,45.7406006,126.54055570000001
9671715209,45.7406553,126.54094070000001
9671715215,45.7403733,126.54103230000001
9671715216,45.7409556,126.540647
9671715222,45.7411759,126.53900180000001
9671715226,45.7400357,126.5380638
9671715227,45.7399105,126.5391266
9671715228,45.7392131,126.5366008
9671715229,45.7395579,126.53652830000001
9671715231,45.740152300000005,126.5371707
9671715241,45.740478,126.5370034
9671715242,45.738773200000004,126.5378922
9671715244,45.738384200000006,126.5395524
9671715247,45.7376762,126.53903810000001
9671715248,45.7391549,126.5381595
9671715251,45.7394527,126.5413316
9671715252,45.7393827,126.5407935
9671715255,45.7386386,126.54159620000001
9671715256,45.7378413,126.53803690000001
9671715257,45.7377747,126.5374666
9671715263,45.738632200000005,126.53791410000001
9671715270,45.7386028,126.53759330000001
9671715271,45.7388154,126.54153880000001
9671715274,45.7394219,126.54323330000001
9671715450,45.720838400000005,126.5475145
9671715464,45.713554200000004,126.6362909
9671715465,45.713005700000004,126.63800280000001
9671715466,45.7133254,126.63615650000001
9671715467,45.712641000000005,126.63576200000001
9671715468,45.7130504,126.63774450000001
9671715476,45.712388700000005,126.6369028
9671768203,45.739957700000005,126.54317110000001
9671782224,45.715523600000004,126.55460210000001
9671782225,45.7165843,126.5563257
9671782233,45.7148674,126.5575788
9671782238,45.7138775,126.5567491
9671782239,45.716112300000006,126.5555563
9671782251,45.7156875,126.55439030000001
9671789188,45.7144794,126.63372880000001
9672191476,45.719006400000005,126.55713510000001
9672191477,45.718687800000005,126.55751500000001
9672191481,45.716749400000005,126.56065880000001
9672191483,45.718132000000004,126.5574538
9672219424,45.7339045,126.56502060000001
9672219428,45.7327206,126.56492270000001
9674345083,45.7244235,126.6042381
9674345086,45.722378000000006,126.6025886
9674345087,45.7246443,126.6035861
9674345089,45.722659500000006,126.6028086
9674345090,45.7252851,126.6016938
9674345091,45.723174400000005,126.60027260000001
9674345092,45.729571,126.60101080000001
9674483697,45.745058900000004,126.56158450000001
9674483703,45.745009200000005,126.5612368
9674846349,45.725354900000006,126.5668373
9674846350,45.725077500000005,126.5672062
9674846355,45.7244906,126.56710600000001
9674846356,45.7241681,126.5675599
9682305823,45.745694400000005,126.5743815
9682341686,45.7615331,126.61531790000001
9684180050,45.8263752,126.5394157
9684180051,45.8265261,126.53982130000001
9684180052,45.8266069,126.5400467
9684180053,45.826767200000006,126.54043460000001
9684180054,45.8276434,126.54276530000001
9684180055,45.8291942,126.547032
9684180056,45.8292744,126.54723530000001
9684180057,45.830213400000005,126.54975890000001
9684180058,45.830949200000006,126.5516889
9684180060,45.8326373,126.55589440000001
9685490139,45.7477546,126.71787250000001
9685490178,45.7432663,126.72466750000001
9685599269,45.7411515,126.6958939
9685819245,45.743370000000006,126.71703120000001
9685819246,45.743324400000006,126.7189443
9686043517,45.745891300000004,126.72186500000001
9687083095,45.838978600000004,126.52881040000001
9687103025,45.840383900000006,126.53848230000001
9687103027,45.8404268,126.5386909
9687410300,45.7373503,126.72205120000001
9687410304,45.7373878,126.72134080000001
9687410305,45.737282900000004,126.72134080000001
9687410306,45.7373891,126.7207506
9687410307,45.737287300000006,126.72074980000001
9687410308,45.737393700000005,126.71931110000001
9687410309,45.737298700000004,126.71931110000001
9687410310,45.737397200000004,126.71868020000001
9687410311,45.7373046,126.7186793
9687410312,45.7455097,126.7178683
9687410316,45.7457324,126.72656350000001
9687420133,45.7366254,126.717916
9687420135,45.7373087,126.7180986
9689029493,45.742605000000005,126.72466530000001
9689029494,45.7425997,126.72492790000001
9689532307,45.772038800000004,126.7130618
9689540717,45.771840700000006,126.7123928
9689540718,45.7710804,126.71287160000001
9689540762,45.7679975,126.70741290000001
9689540763,45.7715108,126.7133946
9689540764,45.7728917,126.71329510000001
9689540765,45.772739200000004,126.712749
9689540766,45.772216900000004,126.71309470000001
9689540774,45.7761542,126.71001380000001
9689936050,45.750048,126.71532330000001
9689936051,45.747487500000005,126.7164247
9691294958,45.7426018,126.7251162
9691294966,45.746017300000005,126.7231754
9691294967,45.7459239,126.7237166
9704737490,45.735573800000004,126.58341370000001
9704737491,45.734721400000005,126.58209230000001
9704737492,45.7347248,126.58209230000001
9709248907,45.766055900000005,126.63884900000001
9709248908,45.7606994,126.64432470000001
9709248909,45.761841600000004,126.64567170000001
9709248910,45.749519,126.64022750000001
9709248911,45.748789200000004,126.64154090000001
9709248914,45.7756722,126.6209067
9709248915,45.774496000000006,126.6214369
9709299535,45.756067300000005,126.63728900000001
9709299537,45.7582426,126.6397931
9709299538,45.759205300000005,126.6409529
9709299539,45.7602868,126.64217330000001
9709299540,45.761257400000005,126.6433427
9709299541,45.7624196,126.64465930000001
9709299542,45.763485700000004,126.64590500000001
9709299543,45.7645198,126.6471166
9709299544,45.7654951,126.648256
9709299545,45.7666185,126.6495708
9709299546,45.767658600000004,126.65077400000001
9709299547,45.768628400000004,126.65187490000001
9709299548,45.769681600000006,126.6531066
9709299550,45.7549294,126.64859430000001
9709299551,45.7543767,126.6495847
9709299552,45.753974500000005,126.65034100000001
9709299553,45.7517057,126.64566500000001
9709299554,45.7522657,126.644936
9709299555,45.7530586,126.6461704
9709299556,45.7648992,126.61620690000001
9709299557,45.7645453,126.6172037
9709299558,45.764036600000004,126.61865730000001
9709299559,45.7639772,126.61883040000001
9709299560,45.7636917,126.61964160000001
9709299561,45.763107700000006,126.62133150000001
9709299562,45.762989000000005,126.6217733
9709299571,45.7707672,126.6542507
9709299572,45.7711587,126.65467880000001
9709299573,45.7714933,126.6550588
9709299574,45.7719004,126.65550920000001
9709299575,45.7717462,126.6557844
9709299576,45.7706656,126.65443810000001
9709299577,45.7635759,126.6549289
9709299578,45.766129500000005,126.65636740000001
9709333180,45.767570400000004,126.6383155
9709333182,45.7638696,126.6371761
9709333184,45.7795349,126.6315536
9709333187,45.780039300000006,126.63126940000001
9709333188,45.7772875,126.63283510000001
9709333190,45.772900400000005,126.63532760000001
9709333191,45.7715125,126.6360525
9709333192,45.7702833,126.6367704
9709333193,45.7701365,126.6368609
9709333197,45.764681800000005,126.63779830000001
9709333198,45.766666300000004,126.6388395
9709359244,45.7680263,126.6073307
9709623220,45.772451800000006,126.64478170000001
9709623222,45.7722886,126.64501130000001
9709623242,45.7578365,126.61003910000001
9709623243,45.759848700000006,126.6114321
9709623244,45.7610339,126.61229680000001
9709623245,45.7618537,126.61290360000001
9709623246,45.762411300000004,126.613292
9709623248,45.7650142,126.6160294
9709623249,45.759180900000004,126.6110038
9709623251,45.765339600000004,126.61829850000001
9709623257,45.772997700000005,126.60199270000001
9709623259,45.7511862,126.66440170000001
9709623305,45.764744400000005,126.593051
9709623309,45.7644425,126.59331
9709623310,45.763634,126.59222000000001
9709623311,45.733910900000005,126.58842120000001
9709623313,45.732114,126.5885269
9709623315,45.7302588,126.59041850000001
9709623317,45.7165636,126.61226140000001
9709623326,45.7393469,126.61502700000001
9709623328,45.739021900000004,126.61745400000001
9709623336,45.7542016,126.6416841
9709623337,45.753548300000006,126.64279610000001
9709623338,45.754415,126.64381
9709623339,45.772209700000005,126.63256790000001
9709623340,45.7708266,126.6332878
9709623341,45.769905200000004,126.6294172
9709623342,45.7688864,126.62991980000001
9709623343,45.7685357,126.62849510000001
9717295232,45.730658600000005,126.5875749
9717295233,45.7315309,126.58895480000001
9717295234,45.7587509,126.6292717
9717380264,45.706053600000004,126.6025269
9717380265,45.702130600000004,126.60338440000001
9717380266,45.703712200000005,126.6030393
9717380267,45.704117200000006,126.60773680000001
9717380268,45.7048785,126.6028036
9717380269,45.70535,126.60747780000001
9717380270,45.7038851,126.6047046
9717380272,45.702312600000006,126.60509330000001
9717380273,45.7039953,126.60599990000001
9717380274,45.702440700000004,126.60640240000001
9717380275,45.715243300000004,126.59791790000001
9717380286,45.7089523,126.5975004
9717380289,45.7091257,126.596096
9717380290,45.7091149,126.5956378
9717380291,45.708942400000005,126.5986548
9717380294,45.7073545,126.5975509
9717380301,45.7015875,126.59861260000001
9717380305,45.748223200000005,126.62519800000001
9747956998,45.786174100000004,126.70786100000001
9747957002,45.785268200000004,126.70870490000001
9747957003,45.7852175,126.70816680000001
9747957004,45.781092900000004,126.70955850000001
9747957005,45.7802902,126.70978190000001
9747957006,45.779656300000006,126.70874780000001
9747957009,45.780427800000005,126.71077030000001
9750674992,45.715920700000005,126.68860740000001
9752671649,45.824046100000004,126.65177550000001
9781139534,45.775702900000006,126.70540260000001
9781139535,45.7750544,126.7055315
9807725371,45.7458534,126.7095235
9808277336,45.7471454,126.61534160000001
9808277407,45.747824200000004,126.6157989
9808277431,45.749579100000005,126.61600820000001
9808277433,45.749225100000004,126.61609990000001
9808277443,45.7470622,126.6130263
9808277452,45.7434573,126.61026640000001
9808277454,45.7456673,126.61149800000001
9808277455,45.7454198,126.6120077
9808277558,45.7059982,126.55840230000001
9808372970,45.7531211,126.61954030000001
9808372977,45.7549809,126.61994290000001
9808372978,45.7551872,126.6199237
9808372982,45.7562677,126.620969
9808372983,45.7551533,126.62028520000001
9808372985,45.757451800000005,126.6208797
9808375986,45.757651800000005,126.6212734
9808375989,45.757402400000004,126.6210753
9812504518,45.796736700000004,126.69936290000001
9812504527,45.796223100000006,126.69861750000001
9812504530,45.7961363,126.6997987
9812554155,45.7980971,126.6999038
9812554156,45.797597,126.69872280000001
9812554198,45.748592800000004,126.71538190000001
9812554201,45.744997500000004,126.71700720000001
9812554202,45.740658100000005,126.72639530000001
9812554203,45.7420388,126.7263678
9812554206,45.7405373,126.72736510000001
9812554207,45.752523200000006,126.7211199
9812554212,45.752059200000005,126.71745800000001
9812554213,45.752043900000004,126.71913090000001
9812588955,45.7497277,126.7056697
9812588964,45.7505858,126.7078764
9812588973,45.7512388,126.7055969
9812588992,45.748150300000006,126.70425800000001
9812588998,45.752089000000005,126.70375560000001
9812588999,45.7502385,126.70189590000001
9812589000,45.7498675,126.7023326
9812589005,45.750911300000006,126.7073079
9845571370,45.785829500000006,126.58903950000001
9845571374,45.7859959,126.5889314
9845571385,45.7858418,126.5886011
9845571400,45.786216800000005,126.58961590000001
9845571407,45.785853700000004,126.58904390000001
9845578108,45.7841541,126.5793763
9849363359,45.7633753,126.61813020000001
9849363363,45.7982857,126.6123809
9849363364,45.7981786,126.61338970000001
9849363365,45.7978946,126.61620380000001
9849363366,45.7981095,126.6123589
9849363367,45.7979968,126.61334360000001
9849363369,45.7976437,126.61619420000001
9870235171,45.705378200000006,126.68587000000001
9870235175,45.7065951,126.6843857
9870235180,45.704883300000006,126.68589220000001
9878571728,45.7051858,126.64264750000001
9878571729,45.7034126,126.64299620000001
9878571730,45.701554,126.64332680000001
9878571731,45.7017158,126.64528290000001
9878571732,45.6998241,126.6436345
9878571733,45.6998229,126.64570400000001
9878571735,45.7056571,126.64259480000001
9878571742,45.7056167,126.64672050000001
9878592131,45.699842200000006,126.64705790000001
9878592132,45.699727800000005,126.6457252
9878598625,45.702766100000005,126.6431112
9878598626,45.7029123,126.64501670000001
9878598627,45.703152700000004,126.6449632
9878598629,45.702845800000006,126.6440805
9878598630,45.7016367,126.64433430000001
9878598658,45.707854000000005,126.64002780000001
9878598659,45.709015300000004,126.6408779
9878616981,45.705866400000005,126.6443694
9878616983,45.7041375,126.64286720000001
9878681216,45.708595700000004,126.63864170000001
9878689117,45.708206000000004,126.64026740000001
9878823399,45.705359900000005,126.67985370000001
9878823400,45.7050452,126.67975290000001
9878823401,45.7045102,126.67955760000001
9878823402,45.7038038,126.6787592
9878823403,45.704008300000005,126.67899440000001
9878823411,45.7053261,126.67917100000001
9878823412,45.7054078,126.6786457
9878823416,45.7052804,126.6776801
9878845421,45.704616400000006,126.67729360000001
9878845423,45.706602700000005,126.6751806
9878845427,45.7053868,126.6758719
9878845428,45.707330000000006,126.6754612
9878845430,45.7064644,126.67601630000001
9878845431,45.706714600000005,126.67522170000001
9878845432,45.7069169,126.6740415
9884534459,45.8274521,126.61126420000001
9884534462,45.8276923,126.6118763
9884534496,45.809878100000006,126.6140376
9884534504,45.818715600000004,126.6203071
9884561127,45.820004600000004,126.6272521
9884561128,45.819833700000004,126.62678100000001
9884709581,45.8363719,126.54944300000001
9886469419,45.823282500000005,126.635699
9886568381,45.8366443,126.5540691
9886568384,45.836702,126.54495320000001
9886568385,45.8356732,126.54573680000001
9886568386,45.837927300000004,126.54824850000001
9886568388,45.8421929,126.5605149
9886568391,45.8373968,126.55913740000001
9886568392,45.8373481,126.55903810000001
9886568397,45.8394677,126.5591543
9886568398,45.839323500000006,126.55891290000001
9891032823,45.8164268,126.5711215
9891032825,45.81758,126.57205110000001
9891032826,45.817899700000005,126.57310960000001
9891032827,45.818550300000005,126.5752561
9891032828,45.819180800000005,126.5773987
9891032829,45.819262800000004,126.5721932
9891032830,45.8165476,126.57325990000001
9891032831,45.816467,126.57205820000001
9891032832,45.815226900000006,126.5723648
9891032833,45.8163361,126.5722518
9891032837,45.816498900000006,126.57246370000001
9891032859,45.8184471,126.57148350000001
9891032861,45.8261016,126.56143730000001
9891032862,45.825926200000005,126.5614699
9891032863,45.8206051,126.56211
9891032864,45.8140142,126.56287030000001
9891032865,45.8138628,126.56289220000001
9891032866,45.813689000000004,126.56292420000001
9891032867,45.8135094,126.56294820000001
9891032871,45.8183305,126.5623728
9891033088,45.8006881,126.53433500000001
9891106492,45.7484495,126.5472455
9891188582,45.712526000000004,126.6274915
9891188583,45.7137958,126.6253544
9891188590,45.712869500000004,126.62740480000001
9891188591,45.7133571,126.625984
9891188592,45.7134863,126.6272634
9891188593,45.7138817,126.6281199
9891188594,45.7129325,126.6283284
9891188595,45.713683800000005,126.62814970000001
9891188597,45.712977300000006,126.62874520000001
9891267183,45.707621800000005,126.64230380000001
9892624996,45.7139346,126.6302763
9892624997,45.7203832,126.6350247
9892624998,45.7197681,126.63685410000001
9892624999,45.7201504,126.63571710000001
9892625000,45.717524700000006,126.6338719
9892625002,45.716925800000006,126.63345100000001
9892625003,45.7171797,126.63274480000001
9892625004,45.7177717,126.63316610000001
9892625005,45.7195711,126.63531
9892625006,45.7190293,126.63692400000001
9892625007,45.7187034,126.63470020000001
9892625008,45.7181566,126.63631190000001
9892625009,45.716974,126.6354345
9892625010,45.7191192,126.63057850000001
9892625011,45.719745100000004,126.62881700000001
9892625012,45.720141700000006,126.6313106
9892625015,45.71969,126.63014380000001
9892625016,45.7203834,126.63060220000001
9892782617,45.719349900000005,126.62991140000001
9892782618,45.7209742,126.63190660000001
9892782620,45.7215757,126.62996100000001
9892782621,45.721282,126.63105700000001
9892782622,45.7204435,126.6304408
9892782630,45.7378507,126.6296183
9892782633,45.7207512,126.62640440000001
9892782683,45.7147686,126.63217370000001
9892818219,45.7167614,126.6288904
9892818229,45.7189433,126.62820020000001
9892818230,45.7182839,126.62998040000001
9892818245,45.721552700000004,126.63301770000001
9892818246,45.720794100000006,126.6353172
9892818247,45.7209633,126.63481
9892818248,45.721038500000006,126.63549110000001
9892818249,45.7208884,126.63593900000001
9892818251,45.720420100000005,126.6373367
9892818252,45.7202198,126.6355106
9892846132,45.714635400000006,126.62742000000001
9892846134,45.7146004,126.62837830000001
9892846135,45.7141152,126.6260551
9892846138,45.7149377,126.62763430000001
9892846139,45.714626200000005,126.6264986
9892846140,45.7143342,126.62684780000001
9892846141,45.714770900000005,126.62675320000001
9892846142,45.714462000000005,126.627108
9892846179,45.765363300000004,126.61843030000001
9892846181,45.7673543,126.61785640000001
9892846182,45.7770858,126.6149529
9892846183,45.7769611,126.61499010000001
9892846185,45.773318800000006,126.6160748
9892846186,45.7730386,126.6161617
9892846187,45.772533300000006,126.61631260000001
9892846188,45.7719199,126.6164959
9892846189,45.7713321,126.6166714
9892846190,45.770783,126.61683540000001
9892846191,45.7689643,126.6173784
9892846192,45.768576,126.61749470000001
9892846193,45.7686792,126.61746380000001
9892846195,45.7652305,126.6183307
9892846196,45.7707835,126.59946380000001
9892846197,45.716157200000005,126.6053794
9894965063,45.795449500000004,126.58678090000001
9897134858,45.7704226,126.6490193
9897134864,45.7606635,126.58869560000001
9897134870,45.7658295,126.5996779
9897147248,45.7572983,126.5844253
9897147261,45.7120254,126.5972136
9897147262,45.711860200000004,126.59577780000001
9897672617,45.737396800000006,126.61273960000001
9897672618,45.7369557,126.61351540000001
9897672621,45.775387300000006,126.6370109
9898978879,45.7348091,126.62895850000001
9899024370,45.7345197,126.58092490000001
9899024372,45.7337043,126.58094270000001
9899024377,45.735155400000004,126.65774850000001
9899024378,45.7339907,126.6569577
9899024383,45.7345835,126.659441
9899024384,45.7334095,126.6586688
9899024389,45.734213800000006,126.65919790000001
9899024391,45.720164800000006,126.64332820000001
9899024392,45.719499000000006,126.64526020000001
9899024394,45.7132304,126.64480830000001
9899024395,45.7134622,126.64410860000001
9899024397,45.7125141,126.64565040000001
9899024398,45.713109900000006,126.64385720000001
9899024399,45.7120954,126.64691660000001
9899024400,45.7128189,126.64364950000001
9899024403,45.7123532,126.64613700000001
9899024404,45.715103400000004,126.6515057
9899024405,45.7147481,126.65126810000001
9899024406,45.7131581,126.65018680000001
9899024407,45.714487500000004,126.65204340000001
9899024408,45.7128924,126.6509508
9899024409,45.7128632,126.645891
9899024411,45.7108697,126.64824480000001
9899024412,45.7096097,126.6473907
9899024413,45.7118144,126.64670000000001
9899024414,45.711217500000004,126.64848110000001
9899024415,45.710860600000004,126.64951380000001
9899024419,45.710511100000005,126.6493035
9899024420,45.708487100000006,126.6478653
9899024421,45.7095519,126.65191100000001
9899024422,45.708032100000004,126.6509606
9899024423,45.7062271,126.64900050000001
9899024424,45.7050265,126.65238540000001
9899024426,45.7103115,126.66548010000001
9899024427,45.7099259,126.66521700000001
9899024428,45.708090000000006,126.66387200000001
9899024429,45.7101959,126.664427
9899024430,45.708366700000006,126.66312540000001
9899024431,45.708671300000006,126.66219240000001
9899024432,45.7081716,126.6636639
9899024435,45.705045000000005,126.67594840000001
9899024436,45.704517800000005,126.67542350000001
9899027660,45.697044500000004,126.68647480000001
9899027663,45.698548,126.6878858
9899027664,45.6951248,126.68844000000001
9899027666,45.6971774,126.69219070000001
9899027669,45.6959189,126.6875581
9899027670,45.696324700000005,126.6883061
9899027671,45.697630000000004,126.6892167
9899027673,45.696854,126.68777920000001
9899027676,45.695890600000006,126.6898508
9899027678,45.696609200000005,126.6869554
9901033983,45.7331158,126.62481500000001
9901418164,45.7659858,126.6354766
9901418165,45.766105700000004,126.6354187
9901576581,45.7418666,126.584286
9902040830,45.7649701,126.65557030000001
9902194791,45.7605826,126.63568280000001
9903654240,45.7645671,126.65709480000001
9903654241,45.7634277,126.65910170000001
9903914433,45.7795785,126.61375020000001
9903914446,45.778413900000004,126.6119417
9904494900,45.7513395,126.5303186
9905251960,45.747170100000005,126.5475827
9905251963,45.7483341,126.5474207
9905316467,45.756557900000004,126.59704660000001
9905347053,45.733698000000004,126.63127560000001
9905347134,45.754093000000005,126.60818450000001
9905394310,45.745591600000004,126.64152220000001
9905394311,45.7444026,126.64021340000001
9905394312,45.7448879,126.6421866
9905394676,45.751715100000006,126.65823470000001
9905543682,45.777422400000006,126.6404097
9905543715,45.7808775,126.6309193
9905543716,45.7817614,126.63250730000001
9905543717,45.784814600000004,126.6368867
9905543720,45.7861546,126.6501116
9906202501,45.7037872,126.5682455
9906202510,45.7008376,126.5654614
9906314950,45.786180400000006,126.65201540000001
9906314966,45.7768468,126.6330707
9906824112,45.650431000000005,126.6587494
9906824114,45.641978300000005,126.66317970000001
9906858672,45.7880891,126.67443490000001
9906858675,45.7892171,126.6733006
9906858677,45.786790100000005,126.6750968
9906858678,45.7919387,126.67158
9906858696,45.796343400000005,126.67166730000001
9906858700,45.784471,126.66381290000001
9906861920,45.7894243,126.65583690000001
9906861922,45.7731676,126.64794780000001
9906861923,45.7827562,126.65683550000001
9906861929,45.7737445,126.64854790000001
9906861930,45.7765962,126.6513932
9906861931,45.777058700000005,126.65192180000001
9906861932,45.7773407,126.65222920000001
9906861933,45.7781832,126.6530848
9906861934,45.779623900000004,126.6542031
9906861938,45.775243800000005,126.64992500000001
9906861939,45.7892117,126.67314900000001
9906861940,45.7891957,126.6728315
9906861941,45.7853799,126.68012850000001
9906881559,45.753314800000005,126.64807750000001
9906881560,45.752597900000005,126.6494933
9906881564,45.7591422,126.6319409
9906881566,45.7473886,126.62357010000001
9906881574,45.753829,126.61372730000001
9906881582,45.7697981,126.598623
9906881583,45.758583900000005,126.6333481
9906881584,45.756949500000005,126.644906
9906881585,45.767301700000004,126.60395430000001
9906881586,45.767850100000004,126.6027935
9906986112,45.7735223,126.6258097
9906986113,45.7756856,126.62721930000001
9906988317,45.761390500000005,126.6653162
9906988318,45.7601147,126.6652157
9906988319,45.753242,126.6511394
9906988320,45.752762700000005,126.65199550000001
9906988321,45.749081000000004,126.6495711
9906988322,45.7497285,126.6506329
9906988323,45.7503406,126.6516368
9906988324,45.7508812,126.6525232
9906988333,45.789631500000006,126.6436084
9906988335,45.7903789,126.64265490000001
9906988336,45.7895741,126.6435005
9906988338,45.7837794,126.69585260000001
9906988339,45.7634625,126.6944572
9906988340,45.782783200000004,126.69602370000001
9906988341,45.774855,126.69798360000001
9906988344,45.7748958,126.69834290000001
9906988345,45.777806700000006,126.69759300000001
9906988346,45.778627400000005,126.6973823
9906988347,45.7798813,126.69707600000001
9906988348,45.7841991,126.6958984
9906988349,45.771840100000006,126.69912470000001
9906988350,45.7798068,126.6967101
9906988351,45.7468543,126.65779420000001
9906988352,45.7517082,126.65086790000001
9906988353,45.754885,126.6455578
9906988354,45.763097900000005,126.6310279
9906988355,45.763003600000005,126.63122800000001
9906988356,45.762924000000005,126.63138400000001
9906988357,45.762393900000006,126.6323146
9906988358,45.7615448,126.6338446
9906988359,45.760523600000006,126.63561100000001
9906988360,45.7596215,126.63717810000001
9906988362,45.7587716,126.63869690000001
9906988363,45.758177,126.63971810000001
9906988364,45.7581033,126.63985260000001
9906988365,45.7566779,126.64237050000001
9906988366,45.7559308,126.64371150000001
9906988367,45.754522,126.6461474
9906988368,45.754157,126.64673680000001
9906988369,45.750154800000004,126.65381330000001
9906988370,45.754933,126.6456134
9906988373,45.7616023,126.63389260000001
9906988374,45.7548569,126.64574230000001
9906988375,45.754665200000005,126.6460696
9906988376,45.754574600000005,126.64621170000001
9906988377,45.7542284,126.64678590000001
9906988378,45.7525324,126.64941280000001
9906988379,45.7508379,126.6524524
9906988380,45.749079200000004,126.65503570000001
9906988381,45.748058500000006,126.65628810000001
9906988382,45.747221100000004,126.65748370000001
9906988385,45.7528501,126.6490629
9906988386,45.759386400000004,126.63760230000001
9906988388,45.756486900000006,126.65917420000001
9906988391,45.758228,126.6551833
9906988392,45.757666900000004,126.6561906
9906988393,45.7571907,126.6570425
9906988394,45.7670759,126.6456825
9906988395,45.759243700000006,126.6594244
9906988396,45.757859700000004,126.6649869
9906988398,45.7577632,126.66887630000001
9906988399,45.766783600000004,126.64619110000001
9906988400,45.765556100000005,126.64832310000001
9906988401,45.765483200000006,126.6484506
9906988403,45.762325700000005,126.65393340000001
9906988404,45.7616558,126.65515020000001
9906988405,45.7620182,126.65450870000001
9906988407,45.760294300000005,126.6575495
9906988408,45.759738500000005,126.6585505
9906988411,45.758217900000005,126.66358790000001
9906988412,45.757744800000005,126.6655274
9906988415,45.7851817,126.6349715
9907063648,45.7889142,126.64460290000001
9907063658,45.7844567,126.63622740000001
9907063659,45.784227,126.6356777
9907063667,45.791918300000006,126.6691607
9907063669,45.7919007,126.672025
9907063672,45.781013300000005,126.6552934
9907063673,45.780958600000005,126.65544860000001
9907063675,45.7673545,126.6412648
9907063676,45.771429000000005,126.64204740000001
9907646556,45.682019100000005,126.5504312
9907928854,45.7634314,126.63655860000001
9907928855,45.7512939,126.6643734
9907928856,45.751409900000006,126.6643837
9907928858,45.716167500000005,126.63765760000001
9907928859,45.726202900000004,126.59898330000001
9907928860,45.733769800000005,126.6190514
9907928862,45.736850200000006,126.6226436
9907928864,45.739084000000005,126.6175266
9907928865,45.738984800000004,126.61770620000001
9907928868,45.738018600000004,126.62014130000001
9907928873,45.7370925,126.62265900000001
9907928874,45.7375277,126.6234462
9907928875,45.7386318,126.62443470000001
9907928876,45.738598,126.6244929
9907928877,45.7385497,126.62458480000001
9907928882,45.7386142,126.62446500000001
9907928886,45.7330058,126.62082020000001
9907928889,45.7338552,126.61914610000001
9907928892,45.7426912,126.6034542
9907928894,45.7466458,126.59488130000001
9907928896,45.7486079,126.58997980000001
9907928897,45.747968,126.5915655
9907928898,45.7475983,126.5924873
9907928899,45.747103100000004,126.593732
9907928900,45.7465872,126.59500240000001
9907928901,45.746273800000004,126.5956934
9907928902,45.7449469,126.5985885
9907928903,45.7448618,126.59877300000001
9907928904,45.7444488,126.5996688
9907928905,45.741458,126.60565930000001
9907928907,45.738832900000006,126.6104193
9907928908,45.738506900000004,126.61099960000001
9907928909,45.738162900000006,126.6115953
9907928910,45.737865500000005,126.6121463
9907928911,45.7374596,126.61281310000001
9907928912,45.737013600000004,126.61358550000001
9907928913,45.7364836,126.61450920000001
9907928914,45.7363894,126.61467090000001
9907928915,45.735769600000005,126.61576860000001
9907928916,45.7351612,126.61684190000001
9907941517,45.7345065,126.617997
9907941518,45.7392928,126.6096033
9907941519,45.7402566,126.6078564
9907941521,45.731259,126.6244965
9907941524,45.732064400000006,126.62274060000001
9907941551,45.748253500000004,126.5897108
9907941553,45.7786429,126.6215566
9907941556,45.767182600000005,126.62778360000001
9907941557,45.7655662,126.6285
9907941559,45.7641128,126.62815090000001
9907941592,45.7777861,126.62205630000001
9907941593,45.7759942,126.6230632
9907941594,45.7784411,126.62168410000001
9907941595,45.774926300000004,126.62362390000001
9907941596,45.770578500000006,126.6259452
9907941597,45.7689545,126.6268306
9907941598,45.767310800000004,126.6277146
9907941599,45.778618200000004,126.62177670000001
9907941647,45.758230000000005,126.6204673
9907941648,45.7601779,126.6222161
9907941669,45.750602,126.615508
9907941671,45.7534287,126.61829180000001
9907941672,45.7549458,126.61874800000001
9907941673,45.757233500000005,126.61955830000001
9907941674,45.7587259,126.6207284
9907941675,45.7549464,126.61889690000001
9907941679,45.7617082,126.62360260000001
9907941684,45.759820100000006,126.61757960000001
9907941686,45.759944000000004,126.6195773
9907941688,45.7601114,126.6219559
9907941689,45.760073600000005,126.6221191
9907941690,45.7599816,126.62008940000001
9907941691,45.759896600000005,126.618919
9907941692,45.760812,126.61707580000001
9907941693,45.759978700000005,126.618751
9907941695,45.762565300000006,126.62599530000001
9907941696,45.762501300000004,126.62527290000001
9907941702,45.762830400000006,126.62910950000001
9907941714,45.7624926,126.62447030000001
9907941721,45.7622075,126.62320840000001
9907941731,45.7623297,126.62515870000001
9907941732,45.762107900000004,126.6239259
9907941734,45.7586231,126.6619806
9907941735,45.7585202,126.66238700000001
9907941736,45.7491301,126.58992950000001
9907968632,45.763087500000005,126.63182590000001
9907968634,45.7607256,126.629169
9907968638,45.7629737,126.63148400000001
9907968647,45.762549400000005,126.6294965
9907968655,45.7599018,126.62841660000001
9907968657,45.761664,126.63011180000001
9907968658,45.7609513,126.6294905
9907968678,45.758598500000005,126.6296655
9907968683,45.7603087,126.6292521
9907968687,45.7587823,126.6292932
9907968691,45.756857600000004,126.6334817
9907968698,45.7570774,126.63367500000001
9907968703,45.755741400000005,126.63607760000001
9907968707,45.7652476,126.6408564
9907968708,45.752615500000005,126.6265417
9907968710,45.754509500000005,126.62876360000001
9907968711,45.755847100000004,126.6302998
9907968712,45.756734800000004,126.63133520000001
9907968713,45.757710100000004,126.63247190000001
9907968714,45.7596069,126.63466070000001
9907984218,45.7647058,126.6406678
9907984219,45.753606100000006,126.6277084
9907984220,45.7538124,126.62795170000001
9907984221,45.758557,126.63345140000001
9907984222,45.7604641,126.6357057
9907984223,45.7605264,126.6357773
9907984224,45.761531500000004,126.6369513
9907984225,45.762591400000005,126.6381037
9907984226,45.763555000000004,126.63929870000001
9907984227,45.7572837,126.6319754
9907984229,45.772679100000005,126.65962370000001
9907984235,45.7721285,126.65978670000001
9907984236,45.7827713,126.67109540000001
9907984241,45.782210600000006,126.671434
9908636598,45.7584354,126.633317
9908676986,45.7203479,126.6408531
9908676988,45.720519700000004,126.6409718
9908676989,45.7238425,126.62991450000001
9908676992,45.7232241,126.63134900000001
9908682318,45.745733800000004,126.6252592
9908682325,45.745743700000006,126.62477290000001
9908682330,45.742685900000005,126.62907440000001
9908682366,45.715852500000004,126.62505110000001
9908682374,45.7147893,126.62431140000001
9908682392,45.7150624,126.62526270000001
9908682396,45.7157241,126.625421
9908682410,45.7228687,126.63087600000001
9908682416,45.7230574,126.63023980000001
9908682451,45.7295395,126.6227915
9908806525,45.742863400000005,126.69019440000001
9908902670,45.7033302,126.6803713
9908902682,45.7303354,126.70003390000001
9908902698,45.730653000000004,126.6978268
9908902701,45.730455000000006,126.6992192
9908902704,45.7304924,126.69900840000001
9908926670,45.788665900000005,126.69011280000001
9908926671,45.780203400000005,126.67448800000001
9908926672,45.780800500000005,126.6750267
9910232388,45.731849700000005,126.6594859
9910232389,45.735976900000004,126.64746590000001
9910232390,45.7359208,126.647636
9910232391,45.735387800000005,126.64919710000001
9910232392,45.734116,126.6528564
9910232393,45.734078700000005,126.6529773
9910232402,45.765568200000004,126.6604358
9910232403,45.749876,126.60895810000001
9910232412,45.7621051,126.607427
9910232415,45.754053600000006,126.60190510000001
9910240817,45.751996000000005,126.6051005
9910240836,45.749290200000004,126.6141903
9910240837,45.750313600000005,126.61524560000001
9910240849,45.7528391,126.610425
9910240855,45.761175,126.61514030000001
9910240856,45.763541000000004,126.6039607
9910240857,45.762910700000006,126.6054677
9910240858,45.7598629,126.6175913
9910240868,45.764182700000006,126.6067234
9910240871,45.762699500000004,126.61586740000001
9910240885,45.7650524,126.6158712
9910240886,45.773678000000004,126.61754200000001
9910240887,45.773276,126.61771200000001
9910240888,45.772758100000004,126.6179264
9910240891,45.7629984,126.62208620000001
9910240892,45.762902800000006,126.6221486
9910240893,45.7721821,126.61817500000001
9910240894,45.7716119,126.6184276
9910240895,45.771035000000005,126.61868260000001
9910240896,45.7692543,126.6194689
9910240897,45.7675618,126.6201815
9910240898,45.765840600000004,126.6209127
9910240899,45.7657217,126.620941
9910240900,45.764960800000004,126.6212409
9910240901,45.764096,126.62158980000001
9910240904,45.7717965,126.6210606
9910240905,45.774315,126.6391653
9910240916,45.770688,126.62604800000001
9910240917,45.770920800000006,126.6272416
9910240918,45.7727577,126.6344119
9910240919,45.772980700000005,126.63528540000001
9910240920,45.773015900000004,126.63542310000001
9910240921,45.773328600000006,126.63664770000001
9910240922,45.773667100000004,126.63797360000001
9910240923,45.7717862,126.6305696
9910240927,45.774258800000005,126.63929700000001
9910240928,45.773792900000004,126.6387607
9910240930,45.769344200000006,126.61959060000001
9910240932,45.7690056,126.61722820000001
9910240935,45.7690235,126.6173607
9910240936,45.7693202,126.61943980000001
9910240937,45.7698187,126.62190860000001
9910240938,45.77029,126.6241526
9910240939,45.770657500000006,126.62590290000001
9910240943,45.768624800000005,126.61381030000001
9910240950,45.767457,126.6089582
9910240951,45.7678573,126.6104954
9910240952,45.7300568,126.66456400000001
9910960998,45.7490485,126.57659290000001
9910961001,45.750401800000006,126.5968038
9910961013,45.753654000000004,126.6016376
9910982522,45.751959600000006,126.60508150000001
9910982523,45.7517567,126.60519830000001
9910982555,45.7454351,126.6054519
9910982559,45.7460663,126.6052403
9910982560,45.7386824,126.59312380000001
9910982561,45.7378328,126.5950689
9910982563,45.7402889,126.60759630000001
9910982572,45.733816600000004,126.60298660000001
9910982573,45.735441,126.60439310000001
9910982575,45.7332562,126.60249750000001
9910982576,45.731740800000004,126.60111690000001
9910982579,45.7297385,126.5994747
9910982582,45.7250631,126.59552610000001
9910982583,45.7247627,126.5950033
9910982588,45.725271500000005,126.5957719
9910982594,45.7244959,126.5942615
9910982631,45.7500239,126.6024967
9910982633,45.7097044,126.57390380000001
9910982634,45.705009700000005,126.56937210000001
9911031869,45.7302909,126.61753130000001
9911031870,45.7296594,126.61855010000001
9911031877,45.730143500000004,126.6198547
9911031882,45.731883100000005,126.61321160000001
9911031883,45.7316663,126.61056620000001
9911031884,45.730977100000004,126.61257690000001
9911031887,45.7332076,126.6184003
9911031893,45.7194869,126.6045869
9911031894,45.721160700000006,126.60577020000001
9911031895,45.7212935,126.60584480000001
9911031896,45.7249537,126.60844510000001
9911031897,45.7266082,126.60961730000001
9911031898,45.7281909,126.61071170000001
9911031901,45.719382800000005,126.6043757
9911031902,45.7196262,126.60455370000001
9911159503,45.781593300000004,126.61997910000001
9911159504,45.7802388,126.6208017
9911159509,45.7821871,126.62645610000001
9911159510,45.782281000000005,126.6267495
9911159512,45.7839539,126.62792590000001
9911159513,45.7838664,126.62762670000001
9911159516,45.784476000000005,126.62974140000001
9911257841,45.7758449,126.6272799
9911257842,45.7751773,126.62485350000001
9911257843,45.7749637,126.6237713
9911257845,45.777324400000005,126.62369380000001
9911257846,45.7792387,126.63100240000001
9911257847,45.778556800000004,126.6284088
9911455409,45.7038658,126.6732925
9911455413,45.7066284,126.65814850000001
9911455414,45.7109122,126.66370800000001
9911485717,45.7004572,126.65642390000001
9911485718,45.7028526,126.65799870000001
9911485719,45.7066382,126.6606531
9911485720,45.707884500000006,126.6615397
9911485721,45.7084306,126.66192810000001
9911485722,45.710594,126.6634671
9911485723,45.7058097,126.66007080000001
9911485724,45.706411100000004,126.66049220000001
9911485725,45.704026500000005,126.6588212
9916435833,45.7645822,126.6795606
9916435842,45.735406000000005,126.681021
9916435843,45.764394100000004,126.67960690000001
9916435845,45.761687800000004,126.68032470000001
9916435846,45.759068400000004,126.68097900000001
9916435848,45.740948700000004,126.68261790000001
9916435849,45.7525733,126.6826061
9916435850,45.752682400000005,126.682579
9916435851,45.7505777,126.68309420000001
9916435852,45.7496698,126.6833091
9916435854,45.7482914,126.6836437
9916435855,45.7480672,126.6837261
9916435856,45.7481735,126.68368860000001
9916435857,45.747948,126.68375730000001
9916435858,45.7353803,126.68120970000001
9916435860,45.7644035,126.67980460000001
9916435861,45.7617101,126.68050950000001
9916435869,45.757986700000004,126.6722443
9916435870,45.757832,126.66555140000001
9916435873,45.7577006,126.66859860000001
9916435877,45.7583721,126.6745726
9916435880,45.7600617,126.6878614
9916435882,45.7617296,126.7013577
9916435884,45.758915900000005,126.67874520000001
9916435885,45.7592301,126.68094
9916435886,45.7592548,126.68111730000001
9916435887,45.759286200000005,126.68139710000001
9916435888,45.7595716,126.683963
9916435889,45.7600805,126.6880064
9916435890,45.7600975,126.6881659
9916435891,45.760944200000004,126.69513180000001
9916435892,45.757637700000004,126.6686066
9916435896,45.762451500000005,126.70711080000001
9916435897,45.7617862,126.7019417
9916435898,45.7620906,126.70428290000001
9916435900,45.7610064,126.6734955
9916435907,45.7634144,126.69447500000001
9916435909,45.7616303,126.6803397
9916435910,45.7616518,126.6805238
9916435911,45.7616935,126.68085160000001
9916435913,45.762503200000005,126.68724370000001
9916435914,45.7625231,126.68740170000001
9916435915,45.762539700000005,126.68752800000001
9916435916,45.735971000000006,126.67651620000001
9916442217,45.739091200000004,126.67610250000001
9916442220,45.747433300000004,126.6769811
9916442221,45.7475594,126.67695230000001
9916442222,45.743498200000005,126.67737090000001
9916442223,45.7359549,126.6763322
9916442225,45.7391112,126.67594550000001
9916442227,45.744533100000005,126.67749930000001
9916442229,45.7474246,126.67681560000001
9916442230,45.7475457,126.67678420000001
9916442234,45.751822000000004,126.6755875
9916442235,45.7477645,126.6767212
9916442236,45.7476603,126.67674930000001
9916442237,45.75113,126.67586530000001
9916442238,45.755399000000004,126.6748405
9916442240,45.7482875,126.6767619
9916442241,45.7482776,126.67660350000001
9916442244,45.7582814,126.6742026
9916442245,45.758262200000004,126.67407720000001
9916442246,45.7548888,126.67489180000001
9916442247,45.7551189,126.67481190000001
9916442248,45.7579733,126.67428810000001
9916442252,45.7577909,126.67417820000001
9916442256,45.763549600000005,126.6727455
9916442257,45.7610663,126.67339220000001
9916442258,45.7583965,126.67404440000001
9916442260,45.763571000000006,126.6729145
9916442262,45.750134100000004,126.6793954
9916442284,45.7620182,126.6833323
9916442287,45.7647702,126.68259570000001
9916563940,45.7556339,126.7074755
9916563941,45.755728100000006,126.707463
9916563944,45.747432800000006,126.67218880000001
9916563948,45.7466267,126.68405740000001
9916563949,45.7463416,126.6804247
9916563950,45.746569,126.68406800000001
9916563951,45.7465488,126.68427650000001
9916563955,45.7448549,126.69690290000001
9916563957,45.7441012,126.70257590000001
9916563958,45.7463968,126.6853545
9916563959,45.7461944,126.6868661
9916563960,45.7457864,126.6898704
9916563961,45.745766100000004,126.6900248
9916563963,45.7456381,126.69097950000001
9916563964,45.7454948,126.6920482
9916563965,45.7453553,126.69309050000001
9916563966,45.7451877,126.69434360000001
9916563968,45.744734300000005,126.69784740000001
9916563969,45.7445071,126.699628
9916563970,45.744260000000004,126.7014446
9916563995,45.734958500000005,126.6865025
9916564000,45.734591800000004,126.68701970000001
9916564003,45.7419558,126.68911360000001
9916564005,45.7457446,126.6901852
9916564006,45.7458065,126.69020280000001
9916564007,45.7464207,126.6903795
9916564008,45.7321345,126.6857193
9916564009,45.733281700000006,126.68605040000001
9916564010,45.734669200000006,126.68644
9916564012,45.738629,126.6876943
9916564013,45.7401877,126.68813610000001
9916564014,45.741164700000006,126.68841710000001
9916564016,45.7458011,126.68976450000001
9916569917,45.745856700000004,126.6897804
9916569921,45.7320447,126.6861592
9916569924,45.7319751,126.6861382
9916569925,45.7486708,126.69081050000001
9916569926,45.748480400000005,126.6908054
9916569927,45.748614800000006,126.690809
9916569929,45.7486545,126.69033970000001
9916569930,45.7486534,126.69050200000001
9916569931,45.7486589,126.6906965
9916569945,45.7653441,126.6863842
9916569946,45.765241800000005,126.68640920000001
9916569947,45.762483200000005,126.68707780000001
9916569948,45.7625271,126.68706750000001
9916569949,45.761481200000006,126.68733160000001
9916569950,45.7599129,126.68773730000001
9916569951,45.760044400000005,126.6877034
9916569952,45.759342700000005,126.6878844
9916569953,45.7588543,126.6880067
9916569956,45.7553974,126.68888690000001
9916569957,45.7548304,126.6890223
9916569958,45.754108,126.6891951
9916569959,45.753526300000004,126.68934290000001
9916569960,45.7534008,126.6893747
9916569961,45.751889500000004,126.6897373
9916569962,45.749915800000004,126.69022460000001
9916569963,45.7486862,126.69033850000001
9916569964,45.7488065,126.69033390000001
9916569973,45.7534544,126.6898199
9916569974,45.7535815,126.68978720000001
9916569975,45.751864000000005,126.6902275
9916569976,45.752037200000004,126.69018340000001
9916569977,45.750652800000005,126.69052880000001
9916569978,45.748725,126.6908058
9916569979,45.748853700000005,126.6907948
9916569980,45.7841273,126.6767765
9916569997,45.7731774,126.6843762
9916570000,45.765431500000005,126.68636230000001
9916570001,45.7717746,126.6847374
9916570015,45.7843309,126.6773129
9916570016,45.781348300000005,126.67979120000001
9916570017,45.781251700000006,126.67991660000001
9916570018,45.779468,126.6821275
9916570019,45.7781255,126.683148
9916570023,45.765355,126.686531
9916570024,45.765356800000006,126.68666970000001
9916570029,45.733212300000005,126.66522420000001
9916570032,45.735881000000006,126.67634380000001
9916570039,45.7332845,126.66548060000001
9916570040,45.7346404,126.67105830000001
9916570041,45.735384200000006,126.67405210000001
9916570042,45.735702,126.6753652
9916570043,45.735610400000006,126.67901990000001
9916570044,45.735524600000005,126.67963490000001
9916570045,45.735312,126.6811437
9916570046,45.7350006,126.68335420000001
9916570047,45.734570000000005,126.68641260000001
9916570048,45.7345496,126.6865839
9916570049,45.734522500000004,126.6867746
9916570050,45.7344893,126.68699110000001
9916570051,45.7341373,126.6897799
9916570052,45.733576400000004,126.69387490000001
9916570053,45.7328385,126.6995334
9916570058,45.7334538,126.6653826
9916570070,45.733552200000005,126.66585810000001
9916570071,45.7348031,126.6710438
9916570074,45.7360477,126.67631890000001
9916570075,45.7360534,126.67650110000001
9916570076,45.7358096,126.6787441
9916570077,45.735492900000004,126.6810459
9916570078,45.735466900000006,126.68123410000001
9916570080,45.7357889,126.6763583
9916570084,45.7343289,126.68633860000001
9916570085,45.7345501,126.6710544
9916570086,45.735296500000004,126.67408760000001
9916570087,45.735617700000006,126.6754037
9916570088,45.7355139,126.6790083
9916570089,45.7354288,126.67960950000001
9916570090,45.735215800000006,126.6811239
9916570091,45.7349102,126.6833311
9916570092,45.735852400000006,126.6752965
9916570093,45.735801,126.6765457
9916570099,45.748448,126.6903374
9916570100,45.7485811,126.69033890000001
9916570101,45.737214300000005,126.66119450000001
9916570102,45.73733,126.66138690000001
9916570121,45.735818,126.70028540000001
9916570122,45.7387542,126.66399650000001
9916570123,45.7400473,126.66883460000001
9916570125,45.7390698,126.67595120000001
9916570126,45.739049200000004,126.67610320000001
9916570127,45.738568900000004,126.6795412
9916570128,45.7382409,126.68184280000001
9916570129,45.738217000000006,126.68200890000001
9916570130,45.737475100000005,126.68735090000001
9916570131,45.7374577,126.68748850000001
9916570132,45.7374378,126.6876459
9916570133,45.7374152,126.6878248
9916570134,45.737036800000006,126.69076310000001
9916570135,45.736539,126.69467920000001
9916570146,45.738284900000004,126.6818563
9916570147,45.738261800000004,126.68202160000001
9916570148,45.7375242,126.68736430000001
9916570149,45.737506,126.6875021
9916570150,45.7374853,126.68765970000001
9916570151,45.737461700000004,126.68783830000001
9916585798,45.7416939,126.6768308
9916585800,45.7391677,126.6953933
9916585805,45.741392700000006,126.67900290000001
9916585806,45.7408937,126.6826022
9916585807,45.7408714,126.6827633
9916585808,45.7406815,126.6841327
9916585809,45.740544500000006,126.68512050000001
9916585810,45.740329800000005,126.68666970000001
9916585811,45.7401288,126.68811950000001
9916585812,45.740110300000005,126.68825240000001
9916585813,45.7400857,126.68843030000001
9916585814,45.740067,126.68856480000001
9916585815,45.739618400000005,126.69180060000001
9916585816,45.7401241,126.68858100000001
9916612619,45.73789,126.68433610000001
9916612620,45.7379364,126.6843498
9916612621,45.7384065,126.68448830000001
9916612622,45.7434352,126.68603230000001
9916612623,45.743368100000005,126.6858933
9916612626,45.7431463,126.68754530000001
9916612627,45.735891800000005,126.67653000000001
9916612628,45.748606300000006,126.6906914
9917569305,45.721747400000005,126.63246020000001
9917574528,45.7197985,126.6286632
9917574536,45.7143813,126.6250521
9917574537,45.714586100000005,126.6250856
9917574539,45.714496800000006,126.62556790000001
9917574544,45.7170307,126.6352717
9917608634,45.7227332,126.63150540000001
9917608635,45.7222853,126.6312137
9917608636,45.7219332,126.63098000000001
9917608637,45.721479900000006,126.63226870000001
9917608639,45.7217271,126.63155510000001
9917608640,45.719866,126.6311132
9917608641,45.720112400000005,126.63042300000001
9917608642,45.7204714,126.6326363
9917608643,45.7198681,126.63221410000001
9917608645,45.7191715,126.63416230000001
9917608646,45.7190261,126.6345905
9917608648,45.7177213,126.6295776
9917608650,45.7174258,126.6316659
9917608651,45.7168124,126.63227590000001
9917608652,45.7170355,126.63240680000001
9917608653,45.717320900000004,126.6315919
9917608654,45.7176072,126.6308065
9917608656,45.7170945,126.6322384
9917608659,45.7172381,126.6318281
9917608676,45.716098,126.62774220000001
9917608679,45.718308500000006,126.62656240000001
9917608697,45.7161489,126.6284519
9917608698,45.7162066,126.62849320000001
9917615660,45.7163607,126.6350522
9918250939,45.7181969,126.62648170000001
9918250940,45.7184308,126.6258054
9918250955,45.7173461,126.6271181
9918250961,45.719508600000005,126.62658560000001
9920387112,45.725454500000005,126.62178610000001
9920387113,45.726370800000005,126.61915080000001
9920387114,45.726977000000005,126.6203516
9920387115,45.7261558,126.6197693
9920387116,45.725211,126.6207868
9920400217,45.7246669,126.62239810000001
9920400218,45.7240394,126.6171094
9920400221,45.725855200000005,126.61856510000001
9920841848,45.7216868,126.6378325
9920841892,45.730007,126.63604190000001
9920841898,45.730244500000005,126.6353844
9921269511,45.732168300000005,126.6317381
9921269516,45.7296497,126.629108
9921269517,45.739916,126.64650940000001
9921269518,45.737037900000004,126.6420097
9921269522,45.7396733,126.6461074
9921269523,45.7380757,126.6436719
9921269524,45.7388269,126.6448567
9921269525,45.7392187,126.64547060000001
9921269527,45.742202600000006,126.64881740000001
9921269539,45.748442000000004,126.6370854
9921269540,45.7477832,126.63822060000001
9921269541,45.7465501,126.64034500000001
9921269542,45.746188800000006,126.6409713
9921269543,45.7448053,126.642527
9921269544,45.7439071,126.64373350000001
9921269545,45.7432031,126.6457828
9921269546,45.7426121,126.64753320000001
9921269554,45.7436586,126.64405570000001
9921269572,45.7301428,126.64069310000001
9921269584,45.736805800000006,126.64342230000001
9921269585,45.736971200000006,126.64343910000001
9921269586,45.7379948,126.6435414
9921269587,45.738660900000006,126.6436051
9921269588,45.7388847,126.64362650000001
9921269589,45.7405496,126.6437722
9921269592,45.7312821,126.63752070000001
9921269614,45.7239773,126.66026180000001
9921269646,45.7316336,126.63647390000001
9921269647,45.730202000000006,126.6407331
9921269648,45.7301689,126.6408272
9921269674,45.736567300000004,126.63311440000001
9921269683,45.7318334,126.63610740000001
9921269689,45.7388854,126.63509690000001
9921269694,45.7221549,126.66137810000001
9921269695,45.720890000000004,126.6604841
9921269696,45.7249113,126.65347320000001
9921269710,45.721140500000004,126.66460670000001
9921269716,45.7231399,126.6521639
9922077522,45.733595,126.69373660000001
9922077533,45.749839200000004,126.6980094
9922077534,45.733676700000004,126.69375470000001
9922077535,45.7365452,126.69452760000001
9922077536,45.736578300000005,126.69453670000001
9922077537,45.739186700000005,126.69522500000001
9922077538,45.739265800000005,126.69524580000001
9922077539,45.742044,126.6959796
9922077540,45.742903600000005,126.6962192
9922077541,45.7434883,126.6963762
9922077542,45.7448721,126.69676980000001
9922077543,45.7449293,126.69678580000001
9922077544,45.746024000000006,126.69705850000001
9922077545,45.749340000000004,126.6979673
9922077546,45.749483500000004,126.69800640000001
9922077547,45.7496098,126.69802820000001
9922077548,45.7497583,126.69802360000001
9922077549,45.733657400000006,126.69389690000001
9922077550,45.731152,126.6930815
9922077553,45.7312676,126.69311440000001
9922077554,45.756853400000004,126.68919720000001
9922077555,45.7567618,126.6885168
9922077556,45.75677,126.6885778
9922077557,45.7567881,126.6887121
9922077558,45.7568095,126.68887140000001
9922077559,45.756823100000005,126.68897190000001
9922077571,45.7372979,126.6709907
9922077572,45.7373052,126.6709345
9922077573,45.7396601,126.67165070000001
9922077574,45.739715600000004,126.6716664
9922077575,45.734740900000006,126.67108110000001
9922077576,45.7347088,126.6709603
9922077577,45.7347771,126.67092600000001
9922077585,45.731416200000005,126.6663326
9922077586,45.7315903,126.6662653
9922077608,45.7291782,126.6668726
9922077611,45.7309788,126.66598210000001
9922079317,45.730326500000004,126.66641800000001
9922079320,45.7300878,126.66632960000001
9922079323,45.7299845,126.66655340000001
9922079329,45.735504500000005,126.66295880000001
9922079330,45.736226200000004,126.66232380000001
9922079338,45.7342905,126.6644375
9922079349,45.7430692,126.66090840000001
9922079361,45.7339423,126.68077450000001
9922079362,45.732614700000006,126.6718486
9922079363,45.733226800000004,126.67482980000001
9922079364,45.733383,126.6755839
9922079365,45.7335265,126.67627630000001
9922079366,45.733947400000005,126.6783082
9922079367,45.7327128,126.67183270000001
9922079368,45.733603300000006,126.67624430000001
9922079369,45.733977900000006,126.6807835
9922079370,45.733687200000006,126.6829907
9922079382,45.7423015,126.69401920000001
9922079383,45.742199500000005,126.69476030000001
9922079385,45.7445305,126.6776542
9922079386,45.744217600000006,126.6798787
9922079387,45.743723700000004,126.68339080000001
9922079388,45.743705500000004,126.68352
9922079389,45.7429549,126.68892520000001
9922079390,45.7429355,126.68906500000001
9922079391,45.7429074,126.689267
9922079392,45.7428918,126.68937980000001
9922079393,45.743864900000005,126.6676123
9922079396,45.7440331,126.6699291
9922079397,45.744252800000005,126.672926
9922079398,45.7446056,126.67749250000001
9922079399,45.7446068,126.6776521
9922079400,45.744291800000006,126.6799002
9922079401,45.743803500000006,126.68341360000001
9922079402,45.743785700000004,126.6835422
9922079403,45.7430261,126.68894560000001
9922079404,45.7430065,126.68908520000001
9922079405,45.742978300000004,126.6892866
9922079406,45.742962500000004,126.68939940000001
9922079407,45.7471016,126.66859310000001
9922079414,45.7482453,126.66807410000001
9922650303,45.719823700000006,126.6257997
9924663515,45.731423400000004,126.61681770000001
9924733717,45.730768000000005,126.6181092
9925217375,45.730063,126.61585690000001
9925217376,45.7296737,126.6169725
9925217377,45.7303306,126.61741130000001
9925217378,45.7308401,126.6179893
9925240723,45.7315114,126.62366910000001
9925240724,45.732192100000006,126.62448930000001
9925240726,45.732534,126.6219104
9925240727,45.733228700000005,126.62275400000001
9925270271,45.723143300000004,126.63910960000001
9925270272,45.7216049,126.63808110000001
9925270273,45.7223399,126.6385723
9926607345,45.7431574,126.61316860000001
9926607369,45.725445300000004,126.59831310000001
9926607370,45.726175000000005,126.5990658
9926607371,45.72805,126.60072240000001
9926607372,45.7292958,126.60180910000001
9926607373,45.7369019,126.6071373
9926607374,45.7415711,126.61167030000001
9926607375,45.742477300000004,126.6125849
9926607379,45.747987300000005,126.6174337
9926607381,45.748644500000005,126.61793270000001
9926607382,45.756786600000005,126.6252537
9926607406,45.748586700000004,126.61803470000001
9926607415,45.7488815,126.61836090000001
9926607416,45.7498735,126.6192075
9926607417,45.7501771,126.6194559
9926607418,45.751037200000006,126.6201841
9926607419,45.752203900000005,126.62118360000001
9926607420,45.7533571,126.62217820000001
9926607422,45.755631300000005,126.62416510000001
9926607423,45.755834400000005,126.62438080000001
9926607424,45.7545687,126.62306160000001
9926607425,45.7545094,126.6231673
9926607430,45.723072200000004,126.5954009
9926607431,45.722784600000004,126.5951337
9926607464,45.7086279,126.5778303
9926607467,45.706435000000006,126.57584630000001
9926607468,45.7082204,126.57748620000001
9926607472,45.717286800000004,126.58694870000001
9926607473,45.7176108,126.5874919
9926607477,45.7209912,126.5931518
9926607491,45.707451000000006,126.5790439
9926607493,45.713594900000004,126.5697035
9926607500,45.714576300000004,126.5682359
9926607506,45.706559000000006,126.5806575
9926607508,45.701259400000005,126.58383780000001
9926607509,45.699767300000005,126.58415380000001
9926607510,45.703824000000004,126.5832989
9926607517,45.7054805,126.5820546
9926607525,45.7000065,126.58408990000001
9928853329,45.7313151,126.6553339
9928853330,45.7325263,126.6575485
9928853339,45.728951300000006,126.65306260000001
9928853342,45.726690700000006,126.65134180000001
9928853343,45.7283958,126.6525531
9928853344,45.7267499,126.6513838
9928853345,45.7310783,126.65894220000001
9928853347,45.731573700000006,126.66028910000001
9928853665,45.7295377,126.657801
9928853822,45.7308772,126.66214910000001
9928853823,45.7294853,126.6611694
9928949522,45.737260600000006,126.65520970000001
9928949530,45.731486100000005,126.65085280000001
9928949531,45.733283300000004,126.6521139
9928949532,45.734160200000005,126.6527293
9928949533,45.734247800000006,126.6527908
9928949534,45.7351759,126.6534421
9928949535,45.7362479,126.65418810000001
9928949536,45.7324695,126.65197180000001
9928949537,45.7340462,126.65308200000001
9928949538,45.734133,126.6531432
9928949539,45.7350683,126.6538017
9928949540,45.736578800000004,126.65486460000001
9928949543,45.732313500000004,126.65172720000001
9928949544,45.7326975,126.65199740000001
9928949545,45.7327377,126.65188710000001
9928949546,45.7326113,126.6516627
9928949547,45.7323657,126.651622
9928949548,45.7368225,126.6548901
9928949549,45.736917600000005,126.65466430000001
9928949550,45.7366782,126.65463380000001
9928949551,45.7370165,126.66004810000001
9928949552,45.7365056,126.66062000000001
9929155547,45.7293182,126.66681720000001
9929155571,45.7215014,126.6664827
9929155573,45.7212637,126.66726150000001
9929155578,45.7215556,126.6665138
9929155579,45.721307800000005,126.66729160000001
9929395466,45.7398345,126.6455136
9929395467,45.740818100000006,126.6455983
9929422975,45.7402649,126.6516976
9929422976,45.7392717,126.6529478
9929422979,45.738484500000006,126.65348660000001
9930957211,45.7159494,126.62511740000001
9931470200,45.7290475,126.6286752
9931470201,45.729647500000006,126.62696550000001
9931470202,45.728426000000006,126.6282297
9931470203,45.732834700000005,126.63028670000001
9931470205,45.728723900000006,126.62736980000001
9931470206,45.7293454,126.6278113
9931470207,45.7299518,126.6282388
9931470208,45.731791400000006,126.62952670000001
9931470209,45.7323693,126.62641490000001
9931482301,45.727142900000004,126.62563270000001
9931482303,45.726098300000004,126.626159
9931482312,45.7253338,126.62651310000001
9931482320,45.727406300000006,126.62462830000001
9931482324,45.7269572,126.6267579
9931482325,45.7269978,126.62638020000001
9931482329,45.7285193,126.6244681
9931482343,45.7308541,126.62781700000001
9931482344,45.730552700000004,126.62865910000001
9931482347,45.7317977,126.6287034
9931482353,45.728841100000004,126.62927690000001
9931482364,45.734321900000005,126.62580480000001
9931482377,45.732992200000005,126.6275478
9931482378,45.732743000000006,126.6266571
9931482380,45.7340899,126.62696190000001
9931482381,45.7338636,126.62604890000001
9931482382,45.734194800000004,126.62736000000001
9931482385,45.7317934,126.62599300000001
9931482386,45.731098200000005,126.6269381
9931482396,45.730326100000006,126.6266465
9931482397,45.731266700000006,126.62672330000001
9931482401,45.7354895,126.62530790000001
9931482409,45.726420600000004,126.62344870000001
9931482410,45.7277703,126.62405330000001
9931482411,45.728745800000006,126.62417980000001
9931482412,45.7297114,126.62430350000001
9931482413,45.730980200000005,126.6244618
9931482415,45.7321261,126.62460560000001
9931482416,45.7331683,126.62473340000001
9931482417,45.733761900000005,126.6247922
9931482418,45.734263000000006,126.6248573
9931482419,45.7353916,126.62521910000001
9931482420,45.7309379,126.6245353
9931482498,45.7194355,126.62759410000001
9931569458,45.7259771,126.62331730000001
9931569459,45.7172489,126.6174534
9931569460,45.7193223,126.6189121
9931569461,45.7241828,126.6221931
9931569463,45.7171491,126.6173885
9931569475,45.6963583,126.61964900000001
9931569478,45.713588,126.61594900000001
9931569479,45.710899700000006,126.61651040000001
9931569480,45.710966600000006,126.61649630000001
9931569481,45.716013000000004,126.6166065
9931569485,45.7034977,126.6181279
9931569486,45.7032279,126.61818860000001
9931569487,45.7014069,126.618581
9931569488,45.700065900000006,126.61886570000001
9931569489,45.696490600000004,126.6196271
9931569490,45.6967276,126.6195744
9931569502,45.717315000000006,126.61722970000001
9931569508,45.7214357,126.60540400000001
9931569509,45.721250100000006,126.6056958
9931569510,45.721212900000005,126.605804
9931569511,45.7201521,126.6088811
9931569512,45.719486,126.6107922
9931569513,45.7187299,126.6129801
9931569516,45.715668300000004,126.60548920000001
9931589937,45.718780300000006,126.60139830000001
9931589938,45.7217032,126.6035193
9931589939,45.7212806,126.6031217
9931589945,45.7211,126.60374100000001
9931589946,45.719823700000006,126.604825
9931589947,45.719654600000005,126.60547910000001
9931589953,45.72805,126.5907925
9931589954,45.7279866,126.5906822
9931589958,45.7160662,126.6053995
9931589959,45.7150267,126.5959928
9931589960,45.715223200000004,126.5977395
9931589961,45.715074800000004,126.59639410000001
9931589962,45.7153731,126.59907140000001
9931589963,45.714320300000004,126.58801340000001
9931589964,45.7145628,126.59183370000001
9931590046,45.715463,126.59913220000001
9931590048,45.7121129,126.5978498
9933481470,45.7160335,126.6050996
9934252103,45.7072057,126.610364
9934252104,45.705545900000004,126.61074950000001
9934252105,45.708470000000005,126.6119012
9934252106,45.708598900000005,126.61309700000001
9934252107,45.7052783,126.60823330000001
9934252108,45.7069606,126.60780290000001
9934252113,45.7042372,126.6084601
9934252114,45.7060763,126.6082243
9934252115,45.706219100000006,126.60819380000001
9934252116,45.7059289,126.61438460000001
9934252117,45.707537300000006,126.61208490000001
9934252118,45.7074276,126.6119843
9934252121,45.704678900000005,126.6125686
9934252122,45.7049565,126.61525800000001
9934252123,45.7057158,126.61234820000001
9934875728,45.704889800000004,126.6146111
9934875730,45.7074483,126.6166314
9934875736,45.7081012,126.6163666
9934875737,45.7064249,126.61517470000001
9934875738,45.7077778,126.61513400000001
9934875740,45.708019,126.6153043
9934875741,45.707652800000005,126.61311920000001
9934875752,45.706292100000006,126.6149625
9934875888,45.704509200000004,126.61099030000001
9934875900,45.7079661,126.61481780000001
9934875911,45.7070318,126.60854680000001
9934875912,45.704307400000005,126.60911320000001
9934875913,45.7053488,126.6088967
9935177944,45.710429500000004,126.61151050000001
9935177945,45.714410400000006,126.61067530000001
9935869538,45.660509000000005,126.5496923
9937483272,45.7172762,126.6305578
9937483273,45.7170089,126.6313722
9937483274,45.7175528,126.629743
9937483275,45.716730500000004,126.63220500000001
9937483276,45.7160913,126.6331777
9937483278,45.715618600000006,126.63453150000001
9937483279,45.7161362,126.63464560000001
9937483284,45.7164549,126.63478250000001
9937483295,45.716795700000006,126.6338183
9937483296,45.716772000000006,126.63388520000001
9937483308,45.716470900000004,126.634737
9938301749,45.826291700000006,126.60421210000001
9938301750,45.820916200000006,126.6083246
9938301752,45.8123598,126.61482720000001
9938301753,45.8289812,126.6021965
9938301754,45.8261763,126.6043003
9938301756,45.8258675,126.6045332
9938301757,45.825981000000006,126.6044468
9938301758,45.8247645,126.60541090000001
9938301759,45.8220176,126.607494
9938301760,45.820051500000005,126.60897440000001
9938301761,45.8180209,126.6104741
9938301762,45.815299800000005,126.6125482
9938301765,45.8384718,126.64229660000001
9938301768,45.838285600000006,126.6418158
9938301769,45.8472609,126.63345210000001
9938301771,45.839699100000004,126.64046270000001
9938301772,45.839584300000006,126.64058990000001
9938301773,45.839418900000005,126.6407446
9938301774,45.8392884,126.64085890000001
9938301775,45.850283600000004,126.6310665
9938301777,45.8473471,126.63370300000001
9938301779,45.8398017,126.6407149
9938301780,45.8396655,126.64083260000001
9938301781,45.8395066,126.64099110000001
9938301782,45.839373200000004,126.64112800000001
9938301783,45.8336071,126.6255354
9938301784,45.823495,126.6332378
9938301785,45.832501400000005,126.62637670000001
9938301786,45.8286425,126.6293289
9938301787,45.8259764,126.63133230000001
9938301788,45.8219063,126.6203476
9938301791,45.815951000000005,126.62462620000001
9938301801,45.8122586,126.6268926
9938301802,45.8217207,126.6205015
9938301807,45.8134777,126.62647670000001
9938301809,45.8284527,126.615267
9938301810,45.821873800000006,126.62025840000001
9938301812,45.8183075,126.62266480000001
9938301813,45.8158984,126.62448210000001
9938301814,45.8157912,126.62456920000001
9938306023,45.826343200000004,126.6168655
9938306024,45.8245377,126.61824100000001
9938306025,45.8216673,126.62035920000001
9938306026,45.819309600000004,126.62193210000001
9938306029,45.813430600000004,126.62636370000001
9938352863,45.8106529,126.61612600000001
9938352897,45.827155700000006,126.63516860000001
9938352899,45.823078900000006,126.62417090000001
9938352901,45.823202900000005,126.62451440000001
9938352904,45.8192503,126.61320640000001
9938352905,45.8201011,126.61550390000001
9938352906,45.821127800000006,126.6182718
9938352910,45.8233899,126.62439450000001
9938352913,45.8244917,126.62793380000001
9938352914,45.8257897,126.631459
9938352915,45.825847100000004,126.63159420000001
9938353425,45.8154936,126.6030537
9938353426,45.817425500000006,126.60826490000001
9938353427,45.8182203,126.61032870000001
9938353428,45.8183054,126.610578
9938353429,45.8322737,126.6219207
9938353431,45.818567,126.6322609
9938353432,45.8311675,126.62277830000001
9938353433,45.829109300000006,126.62433910000001
9938353434,45.827304000000005,126.6256948
9938353435,45.8246223,126.62770730000001
9938353436,45.824454200000005,126.62783610000001
9938353437,45.8221501,126.62960650000001
9938353438,45.8211658,126.630363
9938372587,45.811629,126.6126935
9938372593,45.817326,126.6283152
9938372594,45.8176478,126.62917510000001
9938372596,45.811506,126.6127974
9938372598,45.8142214,126.62038650000001
9938372599,45.814996,126.6224277
9938372601,45.815843300000004,126.624712
9938372613,45.8201176,126.6374964
9938372615,45.8186985,126.6321542
9938372616,45.8187409,126.63229150000001
9938398270,45.826378600000005,126.6044925
9938398271,45.8262572,126.6045754
9938398272,45.826070900000005,126.6047209
9938398274,45.8124558,126.615103
9938398275,45.8123261,126.6151964
9938402317,45.8190356,126.6132407
9938402319,45.813511500000004,126.61798
9938402329,45.8101336,126.62115840000001
9938402330,45.811027800000005,126.61987490000001
9938871346,45.8416263,126.64613600000001
9938871395,45.8439811,126.5010826
9938871396,45.8439745,126.5009225
9939524582,45.812772900000006,126.63462720000001
9939735577,45.8343283,126.5984995
9939735578,45.8341882,126.59861140000001
9942617831,45.831168500000004,126.61739600000001
9942617834,45.831717100000006,126.61887370000001
9942617840,45.8312925,126.61927050000001
9942617845,45.830755700000005,126.61780820000001
9942617905,45.810478700000004,126.6236793
9942617918,45.810950500000004,126.6250933
9942617960,45.847484400000006,126.6340447
9942617963,45.839173900000006,126.6118359
9942617968,45.8378682,126.6081228
9942617969,45.839065700000006,126.61143860000001
9942617970,45.839471700000004,126.61263210000001
9942617972,45.8452489,126.6279533
9942617973,45.8453067,126.6281182
9942617976,45.839328,126.61224240000001
9942617977,45.847334800000006,126.6341256
9942617979,45.837709800000006,126.6082406
9942617980,45.8389626,126.6115146
9942617981,45.8394155,126.612678
9942617983,45.8450563,126.628083
9942617985,45.847113,126.6335782
9942617986,45.847216800000005,126.63382840000001
9942617990,45.8370672,126.60520930000001
9942617995,45.839118500000005,126.61188480000001
9942617996,45.839267400000004,126.61229130000001
9942618014,45.8346905,126.60629410000001
9942618015,45.836486300000004,126.61111740000001
9942618016,45.8376906,126.60818830000001
9942618017,45.835905700000005,126.609558
9942618018,45.835387100000005,126.6081649
9942618019,45.834191800000006,126.60907650000001
9942618030,45.836374500000005,126.6108171
9942618031,45.835239900000005,126.61168470000001
9942618036,45.8386098,126.5952323
9942618044,45.829603600000006,126.6136747
9942618045,45.829525100000005,126.61304960000001
9942618046,45.8306757,126.61715330000001
9942618047,45.8326974,126.622601
9942618048,45.832745100000004,126.62317370000001
9942618049,45.8187738,126.58456210000001
9942618054,45.8181791,126.58452170000001
9943816610,45.8340386,126.62518030000001
9943816612,45.8339024,126.6253118
9943816613,45.833743500000004,126.62543070000001
9943816614,45.833956,126.62545720000001
9943816615,45.833798800000004,126.62557330000001
9943816616,45.833653000000005,126.62568110000001
9943929217,45.8451108,126.6282489
9943929221,45.834800300000005,126.54301520000001
9943929222,45.8339178,126.54369070000001
9943929223,45.8338485,126.54351360000001
9943929224,45.8349684,126.54252240000001
9944581730,45.7544934,126.7077282
9945445632,45.8289532,126.5532065
9946682292,45.809977200000006,126.61700540000001
9946682293,45.8080243,126.61839690000001
9947715241,45.8193264,126.58364770000001
9947715242,45.819864100000004,126.58413580000001
9947715259,45.8225813,126.58480200000001
9947715260,45.8241851,126.58033970000001
9947715272,45.822301200000005,126.58446640000001
9947715273,45.820677800000006,126.58241740000001
9949418803,45.8332114,126.5499767
9949418805,45.8312839,126.55186390000001
9949418806,45.833326400000004,126.550313
9950414969,45.651374700000005,126.55359190000001
9950414970,45.6512855,126.55352830000001
9950414972,45.651660400000004,126.5318141
9950414974,45.6583483,126.5359392
9950414975,45.658449700000006,126.5360198
9950414976,45.6943901,126.56494020000001
9950439542,45.8239637,126.56171560000001
9950439543,45.823974400000004,126.56186240000001
9950574227,45.7190699,126.70939170000001
9950574232,45.7093481,126.71376830000001
9950574252,45.698611500000005,126.7006029
9950574253,45.7014994,126.70407030000001
9950574254,45.6983351,126.70911650000001
9950574261,45.705282100000005,126.7060426
9950574263,45.702816000000006,126.70567030000001
9950574264,45.701692,126.7014561
9950574265,45.6999962,126.6981262
9950574266,45.698042400000006,126.69989810000001
9950574274,45.6922426,126.70473910000001
9950574276,45.7015843,126.6962531
9950574285,45.7048105,126.7018982
9950574286,45.706360600000004,126.7025325
9950574287,45.7025244,126.6954355
9950574288,45.712003800000005,126.7272183
9950574300,45.707407200000006,126.72850910000001
9950574302,45.6992357,126.78377710000001
9950574304,45.699573900000004,126.73164890000001
9950574306,45.695514800000005,126.7311006
9950574309,45.695027700000004,126.73195890000001
9950574310,45.6975508,126.7331948
9950574316,45.6955839,126.73110510000001
9950583426,45.694087,126.71883330000001
9950583429,45.6904679,126.71960550000001
9950583430,45.7002569,126.7310544
9950583436,45.6953091,126.72900550000001
9950583442,45.698642,126.72943020000001
9950583457,45.697932200000004,126.73134950000001
9950583467,45.6900671,126.7399532
9950583473,45.685905500000004,126.74100840000001
9950583477,45.686368300000005,126.74300550000001
9950583483,45.712564,126.7017153
9950583487,45.713709200000004,126.7078386
9950583488,45.7141626,126.70403400000001
9950583494,45.712328,126.70483150000001
9950583495,45.7138039,126.70452780000001
9950583498,45.708945500000006,126.70293470000001
9950583500,45.7108797,126.70354820000001
9950583504,45.711688800000005,126.70628980000001
9950583506,45.711876600000004,126.70223390000001
9950583511,45.7086715,126.7021636
9950583525,45.7185908,126.78183000000001
9950583527,45.74976,126.782561
9950583532,45.7354898,126.7372213
9950583533,45.7418471,126.75168400000001
9950583545,45.736949100000004,126.7437733
9950583546,45.737509800000005,126.74508440000001
9950583558,45.7429208,126.7302499
9951050985,45.838513400000004,126.59496600000001
9951050986,45.838235700000006,126.59550990000001
9951050987,45.8380383,126.59533920000001
9951050988,45.8192238,126.6131292
9951050989,45.8501698,126.63074370000001
9951784432,45.772269200000004,126.57110410000001
9951784437,45.772958100000004,126.5721312
9951784440,45.7751433,126.57248550000001
9951784443,45.782412900000004,126.5789007
9951784444,45.7816078,126.57965150000001
9951784445,45.78154,126.5797127
9951894059,45.6702001,126.5884381
9951894064,45.6707976,126.6014214
9951894065,45.6648848,126.54813480000001
9951894066,45.6679941,126.5497632
9951894069,45.665894800000004,126.5541405
9951894071,45.6732383,126.56032990000001
9951894072,45.6690843,126.54725660000001
9951894073,45.6676676,126.54756470000001
9951894074,45.6678939,126.5497177
9951894083,45.667827,126.5501543
9951894084,45.6672391,126.54974240000001
9951894085,45.6645398,126.550481
9951894087,45.666645700000004,126.55142490000001
9951894088,45.666646500000006,126.55291690000001
9951894090,45.665166000000006,126.5534547
9951894091,45.664579800000006,126.5508185
9951894095,45.663921200000004,126.55198440000001
9951894104,45.665825700000006,126.5421972
9951894105,45.6651687,126.5438735
9951894109,45.664786,126.54692170000001
9951894110,45.6833169,126.67239300000001
9951894111,45.673282400000005,126.67608960000001
9951894113,45.672035900000004,126.66525960000001
9951896620,45.6705224,126.6603331
9951896621,45.672428100000005,126.6678923
9951896623,45.6732895,126.6665753
9951896627,45.675446300000004,126.6659683
9951896628,45.6729714,126.67192670000001
9951896629,45.6723968,126.66911900000001
9951896630,45.672596000000006,126.66913890000001
9951896631,45.674823200000006,126.66911580000001
9951896632,45.6750331,126.6715264
9951896633,45.6746731,126.66736920000001
9951896637,45.675417100000004,126.66439910000001
9951896638,45.6735187,126.6662495
9951896641,45.6720607,126.66637990000001
9951896642,45.6736659,126.66604020000001
9951896646,45.6718065,126.6681224
9951896647,45.6722699,126.67205990000001
9951896648,45.6723853,126.669031
9951896649,45.671929500000005,126.6691677
9951896650,45.671808600000006,126.67214750000001
9951896651,45.6714068,126.66822090000001
9951896652,45.672099700000004,126.67209220000001
9951896653,45.672402000000005,126.6760648
9951896654,45.6792886,126.69501410000001
9951896656,45.7792254,126.7273686
9951896659,45.788777200000006,126.7169082
9951896663,45.789045800000004,126.71594850000001
9951896665,45.7907,126.7154675
9951896666,45.7908217,126.7164123
9951896667,45.7906447,126.7149818
9951896668,45.7905796,126.71428130000001
9951896669,45.789485400000004,126.71528540000001
9951896670,45.7891525,126.71680230000001
9951896672,45.789398000000006,126.71896380000001
9951896673,45.787621200000004,126.7174305
9951896674,45.7878276,126.7191159
9951896682,45.7898404,126.7188859
9951896683,45.7914011,126.72220720000001
9951896685,45.7890363,126.72279400000001
9951896686,45.791371100000006,126.72351660000001
9951896691,45.787382,126.722147
9951896692,45.788234900000006,126.72456240000001
9951896693,45.7883402,126.72541290000001
9951896701,45.7912754,126.72734410000001
9951896711,45.789113400000005,126.7307076
9951896712,45.7889934,126.72918410000001
9951896713,45.7902144,126.7304218
9951896716,45.790040600000005,126.7291742
9951896718,45.7896238,126.72913220000001
9951896720,45.7896628,126.72842240000001
9951896722,45.7902197,126.72820290000001
9951896725,45.7911798,126.72812900000001
9951896728,45.7900829,126.72903880000001
9951896729,45.789447900000006,126.72913220000001
9951896730,45.790386500000004,126.72812590000001
9951896731,45.7904083,126.72728260000001
9951896733,45.791318200000006,126.72653940000001
9951896734,45.791327100000004,126.72577000000001
9951896735,45.790418300000006,126.72571380000001
9951896742,45.788855000000005,126.72781140000001
9951896743,45.7892139,126.72621120000001
9951896745,45.788286400000004,126.7267664
9951896746,45.788735300000006,126.7253565
9951896748,45.7891464,126.72433620000001
9951896749,45.7886401,126.72446190000001
9951896750,45.788663,126.7253668
9951896751,45.788772400000006,126.7264911
9951896752,45.786530600000006,126.7206922
9951896757,45.7850843,126.72200880000001
9951896763,45.782863400000004,126.721974
9951896764,45.785006900000006,126.7206587
9951896767,45.7854954,126.7239184
9951896768,45.785424600000006,126.72197310000001
9951896769,45.7854563,126.72318050000001
9951896770,45.7914186,126.72109660000001
9951896779,45.7883031,126.72054870000001
9951896780,45.7905439,126.72124190000001
9951896781,45.790672900000004,126.72240900000001
9951896782,45.790449200000005,126.72246870000001
9951896783,45.7903031,126.7212896
9951896812,45.7892026,126.71518250000001
9951896813,45.7859476,126.75920260000001
9951896814,45.785612300000004,126.75918800000001
9951896816,45.7844302,126.7593382
9951896821,45.7851124,126.7571144
9951896825,45.7850778,126.76039970000001
9951896826,45.785085300000006,126.7593904
9951896833,45.7838543,126.7570213
9951896835,45.7840166,126.75515460000001
9951896836,45.7848169,126.75709520000001
9951896838,45.784688200000005,126.7593587
9951896839,45.7856462,126.7571489
9951896842,45.787322800000005,126.75715310000001
9951896843,45.787668200000006,126.75920060000001
9951896844,45.7918407,126.75549910000001
9951896848,45.792702500000004,126.7575475
9951896849,45.7941677,126.7595649
9951896850,45.7931844,126.7570338
9951896851,45.7927018,126.75518640000001
9951896854,45.793001000000004,126.75517520000001
9951896858,45.79323,126.75138310000001
9951896861,45.7922206,126.75330710000001
9951896863,45.792166200000004,126.75536960000001
9951896866,45.7936142,126.75251320000001
9951896867,45.7933863,126.7535313
9951896869,45.7933018,126.75516280000001
9951896871,45.7935621,126.75634260000001
9951896872,45.7940373,126.7551284
9951896873,45.7941091,126.753662
9951896874,45.7930908,126.7535019
9951896876,45.794232900000004,126.7526533
9951896880,45.794428200000006,126.75100010000001
9951896881,45.79379,126.7532137
9951896882,45.7936081,126.7551485
9951896883,45.7937378,126.75514240000001
9951896884,45.794096100000004,126.75691230000001
9951896885,45.793753900000006,126.75359780000001
9951896886,45.794915800000005,126.7510326
9951896888,45.7947514,126.7551102
9951896890,45.795060500000005,126.7578069
9952188324,45.817629600000004,126.5688954
9952188333,45.825896,126.5612808
9952188334,45.814433900000004,126.5626574
9952188335,45.823934900000005,126.5614967
9952188336,45.8143454,126.56317720000001
9952188337,45.825959100000006,126.56182210000001
9952188338,45.8221645,126.56225760000001
9952188339,45.8183486,126.5627175
9952188341,45.813945600000004,126.56181810000001
9952188352,45.814069800000006,126.56394030000001
9952188353,45.814564600000004,126.563152
9952188354,45.8134486,126.5539475
9952188363,45.813983300000004,126.554663
9952188371,45.8135422,126.55549280000001
9952188372,45.814092900000006,126.5548976
9952188373,45.812575200000005,126.55506700000001
9952188381,45.813054300000005,126.55557490000001
9952188382,45.8129816,126.55396830000001
9952188389,45.812403800000006,126.55484270000001
9952188487,45.8147035,126.55203770000001
9956335918,45.799907000000005,126.547542
9956336142,45.7965613,126.52568160000001
9956336159,45.8059553,126.51935940000001
9956336166,45.805667,126.52060610000001
9956336172,45.8067648,126.52003330000001
9956336178,45.806221,126.5194022
9956336183,45.803735,126.51105290000001
9956336189,45.803465,126.51229590000001
9956336190,45.803620800000004,126.5128327
9956336196,45.804614,126.51305690000001
9956336202,45.8047879,126.5120952
9956336203,45.803968000000005,126.5110619
9956336209,45.804726,126.5114604
9956336345,45.7986878,126.5244363
9956336346,45.796654600000004,126.51728370000001
9956336357,45.807451,126.5337257
9956336359,45.8125202,126.5331881
9956336360,45.811083100000005,126.53333590000001
9956336361,45.806749800000006,126.53304750000001
9956336365,45.806279700000005,126.53366690000001
9956336366,45.806215800000004,126.5339124
9956336372,45.806526600000005,126.53464500000001
9956336373,45.806859300000006,126.53437590000001
9956336380,45.8074291,126.53355320000001
9956336388,45.807027700000006,126.5328266
9956336389,45.805225500000006,126.54069820000001
9956336395,45.805955700000005,126.54009780000001
9956336400,45.8032495,126.53804050000001
9956336401,45.8052702,126.5390311
9956336405,45.8048799,126.5392841
9956336407,45.804771800000005,126.53946110000001
9956336412,45.805008900000004,126.5404977
9956432383,45.782208600000004,126.4774828
9956432404,45.807489200000006,126.520193
9956432406,45.807712300000006,126.5245294
9956432407,45.808966700000006,126.53343860000001
9956432410,45.8082039,126.5283715
9956432411,45.8066897,126.52867560000001
9956432416,45.804450700000004,126.52899520000001
9956432417,45.804808200000004,126.51457350000001
9956432420,45.801144,126.51674220000001
9956432455,45.801557,126.54824690000001
9956432592,45.798687400000006,126.54002410000001
9956432619,45.7944764,126.51786100000001
9956432623,45.7886018,126.49984680000001
9956432624,45.791210400000004,126.50750500000001
9956432625,45.792513500000005,126.5115202
9956432626,45.793988500000005,126.5162377
9956432627,45.794676900000006,126.5185057
9959142809,45.7858887,126.482088
9959142816,45.7908624,126.49845830000001
9959159118,45.7918158,126.5016951
9959159119,45.792260000000006,126.50305220000001
9959159120,45.7927881,126.50478720000001
9959159121,45.793236400000005,126.50625900000001
9959159128,45.7948803,126.51007940000001
9959159137,45.7878338,126.50027200000001
9959159139,45.797729200000006,126.49408720000001
9959159143,45.7954218,126.49547650000001
9959159144,45.7954999,126.49542640000001
9959159145,45.7955302,126.49553150000001
9959159159,45.791189,126.50769090000001
9959159160,45.800982000000005,126.501597
9959159161,45.8007992,126.50171080000001
9959159162,45.7995956,126.5024424
9959159163,45.798736000000005,126.5029528
9959159164,45.797955800000004,126.50344260000001
9959159165,45.797867600000004,126.50349790000001
9959159166,45.7931669,126.5064492
9959159167,45.7932738,126.506382
9959159168,45.791253600000005,126.5076504
9959159169,45.797927400000006,126.50334980000001
9959159170,45.7978396,126.50340560000001
9959159171,45.7948104,126.4934444
9959159174,45.7948943,126.4933855
9959212952,45.7973069,126.4943496
9959212981,45.7986973,126.5028601
9960479312,45.6786699,126.53511440000001
9960492260,45.7418532,126.7656012
9960492265,45.758829000000006,126.74983030000001
9960492266,45.7540484,126.75107870000001
9960492267,45.753021100000005,126.75127680000001
9960517478,45.6831145,126.6555191
9960532006,45.704182800000005,126.69273460000001
9960532012,45.6917545,126.6944814
9960577517,45.6946122,126.6918265
9960577520,45.711768600000006,126.75628160000001
9960577522,45.712707900000005,126.73109170000001
9960588929,45.696364200000005,126.561351
9965350487,45.7381158,126.5102748
9965350489,45.738314,126.51280960000001
9965350492,45.738461900000004,126.5127697
9965351217,45.7283083,126.51747200000001
9965351218,45.7267273,126.5054247
9965538381,45.732843200000005,126.51200320000001
9965538382,45.733779500000004,126.51913490000001
9965538384,45.733209300000006,126.51419080000001
9965538390,45.730164200000004,126.51505130000001
9965538392,45.730232400000006,126.51503100000001
9965538402,45.734584700000006,126.47647420000001
9965538411,45.7344627,126.47654250000001
9965560049,45.7352421,126.51117880000001
9965560054,45.734966500000006,126.509039
9965560059,45.734923900000005,126.50905350000001
9965560065,45.7355074,126.51348300000001
9965560066,45.735730700000005,126.51516430000001
9965560127,45.7415889,126.5155742
9965560129,45.7398511,126.5148527
9965560130,45.742665300000006,126.5140832
9965560131,45.739858000000005,126.51490840000001
9965560132,45.7423094,126.51170440000001
9965560136,45.733131900000004,126.5142146
9965560138,45.7280813,126.5155756
9965560139,45.7280674,126.5154899
9965560145,45.7410736,126.51194720000001
9965560146,45.742292400000004,126.51160270000001
9965560147,45.7407334,126.50954700000001
9965560149,45.737971400000006,126.51041210000001
9965560150,45.7407429,126.5096216
9965560153,45.732888900000006,126.51183340000001
9965560154,45.7328732,126.5117165
9965560178,45.7224482,126.50658270000001
9965560179,45.722462900000004,126.5066919
9965560264,45.7334163,126.5157468
9965560266,45.73572,126.5151029
9965560267,45.7334066,126.5156829
9965560270,45.7297499,126.50832170000001
9965560271,45.7272109,126.50902810000001
9965560272,45.7225812,126.5103368
9965560273,45.722598600000005,126.5104649
9965560274,45.7297559,126.50840380000001
9965560275,45.7217447,126.5042157
9965560276,45.7284823,126.50244690000001
9965560277,45.7284608,126.50232960000001
9965560278,45.721727800000004,126.5040905
9965563549,45.739004300000005,126.49639870000001
9965563555,45.742186700000005,126.51163570000001
9965563556,45.7422042,126.5117326
9965563557,45.7425505,126.51411470000001
9965563558,45.7390984,126.4963398
9965563607,45.7384482,126.51265670000001
9965569332,45.738297100000004,126.51269680000001
9965569370,45.7331201,126.51412160000001
9965569392,45.729488200000006,126.50935380000001
9965569395,45.730216500000004,126.51493230000001
9965569405,45.7294275,126.50943910000001
9965569408,45.730152100000005,126.5149435
9965569442,45.7270162,126.5054721
9965569443,45.727515200000006,126.50893310000001
9965569444,45.727529600000004,126.5090447
9965569447,45.727866500000005,126.51168740000001
9965569448,45.728350500000005,126.51541710000001
9965569449,45.728362100000005,126.5155072
9965569450,45.7267409,126.50553450000001
9965569452,45.7272271,126.50911950000001
9965569455,45.727634,126.5120796
9965569467,45.741088700000006,126.5120413
9965569468,45.7414275,126.51438700000001
9965569469,45.7414343,126.51443520000001
9966015905,45.7286623,126.5173853
9966105431,45.7342236,126.52826940000001
9966105432,45.734600400000005,126.5289498
9966105449,45.734156000000006,126.5283351
9966105450,45.7345483,126.52902680000001
9966105458,45.736293700000004,126.5335328
9966105459,45.7365835,126.53537790000001
9966105462,45.7337731,126.51997700000001
9966105463,45.7334071,126.52466600000001
9966105464,45.733411200000006,126.52478370000001
9966105465,45.7354246,126.5303382
9966105466,45.735486900000005,126.53046660000001
9967097544,45.736670700000005,126.5357218
9967097545,45.739243300000005,126.5533546
9967097546,45.7379881,126.5440389
9967097547,45.7380009,126.54417430000001
9967097600,45.7422673,126.5422125
9967097602,45.740890300000004,126.53229180000001
9967097603,45.741114,126.5322242
9967100276,45.7144029,126.53973300000001
9967100277,45.7144198,126.5396017
9967100278,45.707599300000005,126.5420325
9967100279,45.711380000000005,126.5399914
9967100283,45.727682900000005,126.5703953
9967100292,45.7142306,126.54593080000001
9967100294,45.7118076,126.54652750000001
9967100298,45.711108200000005,126.53434460000001
9967100304,45.7117039,126.5465649
9967100305,45.711034500000004,126.53424220000001
9967100306,45.711035800000005,126.53439100000001
9967100307,45.7112861,126.53992670000001
9967100308,45.711289900000004,126.5400405
9967102019,45.7365264,126.54393560000001
9967102029,45.7334715,126.53552210000001
9967102036,45.7253552,126.53229400000001
9967102037,45.725571900000006,126.5321614
9967102071,45.734994500000006,126.5358635
9967102072,45.733738300000006,126.53531930000001
9967102073,45.7333161,126.53650280000001
9967102074,45.733437800000004,126.5368397
9967102076,45.7343874,126.5372107
9967102077,45.7347977,126.53724140000001
9967102078,45.734965200000005,126.536224
9967102079,45.741727600000004,126.5339718
9967102080,45.741286200000005,126.53354590000001
9967102081,45.741041800000005,126.53348000000001
9967102084,45.7407577,126.5342341
9967102085,45.7407941,126.53459900000001
9967102086,45.741246000000004,126.5349996
9967102087,45.7414852,126.53498900000001
9967102088,45.7417482,126.5343428
9967102089,45.728289700000005,126.5399211
9967102090,45.728908700000005,126.54005190000001
9967102091,45.7290794,126.53988190000001
9967102092,45.729147000000005,126.53927010000001
9967102093,45.728995100000006,126.5389686
9967102094,45.7284768,126.53878580000001
9967102095,45.728249600000005,126.53886310000001
9967102096,45.728182000000004,126.539572
9967102097,45.7229843,126.54488280000001
9967102098,45.7224221,126.544893
9967102099,45.7222979,126.54488090000001
9967102100,45.7222699,126.54575430000001
9967102101,45.722405800000004,126.54608270000001
9967102102,45.722953700000005,126.5460573
9967102103,45.7231241,126.54520420000001
9967102104,45.720022400000005,126.5497715
9967102105,45.720044,126.5489634
9967102106,45.7198945,126.54867270000001
9967102107,45.719342700000006,126.54864010000001
9967102108,45.719215600000005,126.5487102
9967102109,45.7192042,126.54952340000001
9967102110,45.7193314,126.54982530000001
9967102111,45.7198773,126.54986950000001
9967102112,45.7402293,126.52922840000001
9967102113,45.740548800000006,126.52951610000001
9967102114,45.740737200000005,126.5294224
9967102115,45.7409198,126.5290355
9967102116,45.7409474,126.52883190000001
9967102117,45.740622200000004,126.52856650000001
9967102118,45.740421000000005,126.52856030000001
9967102119,45.740181500000006,126.5290315
9967102120,45.7401884,126.522818
9967102123,45.7398034,126.52247820000001
9967102124,45.739594200000006,126.52245
9967102127,45.739326600000005,126.5230559
9967102128,45.739345900000004,126.5231787
9967102131,45.7397562,126.52361920000001
9967102132,45.7399459,126.52353690000001
9967102135,45.740205100000004,126.52293230000001
9967102136,45.742874900000004,126.5426903
9967102137,45.7424636,126.54226290000001
9967102138,45.7419865,126.54293510000001
9967102139,45.7420167,126.54307790000001
9967102140,45.7424387,126.54350230000001
9967102141,45.7426126,126.54337330000001
9967102142,45.742849400000004,126.5428502
9967102143,45.7372073,126.5442826
9967102144,45.7367913,126.54393850000001
9967102145,45.736194100000006,126.5447209
9967102146,45.7366897,126.5452061
9967102147,45.7369545,126.54511280000001
9967102148,45.7372157,126.5444573
9967102149,45.732308100000004,126.54694570000001
9967102150,45.7317303,126.54688010000001
9967102151,45.731505600000006,126.54676760000001
9967102152,45.731275800000006,126.54770950000001
9967102153,45.7316803,126.54802280000001
9967102154,45.7319004,126.54807260000001
9967102155,45.7321285,126.5472309
9967102158,45.726469400000006,126.5524876
9967102159,45.7260943,126.5529611
9967102160,45.726516100000005,126.5525968
9967102161,45.726156800000005,126.5530595
9967102162,45.7357694,126.5449191
9967102163,45.7357918,126.5450323
9967102164,45.7264606,126.5265662
9967102165,45.7268544,126.5264607
9967102166,45.726905200000004,126.52658600000001
9967102167,45.726524600000005,126.52668320000001
9967102169,45.7290974,126.53277100000001
9967102170,45.729149500000005,126.5328942
9967102171,45.7288553,126.53307210000001
9967102173,45.740227000000004,126.52564880000001
9967102174,45.7403282,126.5264633
9967102175,45.740142000000006,126.52658240000001
9967102176,45.740021500000005,126.5257363
9967102177,45.7235019,126.53586430000001
9967102178,45.723205300000004,126.53592880000001
9967102179,45.7217981,126.54339560000001
9967102180,45.7218595,126.543807
9967102181,45.7217289,126.5434642
9967102182,45.7212273,126.547516
9967102183,45.7209154,126.54790340000001
9967102184,45.721188000000005,126.54707
9967102185,45.7308955,126.53775010000001
9967102186,45.731078800000006,126.5380279
9967102187,45.7376955,126.56231090000001
9967102188,45.7379631,126.5622347
9967102189,45.737977400000005,126.5623477
9967102190,45.737709900000006,126.56242060000001
9967102191,45.7458291,126.5678568
9967102193,45.7464275,126.56730730000001
9967102194,45.745037100000005,126.56767190000001
9967102197,45.7457293,126.56796220000001
9967102199,45.734887500000006,126.56974480000001
9967102204,45.7344282,126.56915140000001
9967102205,45.734254,126.5691309
9967102210,45.733840900000004,126.57028810000001
9967102214,45.7343604,126.5707998
9967102215,45.7345137,126.5706657
9967102219,45.7348921,126.57004610000001
9967102220,45.7344535,126.56326650000001
9967102221,45.7338978,126.5629681
9967102222,45.733651800000004,126.56288850000001
9967102223,45.733417300000006,126.563749
9967102224,45.7334072,126.5639474
9967102225,45.733825800000005,126.56429770000001
9967102226,45.734036,126.56433140000001
9967102227,45.734316,126.5634998
9967102230,45.7210418,126.5405475
9967768280,45.8176725,126.5202062
9967768284,45.818055300000005,126.5208333
9967768285,45.818218400000006,126.5207639
9967768289,45.818570900000005,126.52020870000001
9967768290,45.817719600000004,126.52768200000001
9967768293,45.8180496,126.52815360000001
9967768294,45.818225000000005,126.5282258
9967768297,45.818533300000006,126.52761980000001
9967768298,45.8186009,126.52739340000001
9967768301,45.8182033,126.5268329
9967768302,45.8180332,126.5267477
9967768306,45.8176404,126.52742140000001
9967768307,45.823044700000004,126.51037830000001
9967768311,45.823514100000004,126.5109877
9967768312,45.8236876,126.51099070000001
9967768316,45.8240763,126.5103529
9967768317,45.824105200000005,126.51009320000001
9967768321,45.823687400000004,126.50944480000001
9967768322,45.823517,126.5094286
9967768326,45.8230798,126.5101089
9967768327,45.823719600000004,126.53162180000001
9967768328,45.8234575,126.52716470000001
9967768329,45.823463100000005,126.5273846
9967768366,45.801383400000006,126.4789312
9967768367,45.801244100000005,126.479005
9968282174,45.8182326,126.5166269
9968282175,45.818226700000004,126.51805990000001
9968282176,45.818077300000006,126.5164603
9968282177,45.8180684,126.51770610000001
9968282189,45.805404200000005,126.5033767
9968282201,45.807366,126.51003910000001
9968282202,45.807427000000004,126.51024120000001
9968282203,45.8075082,126.5105022
9968282204,45.807560900000006,126.51066150000001
9968282205,45.809179500000006,126.5200209
9968282206,45.809645700000004,126.53348380000001
9968282207,45.8054556,126.5035486
9968282208,45.8074415,126.51001020000001
9968282209,45.807502,126.51021360000001
9968282212,45.809252300000004,126.52002030000001
9968282213,45.809744800000004,126.53347360000001
9968289769,45.8268277,126.52954810000001
9968289770,45.826739,126.520065
9968289771,45.830075900000004,126.5255319
9968289773,45.8338486,126.4891216
9968289774,45.8337421,126.4891197
9968289775,45.830031700000006,126.4955135
9968309968,45.8392818,126.61129020000001
9968309969,45.839769700000005,126.61239130000001
9968309977,45.8237268,126.48971
9968309978,45.8235924,126.4897344
9969220898,45.8415004,126.5924976
9969220899,45.8415297,126.59273850000001
9969220908,45.8294653,126.54708670000001
9969232352,45.821219000000006,126.6428812
9969232353,45.8223436,126.64658550000001
9969232354,45.830176400000006,126.67159110000001
9969232365,45.833148300000005,126.66649280000001
9969232374,45.832933600000004,126.666289
9969232378,45.827476700000005,126.65276460000001
9969232380,45.829533700000006,126.6582669
9969232381,45.826441200000005,126.65971490000001
9969232384,45.831116800000004,126.65766980000001
9969232392,45.8393536,126.65612050000001
9969232411,45.8415417,126.67519650000001
9969471520,45.8409496,126.63092890000001
9969471521,45.834881200000005,126.61453050000001
9969471522,45.8352614,126.6155734
9969471524,45.8408868,126.6307745
9969471525,45.8432571,126.63714270000001
9969471526,45.8433599,126.63742160000001
9969471529,45.8352048,126.61559820000001
9969471531,45.8431839,126.63721100000001
9969471532,45.843287000000004,126.63748930000001
9969471533,45.845696100000005,126.61654150000001
9969471536,45.837778,126.62261120000001
9969471539,45.837776000000005,126.62239760000001
9969471540,45.8151858,126.6395337
9969471541,45.814109,126.64014920000001
9969471542,45.8146137,126.6398602
9969471553,45.8154289,126.637995
9969471554,45.815719300000005,126.63904070000001
9969471557,45.8124532,126.6386253
9969471558,45.8133847,126.63805350000001
9969471559,45.8123907,126.63840010000001
9969471560,45.813321900000005,126.63784000000001
9969471561,45.8134474,126.6397374
9969471570,45.8130852,126.63563350000001
9969471571,45.8131044,126.6348851
9969471581,45.8138024,126.6395198
9969471582,45.817091600000005,126.6320718
9969471587,45.8173649,126.6318054
9969471590,45.818431000000004,126.6353301
9969471592,45.8185201,126.63579080000001
9969471593,45.8176318,126.63409770000001
9969471594,45.8184678,126.6335942
9969471595,45.8174591,126.6305248
9969471597,45.818904200000006,126.63510240000001
9969471599,45.8169945,126.63065080000001
9969471600,45.817398000000004,126.6317712
9969471601,45.817061300000006,126.6308365
9969471602,45.8170712,126.63209130000001
9969471603,45.816547,126.63108530000001
9969471604,45.8169751,126.63190680000001
9969471605,45.817132900000004,126.639886
9969471606,45.817636900000004,126.6417119
9969471607,45.8158801,126.6427213
9969471608,45.818860400000005,126.64097710000001
9969471609,45.8156024,126.64072990000001
9969471614,45.816521800000004,126.64394050000001
9969471615,45.8168427,126.64216820000001
9969471625,45.817704500000005,126.64167130000001
9969471626,45.818348400000005,126.6391978
9969471634,45.820871800000006,126.64173760000001
9969471635,45.815806200000004,126.6424073
9969471636,45.8148885,126.6428984
9969471641,45.814556,126.6416355
9969471642,45.8144816,126.64134290000001
9969471674,45.744236900000004,126.5182925
9969471678,45.7443578,126.5192301
9969471693,45.8066012,126.60798820000001
9969471702,45.8189519,126.59944600000001
9969471711,45.8221312,126.59302450000001
9969471712,45.821347700000004,126.5947993
9969471713,45.818996600000006,126.5993851
9969471714,45.8172833,126.60150650000001
9969471715,45.815524800000006,126.6031442
9969471716,45.8153215,126.603301
9969471717,45.813014,126.6047013
9969471719,45.8077732,126.60735220000001
9969471720,45.8224485,126.59240340000001
9969471724,45.825038000000006,126.58651590000001
9969471725,45.8189074,126.5993818
9969471726,45.821966200000006,126.607533
9969471728,45.8211571,126.60534480000001
9969471729,45.8079705,126.615385
9969471731,45.821172600000004,126.60522200000001
9969471732,45.8211269,126.605269
9969471733,45.8192236,126.6067462
9969471734,45.817400400000004,126.60818280000001
9969471735,45.8172208,126.6083392
9969471736,45.8146532,126.61030570000001
9969471737,45.8115694,126.61261630000001
9969471738,45.8130553,126.60457410000001
9969471739,45.8153493,126.6125061
9969471740,45.8130844,126.6046599
9969471741,45.8138869,126.6074375
9969471742,45.814709900000004,126.610264
9969471743,45.8147278,126.6103379
9969471745,45.8138452,126.60754200000001
9969471746,45.8162451,126.60572060000001
9969471747,45.813906700000004,126.6075019
9969471748,45.809823200000004,126.61407930000001
9969471749,45.810596600000004,126.616172
9969471750,45.8170391,126.61758660000001
9969471751,45.816444600000004,126.615954
9969471752,45.830753200000004,126.6348619
9969471754,45.821974100000006,126.6111501
9969471755,45.8230481,126.61406670000001
9969471756,45.8235995,126.6155475
9969471757,45.8245827,126.61820300000001
9969471758,45.8246173,126.6182869
9969471759,45.8259805,126.62198430000001
9969471763,45.8286925,126.62928600000001
9969471764,45.8287471,126.6294191
9969471765,45.829990800000004,126.6328043
9969471766,45.825757200000005,126.6081802
9969471767,45.8237097,126.60973630000001
9969471768,45.8219445,126.611073
9969471769,45.8218946,126.61111580000001
9969471771,45.8133745,126.61809290000001
9969492057,45.807995600000005,126.62255730000001
9969492058,45.8077465,126.6064894
9969492060,45.808475900000005,126.60694070000001
9969492062,45.8084259,126.6069652
9969492063,45.8084379,126.6070502
9969492064,45.8114393,126.61270880000001
9969492065,45.812234700000005,126.61492580000001
9969492066,45.813425200000005,126.61822480000001
9969492070,45.8078821,126.60639630000001
9969492072,45.808162100000004,126.61797670000001
9969492073,45.808179,126.6183134
9969492077,45.811518400000004,126.63584610000001
9969492082,45.8079016,126.60720730000001
9969492083,45.8079035,126.6072872
9969492084,45.8080955,126.6152885
9969492085,45.8081,126.615476
9969492086,45.808154900000005,126.61999700000001
9969492087,45.8081381,126.6225859
9969492088,45.8096212,126.62939050000001
9969492089,45.8104024,126.6319842
9969492090,45.811319600000004,126.63515120000001
9969492094,45.8213413,126.59464600000001
9969492095,45.8248018,126.6053842
9969492096,45.8248796,126.60562
9969492097,45.835403500000005,126.63399820000001
9969492098,45.8340522,126.63037920000001
9969492099,45.8325575,126.6263457
9969492100,45.8325961,126.62645850000001
9969492103,45.8213791,126.59472330000001
9969492104,45.827023000000004,126.6114096
9969492105,45.827361,126.61231810000001
9969492106,45.8298542,126.6190392
9969492107,45.8300569,126.61958270000001
9969492108,45.831215400000005,126.622735
9969492109,45.831244600000005,126.6228186
9969492110,45.8318645,126.63171380000001
9969492111,45.830513800000006,126.62806510000001
9969492112,45.834079900000006,126.6304563
9969492113,45.829975700000006,126.6329517
9969492114,45.834017,126.6304965
9969492115,45.8300301,126.6329103
9969492116,45.838126900000006,126.64196330000001
9969541517,45.8383776,126.6420521
9969541518,45.838214900000004,126.64219150000001
9969541519,45.8355447,126.6345716
9969541520,45.8384234,126.6423367
9969541521,45.8382347,126.64185400000001
9969921732,45.694231900000005,126.70694780000001
9969921741,45.6900075,126.7052783
9969921742,45.7163863,126.74024340000001
9974259069,45.712007400000005,126.7389354
9974259071,45.7119863,126.73919000000001
9974259072,45.7163428,126.74052060000001
9974259073,45.7230724,126.74929060000001
9974259075,45.711614600000004,126.74443690000001
9974259076,45.716247900000006,126.7402088
9974259077,45.714114200000004,126.75169740000001
9974259078,45.715199600000005,126.74591160000001
9974259079,45.715171600000005,126.7460609
9974259080,45.7147974,126.7480558
9974259081,45.715314600000006,126.74596100000001
9974259082,45.715285900000005,126.74611010000001
9974259086,45.718998500000005,126.7475433
9974259087,45.718977200000005,126.747701
9974259090,45.716205800000004,126.740468
9974259103,45.7116034,126.74455870000001
9974259104,45.7149967,126.7605767
9974259105,45.7111285,126.75896110000001
9974259106,45.7111004,126.75910580000001
9974259107,45.7149511,126.7607615
9974259108,45.713963500000006,126.76033260000001
9974259109,45.7127119,126.7670389
9974259111,45.714000600000006,126.76016630000001
9974259114,45.7127898,126.75964540000001
9974259116,45.7118843,126.75927680000001
9974267917,45.7113176,126.76652340000001
9974267918,45.711871800000004,126.7594375
9974267919,45.711597700000006,126.76292230000001
9974267920,45.713353000000005,126.76360150000001
9974267921,45.719328600000004,126.769452
9974267922,45.7113315,126.76637310000001
9974267923,45.7127416,126.76690620000001
9974267926,45.715895700000004,126.7656462
9974267927,45.7151397,126.7697828
9974267928,45.7157987,126.7655629
9974267929,45.7150388,126.7697322
9974267930,45.7153709,126.7679188
9974267931,45.715349,126.76802610000001
9974267932,45.714879100000005,126.72960810000001
9974267933,45.7140641,126.7352316
9974267934,45.714583700000006,126.73162860000001
9974267935,45.7162025,126.734396
9974267936,45.716794900000004,126.7300673
9974267937,45.716786000000006,126.7301324
9974267944,45.7161239,126.7341255
9974267946,45.725215500000004,126.73490570000001
9974267948,45.725090800000004,126.73486690000001
9974267952,45.7047648,126.72159020000001
9974267954,45.7091324,126.72293250000001
9974267955,45.709254300000005,126.7223244
9974267972,45.8040741,126.71416570000001
9974268014,45.7883311,126.71928120000001
9974268015,45.7883433,126.71943200000001
9974268026,45.8043381,126.71331250000001
9974268027,45.794617200000005,126.7198874
9974268039,45.804757900000006,126.71371110000001
9974268056,45.7664653,126.72439550000001
9974268059,45.7865879,126.71975730000001
9974268071,45.7963545,126.71944970000001
9974268073,45.794613000000005,126.7193424
9974268075,45.796887500000004,126.71992180000001
9974268081,45.800119800000004,126.71804540000001
9974268085,45.8028319,126.7147209
9974268088,45.8028805,126.7155493
9974268102,45.691883700000005,126.71730810000001
9974268103,45.6916816,126.7172575
9974268107,45.7045741,126.72152940000001
9974268109,45.6896665,126.7167936
9974268111,45.684548,126.71264060000001
9974268113,45.688756000000005,126.7064718
9974268115,45.689948300000005,126.70518260000001
9974268117,45.687555700000004,126.7082795
9974268118,45.6846243,126.7125268
9974348159,45.774157200000005,126.75760570000001
9974348160,45.7745739,126.7610377
9974348161,45.775123900000004,126.76662400000001
9974348162,45.7752585,126.76658900000001
9974348163,45.775406200000006,126.76782270000001
9974348164,45.774031900000004,126.75763320000001
9974348180,45.749358900000004,126.7607141
9974348181,45.748236000000006,126.7478052
9974348186,45.747973300000005,126.7495391
9974348194,45.7491313,126.7608012
9974348195,45.7490219,126.7584233
9974348205,45.7507199,126.7070424
9974348206,45.75114,126.71030820000001
9974348207,45.751085200000006,126.70889930000001
9974348208,45.7506673,126.70882750000001
9974348209,45.7509436,126.71030040000001
9974349736,45.7364455,126.7005438
9974349737,45.735890700000006,126.70030340000001
9974349739,45.7391055,126.7016978
9974349742,45.745611600000004,126.70323880000001
9974349743,45.745611600000004,126.70341760000001
9974349744,45.750506200000004,126.70654420000001
9974349745,45.7485628,126.70454170000001
9974349756,45.750656500000005,126.70783510000001
9974349762,45.751192700000004,126.7095173
9974349763,45.7538496,126.70884450000001
9974349764,45.7538442,126.7087195
9974349765,45.7511741,126.7094048
9974349767,45.7543955,126.71234810000001
9974349791,45.754378300000006,126.71226790000001
9974349792,45.7517146,126.71337240000001
9974349793,45.7376206,126.70747030000001
9974349794,45.7463143,126.70985870000001
9974349795,45.7434322,126.7090646
9974349796,45.7440469,126.70923320000001
9974349797,45.744512,126.70936080000001
9974349798,45.74555,126.70964550000001
9974349799,45.7458296,126.70972230000001
9974349802,45.746956000000004,126.70394700000001
9974349807,45.746144,126.7136275
9974349808,45.7462475,126.70962940000001
9974349809,45.7462193,126.70982690000001
9974349810,45.745967,126.7118829
9974349811,45.746096900000005,126.7132133
9975278214,45.7786168,126.7217727
9975278215,45.779968200000006,126.7330618
9975278216,45.7833647,126.72623820000001
9975307717,45.779210500000005,126.7272621
9975307718,45.779279700000004,126.72723920000001
9975307719,45.779291400000005,126.72734930000001
9975307720,45.7826545,126.72077150000001
9975307734,45.783295800000005,126.7262536
9975307735,45.7833057,126.72636530000001
9975307736,45.7839729,126.7317208
9975307741,45.6970345,126.77459220000001
9975307742,45.6955218,126.81094410000001
9975307744,45.6970235,126.77480080000001
9975307745,45.6966854,126.78010300000001
9975307752,45.7035269,126.7765832
9975307760,45.6931566,126.7731557
9975307761,45.6920213,126.7916033
9975307763,45.693136800000005,126.7733608
9975307764,45.692783500000004,126.7793893
9975307766,45.6967872,126.7799731
9975307767,45.689909300000004,126.77878860000001
9975307768,45.692793200000004,126.77927070000001
9975307769,45.6928939,126.77928560000001
9975307770,45.696698600000005,126.7799504
9975307777,45.6828847,126.7019118
9975307786,45.6792742,126.69490350000001
9975307788,45.677996300000004,126.6857097
9975307789,45.677903,126.68573470000001
9975307790,45.678414100000005,126.6906077
9975307791,45.6792152,126.69498960000001
9975307805,45.6824827,126.70252490000001
9975307806,45.679228300000005,126.69509040000001
9975307807,45.6784936,126.6905706
9975307809,45.6742306,126.69363940000001
9975307810,45.6784048,126.6904841
9975307813,45.6754748,126.6984936
9975307815,45.6929242,126.7106373
9975307825,45.685195900000004,126.69907090000001
9975307827,45.688828900000004,126.7063882
9975307828,45.688890400000005,126.70650380000001
9975307831,45.7016355,126.6807498
9975307843,45.680384700000005,126.59741770000001
9975307844,45.680625400000004,126.5973567
9975307845,45.6691152,126.58786800000001
9975307847,45.6726593,126.58905170000001
9975307848,45.6727025,126.58856990000001
9975307851,45.6644294,126.58611230000001
9975307852,45.664374,126.5864643
9975307861,45.6772119,126.5899638
9975307863,45.6771551,126.5904455
9975307864,45.679032,126.5908778
9975307865,45.679049600000006,126.59073570000001
9975307866,45.6805772,126.5911504
9975307875,45.692660200000006,126.68870930000001
9975307884,45.691208100000004,126.6861686
9975307894,45.684460800000004,126.6857123
9975307906,45.688549300000005,126.6812124
9975307911,45.688505500000005,126.6812608
9975307912,45.692596200000004,126.6887861
9975307913,45.684708400000005,126.6878784
9976220407,45.8408189,126.6013599
9976220408,45.840883700000006,126.60153980000001
9976220544,45.840735800000004,126.5448128
9976220559,45.831071900000005,126.5760963
9976220561,45.8308247,126.57451390000001
9976220569,45.8308,126.57002240000001
9976220573,45.8329133,126.5728423
9976220576,45.831862400000006,126.5739889
9976220577,45.8325842,126.5734979
9976220578,45.832990300000006,126.57330370000001
9976220579,45.837668900000004,126.58690730000001
9976220594,45.832309300000006,126.57517890000001
9976220600,45.8315311,126.5698583
9976220603,45.832543,126.57057870000001
9976220614,45.8329357,126.5679671
9976220615,45.827608600000005,126.5826909
9976220628,45.830201900000006,126.574786
9976220631,45.8376199,126.5855473
9976220647,45.727223300000006,126.7203594
9976220650,45.7221868,126.71954670000001
9976220652,45.7236157,126.71976180000001
9976220653,45.7239954,126.7198264
9976220654,45.7242465,126.72007350000001
9976220655,45.7236387,126.71995690000001
9976220656,45.7292755,126.72209710000001
9976220657,45.729446700000004,126.720825
9976220662,45.735018600000004,126.7297183
9976220665,45.7154661,126.7257443
9976508891,45.704370600000004,126.7214579
9976508915,45.7455342,126.7725499
9976522346,45.786267800000005,126.712512
9976522350,45.791622200000006,126.7115785
9976522352,45.7917721,126.71157930000001
9976522354,45.8021193,126.71870290000001
9976522355,45.791696300000005,126.71468200000001
9976522356,45.7948102,126.7148755
9976522357,45.790288600000004,126.69783120000001
9976522363,45.7916395,126.7104848
9976522364,45.791772900000005,126.7104838
9976522365,45.791771700000005,126.71117640000001
9976522371,45.752316,126.6373071
9976522374,45.7685107,126.6560757
9976522375,45.7691924,126.65807500000001
9976522376,45.7693419,126.6616462
9976522377,45.7522597,126.6374083
9976522378,45.768450900000005,126.656181
9976522379,45.769116600000004,126.6581294
9976522380,45.769253400000004,126.66165190000001
9976522381,45.7587326,126.64491260000001
9976522382,45.753137800000005,126.6384263
9976522383,45.753970200000005,126.63939140000001
9976522384,45.754141000000004,126.63958190000001
9976522385,45.7548997,126.64046900000001
9976522386,45.7557417,126.6414452
9976522387,45.7566238,126.64246770000001
9976522388,45.7566823,126.6425356
9976522389,45.757664000000005,126.64367370000001
9976522390,45.7597169,126.64605390000001
9976522391,45.760864000000005,126.64738390000001
9976522392,45.7619358,126.6486268
9976522393,45.762970300000006,126.6498262
9976522394,45.7639415,126.65095230000001
9976522395,45.763998,126.6510178
9976522396,45.765081300000006,126.65227390000001
9976522397,45.766138700000006,126.65350000000001
9976522398,45.7670716,126.65458170000001
9976522399,45.767135200000006,126.65465540000001
9976522400,45.767219000000004,126.65475260000001
9976522401,45.767268900000005,126.6548104
9976522402,45.760918000000004,126.6472892
9976522403,45.761990600000004,126.6485305
9976522404,45.763026700000005,126.6497295
9976522405,45.763998400000006,126.65085400000001
9976522406,45.764054900000005,126.65091930000001
9976522407,45.765138500000006,126.6521733
9976522408,45.7661962,126.65339730000001
9976522409,45.767127900000006,126.65447560000001
9976522410,45.7671949,126.654553
9976522411,45.7672772,126.6546483
9976522412,45.76733,126.6547094
9977337337,45.801398400000004,126.673415
9977337338,45.7937323,126.6787144
9977337339,45.798984000000004,126.67508140000001
9977337340,45.798374100000004,126.6755023
9977337341,45.7982582,126.6755823
9977337342,45.7964561,126.676826
9977337343,45.793796500000006,126.67866160000001
9977337344,45.793750700000004,126.67878110000001
9977337354,45.793698400000004,126.6603963
9977337357,45.791717500000004,126.6619519
9977337358,45.7935894,126.66046480000001
9977337359,45.7966143,126.67140680000001
9977337369,45.794819700000005,126.67105880000001
9977337370,45.796745400000006,126.67134890000001
9977337380,45.794783200000005,126.67093910000001
9977337381,45.7951379,126.6720772
9977337382,45.7950943,126.6720791
9977337384,45.797989900000005,126.68080520000001
9977337389,45.7965229,126.67677990000001
9977337390,45.796548900000005,126.6768643
9977337391,45.793402900000004,126.66519360000001
9977337393,45.790903300000004,126.66599300000001
9977337398,45.7884654,126.66569020000001
9977337399,45.791813600000005,126.67164520000001
9977337401,45.7920257,126.6692634
9977337402,45.7919136,126.66927360000001
9977337404,45.7916138,126.6618377
9977337405,45.7904891,126.66387080000001
9977337408,45.785831800000004,126.66354360000001
9977341020,45.7918755,126.65717230000001
9977341022,45.791324100000004,126.6552685
9978855117,45.718761300000004,126.66926660000001
9978855118,45.6912436,126.67107680000001
9978855119,45.6911983,126.67114160000001
9978855121,45.6796974,126.65269110000001
9978855122,45.6796309,126.6527236
9978855123,45.6798876,126.6534299
9978855131,45.6798124,126.65346070000001
9978855136,45.700333500000006,126.65658920000001
9978855137,45.700344300000005,126.65645180000001
9978855143,45.6935854,126.65493970000001
9978855148,45.68395,126.65912060000001
9978855149,45.6839876,126.6591705
9978855152,45.6892389,126.65627490000001
9978855154,45.693598800000004,126.65505300000001
9978855155,45.6962403,126.6555199
9978855156,45.6985344,126.6559917
9978855157,45.688999100000004,126.65624000000001
9978855158,45.6840455,126.6590683
9978855160,45.684084000000006,126.659118
9978855165,45.6893003,126.66434890000001
9978855166,45.689505000000004,126.6643592
9978855171,45.689191,126.6561324
9978855172,45.6867825,126.6504196
9978855173,45.686900200000004,126.6507043
9978855174,45.6890718,126.65647980000001
9978855175,45.687537500000005,126.65211090000001
9978855185,45.6930454,126.65057580000001
9978855186,45.6930616,126.65084460000001
9978855187,45.693529000000005,126.65495550000001
9978855193,45.6912533,126.67071200000001
9978855194,45.693538600000004,126.65506520000001
9978855196,45.6990703,126.6691315
9978855200,45.692093,126.66549800000001
9978855201,45.6921533,126.6655144
9978855202,45.698880300000006,126.66897660000001
9978855203,45.6921217,126.6657529
9978855209,45.710666800000006,126.6512893
9978855212,45.714252200000004,126.6539654
9978855224,45.709974700000004,126.6508869
9978855225,45.7123257,126.6525804
9978855226,45.7139121,126.6537205
9978855227,45.7001926,126.65179420000001
9979127553,45.722320200000006,126.6542524
9979127568,45.7098549,126.6452689
9979127569,45.7098444,126.6453244
9979127583,45.7222828,126.65436480000001
9979127584,45.7099102,126.64530250000001
9979127585,45.710320100000004,126.64556660000001
9979127586,45.7103053,126.64564890000001
9979127587,45.709902400000004,126.6453637
9979127589,45.7118096,126.6467142
9979127590,45.713860700000005,126.6481667
9979127591,45.7154195,126.64927060000001
9979127592,45.7157879,126.64953150000001
9979127594,45.7115049,126.6463702
9979127595,45.712129000000004,126.64681490000001
9979127596,45.713894800000006,126.64806840000001
9979127597,45.715460900000004,126.64914730000001
9979127598,45.715829400000004,126.64941180000001
9979127599,45.716154200000005,126.6496613
9979127600,45.719779300000006,126.6522446
9979128181,45.7078289,126.6572208
9979301493,45.7131854,126.64982420000001
9979301494,45.716345700000005,126.64056310000001
9979301495,45.7122248,126.65263900000001
9979301496,45.7162938,126.6407152
9979301497,45.714808000000005,126.64506920000001
9979301498,45.7145743,126.64575400000001
9979301499,45.7142107,126.64681940000001
9979301500,45.7138055,126.648007
9979301501,45.7137723,126.64810410000001
9979301502,45.7122608,126.65253360000001
9979308758,45.7099096,126.6508405
9979308759,45.7107942,126.64819360000001
9979308760,45.7104401,126.64925310000001
9979308761,45.709863500000004,126.65097850000001
9979987907,45.7163831,126.66295880000001
9979987909,45.7188807,126.65582330000001
9979987910,45.713976200000005,126.6603589
9979987912,45.716275200000005,126.6536717
9979987913,45.71557,126.65575410000001
9979987914,45.718245700000004,126.65766740000001
9979987916,45.7202934,126.6592274
9980015517,45.7189684,126.66426340000001
9980015521,45.7192409,126.66346840000001
9980015522,45.720504000000005,126.6644361
9980015523,45.7198134,126.65881340000001
9980015527,45.718829,126.6615388
9980015528,45.717923600000006,126.66353720000001
9980015529,45.7186479,126.6614823
9980015530,45.7172654,126.6604992
9980015531,45.716802300000005,126.65662200000001
9980015532,45.7174173,126.65480110000001
9980015533,45.716666000000004,126.6621619
9980015534,45.7203345,126.66152070000001
9980015535,45.7191763,126.660706
9980015536,45.7199911,126.66127920000001
9980015537,45.719594,126.658653
9980015539,45.720172600000005,126.65691740000001
9980015540,45.7188321,126.65596380000001
9980015541,45.715986,126.6510916
9980015544,45.7153326,126.65298430000001
9980015545,45.7161841,126.6539398
9980015546,45.718293200000005,126.65540170000001
9980015547,45.719231900000004,126.6526233
9980015548,45.7145803,126.658623
9980015549,45.718060400000006,126.66312950000001
9980015550,45.714809100000004,126.6579581
9980015551,45.713865600000005,126.6572641
9980015552,45.714359,126.65490510000001
9980015553,45.713191800000004,126.6583466
9980015554,45.715535200000005,126.6514228
9980015555,45.715798400000004,126.6516263
9980015556,45.713052600000005,126.66924370000001
9980015557,45.711710800000006,126.6745257
9980015558,45.715384400000005,126.6726775
9980015560,45.7099753,126.66994700000001
9980015561,45.7168958,126.671215
9980015562,45.716002800000005,126.670805
9980015563,45.7105496,126.66795510000001
9980015564,45.7132621,126.6716298
9980015565,45.7124685,126.67475820000001
9980015566,45.7153955,126.67336900000001
9980015567,45.708917,126.67453010000001
9980015574,45.7103923,126.6661457
9980015579,45.710735,126.6669992
9980015580,45.7118337,126.6675282
9980015581,45.7115925,126.66849200000001
9980015582,45.709166800000006,126.67317440000001
9980015583,45.7146082,126.6722943
9980015584,45.7140646,126.67443200000001
9980015585,45.714387200000004,126.67316330000001
9980015586,45.713048300000004,126.6724726
9982785533,45.7687733,126.63783040000001
9982785594,45.7670803,126.63686940000001
9982785595,45.7660306,126.633232
9982785596,45.7659261,126.63281710000001
9982785597,45.7655052,126.6286091
9982785598,45.7656955,126.62942310000001
9982785609,45.7675567,126.63852050000001
9982785610,45.7675069,126.63834910000001
9982785611,45.7661201,126.633542
9982785612,45.766204800000004,126.63349740000001
9982785613,45.7661431,126.63362160000001
9982785614,45.771823100000006,126.63071730000001
9982785615,45.777284900000005,126.6320295
9982785619,45.7777808,126.62944920000001
9982785620,45.778287600000006,126.6291628
9982785621,45.771739000000004,126.6307548
9982785623,45.7645886,126.6325276
9982785625,45.7638272,126.63245380000001
9982785626,45.7632567,126.63256240000001
9982785628,45.764769300000005,126.64055950000001
9982785632,45.7692697,126.65280860000001
9982785635,45.7700557,126.6542019
9982785636,45.769807300000004,126.6537765
9982914667,45.798782300000006,126.5074362
9982916184,45.687010400000005,126.6778807
9982916185,45.71139,126.64641440000001
9985953042,45.7298169,126.5882203
9985953043,45.7298746,126.5883618
9985953044,45.7314075,126.58390340000001
9985953047,45.732334800000004,126.5853175
9985953048,45.7321587,126.58504710000001
9985953049,45.7322554,126.58540900000001
9985953056,45.7319022,126.5853369
9985953057,45.732111,126.5856626
9985953058,45.731700100000005,126.5848699
9985953059,45.731921500000006,126.58464540000001
9985953061,45.726443700000004,126.57817290000001
9987353681,45.7762314,126.63491760000001
9987353699,45.777826700000006,126.63742490000001
9987353700,45.7783135,126.63883720000001
9987353701,45.7786556,126.6399183
9987353702,45.7790509,126.64203260000001
9987353703,45.779295700000006,126.64331250000001
9987353704,45.779461600000005,126.64415140000001
9987353706,45.777693500000005,126.63714870000001
9987353707,45.780964000000004,126.6425899
9987353711,45.7825952,126.6482543
9987353712,45.7801569,126.6403166
9987353713,45.7804878,126.6412614
9987353714,45.7815443,126.64438170000001
9987353715,45.7797904,126.63927690000001
9987353717,45.785725500000005,126.6581639
9987353718,45.7858737,126.6585603
9987353719,45.786776800000005,126.6615103
9987353720,45.782650600000004,126.6484326
9987353721,45.7832692,126.6503564
9987353722,45.7836751,126.6516325
9987353723,45.7841801,126.6532909
9987353724,45.7847152,126.6549954
9987353727,45.7802761,126.64818840000001
9987353729,45.7830887,126.6568831
9987353734,45.780711600000004,126.6494461
9987353735,45.7807672,126.6496257
9987353736,45.7817674,126.652859
9987353737,45.7822808,126.65451850000001
9987353738,45.7806143,126.64950820000001
9987353739,45.780668600000006,126.64968820000001
9987353740,45.7816605,126.65292690000001
9987353741,45.7821706,126.65458720000001
9987353742,45.7827211,126.65663570000001
9987744722,45.776443900000004,126.63343590000001
9987744727,45.776550300000004,126.63378600000001
9988467581,45.773270000000004,126.64805430000001
9988467585,45.773039000000004,126.64788390000001
9991832625,45.682231800000004,126.6128477
9991832626,45.6823994,126.6153548
9991832627,45.6841371,126.63147430000001
9991832628,45.682801600000005,126.61913120000001
9991832629,45.6831663,126.62242780000001
9991832630,45.6831985,126.62274570000001
9991832631,45.6840994,126.6311491
9991832632,45.684994,126.6398575
9991832633,45.684490600000004,126.6348217
9991832634,45.681744800000004,126.6410577
9991832635,45.681702900000005,126.64056260000001
9991832636,45.681715700000005,126.6407262
9991832637,45.6817271,126.6408803
9991832638,45.681652400000004,126.64107740000001
9991832639,45.6797631,126.6237088
9991832640,45.679803400000004,126.62405310000001
9991832646,45.6816054,126.6405823
9991832647,45.681621500000006,126.64074690000001
9991832648,45.681634200000005,126.64089750000001
9991832649,45.6963713,126.619532
9991832650,45.6804476,126.6319998
9991832656,45.677125200000006,126.63308300000001
9991832660,45.6748271,126.6359733
9991832679,45.6750422,126.636474
9991832681,45.6798817,126.63215530000001
9991832682,45.679906,126.63236610000001
9991832688,45.6841985,126.6311304
9991832689,45.680997500000004,126.63187490000001
9991832691,45.6773311,126.6329269
9991849480,45.66505,126.6311515
9991869091,45.6807129,126.63231780000001
9991875523,45.6834147,126.5967449
9991875524,45.676878200000004,126.5980035
9991875525,45.687113200000006,126.5957989
9991875526,45.677058300000006,126.59796440000001
9991875527,45.677024,126.59817640000001
9991875529,45.701000400000005,126.59290730000001
9991875532,45.714575800000006,126.5919525
9991875539,45.7082494,126.59224560000001
9991875540,45.7084047,126.5922414
9991875542,45.6871286,126.5959469
9991875543,45.711443300000006,126.59191530000001
9991875544,45.7082399,126.5921579
9991875545,45.708395800000005,126.5921562
9991875547,45.7009844,126.5927819
9992056970,45.6927004,126.58095010000001
9992056985,45.7047182,126.57854400000001
9992056986,45.7048537,126.57867030000001
9992056987,45.704906900000005,126.5928085
9992056999,45.7039753,126.58068800000001
9992057001,45.7043787,126.588104
9992057002,45.7044142,126.5884005
9992057003,45.7048987,126.592735
9992057004,45.70456,126.57884120000001
9992057005,45.7043242,126.579345
9992107718,45.704280100000005,126.58813110000001
9992107719,45.7048263,126.59282280000001
9992107721,45.703874400000004,126.58059580000001
9992107722,45.703716400000005,126.58332150000001
9992107723,45.703737800000006,126.58348670000001
9992107724,45.7043163,126.5884218
9992107725,45.7048178,126.59274930000001
9992107726,45.7044517,126.57939760000001
9992107731,45.7050745,126.5793254
9992107732,45.704144500000005,126.57847000000001
9992107738,45.6863193,126.58946780000001
9992107739,45.6797805,126.5796724
9992107740,45.679929400000006,126.57990240000001
9992107741,45.6822413,126.58322390000001
9992107742,45.684104700000006,126.58595480000001
9992107743,45.684278600000006,126.58622810000001
9992107744,45.6861904,126.58913670000001
9992107745,45.6865858,126.5919851
9992107746,45.6866271,126.59234760000001
9992107747,45.686993300000005,126.59582970000001
9992107748,45.687012300000006,126.59597660000001
9992107754,45.6941524,126.5903409
9992107760,45.693513200000005,126.58989550000001
9992107761,45.6932835,126.5899705
9992107767,45.692863700000004,126.59061750000001
9992107768,45.6928731,126.5909251
9992107775,45.693431600000004,126.59141000000001
9992107776,45.6936988,126.59144540000001
9992107781,45.694019100000006,126.5906427
9992107786,45.6939366,126.59612440000001
9992107790,45.690893300000006,126.5980724
9992107791,45.692518,126.5947711
9992107792,45.692703800000004,126.59681210000001
9992107796,45.6993342,126.57780310000001
9992107802,45.6944298,126.57160580000001
9992107803,45.69214,126.56819440000001
9992107804,45.689043100000006,126.5657331
9992107807,45.694354100000005,126.5717101
9992107809,45.6889575,126.56587320000001
9992107812,45.689581200000006,126.5717309
9992107813,45.6896295,126.57178990000001
9992107815,45.694448400000006,126.5649985
9992107816,45.694280000000006,126.5653077
9992107817,45.6921283,126.5683274
9992107818,45.6921935,126.56823940000001
9992107819,45.689688200000006,126.57171910000001
9992107826,45.687026100000004,126.5678548
9992107827,45.6871589,126.56806680000001
9992107828,45.691877000000005,126.57522580000001
9992107836,45.697538900000005,126.59345080000001
9992107841,45.692021100000005,126.57543150000001
9992107842,45.694253700000004,126.57890250000001
9992107843,45.694425200000005,126.5791691
9992107844,45.695399,126.58059800000001
9992107845,45.696674300000005,126.58488430000001
9992107846,45.6972226,126.58991130000001
9992107847,45.697197,126.58969010000001
9992107848,45.6966939,126.5850443
9992107849,45.696798,126.58485300000001
9992107850,45.696819000000005,126.58501140000001
9992114595,45.6929755,126.5810878
9992114605,45.6841644,126.5858651
9992114607,45.6807661,126.59118790000001
9992114609,45.6971051,126.56797150000001
9992114613,45.7097563,126.5841448
9992114614,45.7098583,126.5843016
9992146417,45.709942600000005,126.58441900000001
9992146422,45.709647800000006,126.58402640000001
9992146423,45.7085858,126.5939812
9992146425,45.7084385,126.5939943
9992146430,45.7085177,126.58735010000001
9992146435,45.7082914,126.5869155
9999999154,45.7495592,126.76236970000001
9999999155,45.7493648,126.76259750000001
10002385021,45.7016957,126.6633422
10002385022,45.702157500000006,126.66365780000001
10002385025,45.7068905,126.6651748
10002385026,45.7016311,126.66397180000001
10002385028,45.7031841,126.6664159
10002385029,45.681992900000004,126.65637330000001
10002385031,45.673526800000005,126.5787219
10002385040,45.6742044,126.5704134
10002385042,45.659893000000004,126.5592637
10002385043,45.659840200000005,126.5593791
10002389964,45.650072800000004,126.5309285
10002389972,45.6495067,126.54430400000001
10006838488,45.7409766,126.62914780000001
10007163019,45.6972554,126.5781233
10007163020,45.6979964,126.58457080000001
10007163021,45.6939446,126.5825284
10007624002,45.737526800000005,126.6235254
10007639299,45.746581500000005,126.639988
10011965370,45.741927600000004,126.62882010000001
10011965372,45.737982800000005,126.62777580000001
10011965373,45.7380836,126.62759000000001
10011965374,45.739589200000005,126.6239335
10011965375,45.7402783,126.62403750000001
10011965376,45.739833000000004,126.624853
10011965377,45.740031300000005,126.62383960000001
10011965378,45.7396806,126.6244544
10011965379,45.7399214,126.62370560000001
10011965380,45.7395708,126.6243192
10011965381,45.7399001,126.62472260000001
10011965382,45.7397865,126.62458310000001
10011965383,45.739489600000006,126.6241219
10011965384,45.7399305,126.62433650000001
10011965385,45.740041100000006,126.62446700000001
10011965386,45.739822800000006,126.62420920000001
10011965387,45.7397104,126.62407660000001
10011965388,45.7402442,126.6240992
10012204328,45.7313361,126.63696060000001
10012204329,45.7314347,126.63703720000001
10012274323,45.7263223,126.68017320000001
10012274324,45.726867000000006,126.68162500000001
10012282848,45.6810642,126.63561550000001
10012282850,45.6810325,126.6321456
10012282855,45.6805011,126.6319885
10012282857,45.6809409,126.63374870000001
10012282858,45.680867500000005,126.6337656
10012282859,45.680542300000006,126.63071860000001
10012282860,45.680624300000005,126.63069480000001
10012287524,45.726899700000004,126.6330544
10012287525,45.726371900000004,126.6329582
10012857582,45.652376100000005,126.63648490000001
10012857583,45.652398000000005,126.63675850000001
10012857584,45.6513794,126.63692200000001
10012857585,45.6513549,126.63665750000001
10021418605,45.711810500000006,126.5802876
10021784558,45.681921300000006,126.6173351
10026051751,45.6907912,126.6296915
10026051753,45.6913667,126.62106010000001
10026051756,45.6909234,126.62115730000001
10026051757,45.6945344,126.62735730000001
10026051758,45.6946905,126.6288456
10026051759,45.694313400000006,126.62739380000001
10026051760,45.6944649,126.6288985
10026051761,45.6952243,126.6271928
10026051768,45.693566600000004,126.62716850000001
10026051769,45.6921635,126.62364350000001
10026051770,45.6911823,126.6238629
10026051771,45.6905094,126.62401100000001
10026051773,45.6916644,126.6225871
10026051775,45.6910558,126.6225409
10026051776,45.6903882,126.6226687
10026051777,45.6906641,126.62544120000001
10026051778,45.6915149,126.6237885
10026051779,45.691625200000004,126.62498060000001
10026051781,45.691802100000004,126.62605010000001
10026051782,45.691322400000004,126.6250839
10026051784,45.691789400000005,126.6237272
10026051785,45.6918912,126.62370440000001
10026051786,45.692005200000004,126.6249126
10026051787,45.6913934,126.62381570000001
10026051788,45.6912585,126.622506
10026051789,45.691329200000006,126.62249390000001
10026051790,45.691208100000004,126.62150510000001
10026051791,45.6909378,126.62537320000001
10026051792,45.6907944,126.6239482
10026051793,45.690840800000004,126.62393800000001
10026051794,45.6906941,126.62261020000001
10026051795,45.690634100000004,126.62262170000001
10026051796,45.690530800000005,126.62161230000001
10026051798,45.6902206,126.62166330000001
10026051799,45.6907713,126.6254145
10026051803,45.690875500000004,126.62680830000001
10026051804,45.6909745,126.62795410000001
10026051808,45.691507400000006,126.62902760000001
10026051809,45.691580800000004,126.62663060000001
10026051810,45.691265200000004,126.62788970000001
10026051811,45.691151100000006,126.6267389
10026051814,45.691148500000004,126.62532080000001
10026051816,45.6914135,126.62906000000001
10026057320,45.6932757,126.62168340000001
10026057321,45.6921395,126.62196970000001
10026057322,45.6931674,126.62069600000001
10026057324,45.6923966,126.62413860000001
10031968574,45.7579087,126.7242319
10031968575,45.758654,126.7240314
10031968578,45.7592982,126.72536910000001
10031968581,45.758111400000004,126.7256607
10031968582,45.7574668,126.7208791
10031968584,45.7584293,126.72231140000001
10031968585,45.7570581,126.72444060000001
10031973017,45.7378087,126.55372310000001
10031973027,45.7628695,126.61362430000001
10043823604,45.6696566,126.74213100000001
10043823605,45.672068,126.74775530000001
10043823606,45.6686484,126.74575910000001
10043823607,45.668954500000005,126.74467910000001
10043823608,45.669978,126.74526050000001
10043823609,45.6733326,126.74716040000001
10043823610,45.669901900000006,126.74927690000001
10043823611,45.670619300000006,126.74690070000001
10043823612,45.671637000000004,126.7433591
10043823613,45.6709352,126.74580130000001
10043823614,45.6640061,126.74500970000001
10043823615,45.6681277,126.74754720000001
10043823616,45.667969400000004,126.74811000000001
10043830417,45.673653300000005,126.7459606
10043830418,45.6712776,126.7446089
10043830419,45.6710932,126.75163540000001
10043830420,45.6714963,126.7502398
10043979820,45.685938500000006,126.63962350000001
10043979823,45.6852044,126.63980450000001
10044635037,45.7401161,126.57002080000001
10044635038,45.7401561,126.5702653
10044651711,45.740177200000005,126.57042890000001
10044651712,45.7400509,126.57048610000001
10044651713,45.7399891,126.57005720000001
10044680667,45.7070888,126.55015080000001
10044680678,45.7061993,126.5489737
10048619870,45.654297,126.6473105
10048619871,45.6523564,126.6478519
10048642496,45.7114436,126.7465851
10048642497,45.7218439,126.7447278
10048642498,45.723696200000006,126.7448183
10048642500,45.721351600000006,126.74062920000001
10048642502,45.7208052,126.7396556
10048642503,45.7212139,126.7390517
10048642507,45.7192306,126.7413255
10048642508,45.720716,126.73975910000001
10048642510,45.719703900000006,126.7382321
10048642511,45.722863200000006,126.7385735
10048648118,45.6621809,126.62735060000001
10048648119,45.664341,126.6268718
10048648120,45.6621423,126.62703990000001
10048648121,45.6643052,126.62657150000001
10048648122,45.6616555,126.62260810000001
10048648123,45.6588178,126.6326822
10048648124,45.662042500000005,126.6314073
10048668318,45.7217416,126.75743130000001
10048668319,45.719169,126.7563805
10048872849,45.7329086,126.51198070000001
10048872851,45.7395343,126.51247550000001
10048872852,45.7400299,126.5160527
10048872865,45.7352241,126.51106850000001
10048872867,45.7355546,126.51355310000001
10048872868,45.7355443,126.5134721
10048872871,45.7351888,126.51108190000001
10048872872,45.735200500000005,126.51118690000001
10048872874,45.7355182,126.5135659
10067423295,45.683338500000005,126.5403617
10067423296,45.688295200000006,126.53286390000001
10068555325,45.658301400000006,126.46405720000001
10068555326,45.6583607,126.46395790000001
10068555343,45.685115,126.5160352
10068555358,45.685035500000005,126.51614900000001
10068555363,45.6868623,126.57751630000001
10068555365,45.6825744,126.57854660000001
10068555367,45.682660500000004,126.5836974
10068555368,45.681807600000006,126.57700650000001
10068555369,45.689291100000005,126.57130420000001
10068555372,45.6881342,126.57425590000001
10068555373,45.6858316,126.57080730000001
10069392376,45.6388806,126.522846
10069475745,45.715600900000005,126.72485640000001
10069475746,45.726063700000005,126.72770480000001
10069475747,45.726128,126.72726360000001
10069475748,45.726353200000005,126.72781630000001
10069475750,45.729815,126.7288352
10069475752,45.7349216,126.7302949
10069475754,45.7351225,126.73081320000001
10069475757,45.7131799,126.72425550000001
10069475758,45.7154948,126.72482880000001
10069475760,45.722747500000004,126.72680670000001
10069475765,45.7373865,126.7310068
10069475766,45.726424400000006,126.7273243
10069475771,45.721476200000005,126.7259362
10069475772,45.719807,126.72542510000001
10069475775,45.715695100000005,126.7241443
10069475781,45.7381353,126.73065770000001
10069475791,45.738548200000004,126.7317893
10069475792,45.7416982,126.73020360000001
10069475793,45.742209100000004,126.7300747
10069475795,45.7454501,126.72914700000001
10069475797,45.7531109,126.72778830000001
10069475798,45.7533169,126.72773690000001
10069475803,45.7581433,126.72598110000001
10069475804,45.759336000000005,126.72569560000001
10069475805,45.766033900000004,126.72406190000001
10069475806,45.7656239,126.72485030000001
10069475812,45.7532585,126.72723090000001
10069475813,45.7530422,126.7272915
10069503828,45.751414800000006,126.7282416
10069503831,45.758492600000004,126.7264858
10069503833,45.778529400000004,126.7210938
10074938837,45.831537000000004,126.6683799
10074938838,45.8316226,126.6684845
10074938870,45.7826668,126.72013330000001
10077774476,45.725440600000006,126.5157863
10077774748,45.702001700000004,126.50263650000001
10077774749,45.7020574,126.5028419
10096876697,45.7124086,126.73497270000001
10096876700,45.7132463,126.7233879
10096924575,45.719619200000004,126.74351670000001
10148659298,45.671403500000004,126.63571540000001
10153349069,45.6756425,126.5878555
10153349078,45.682225200000005,126.56780680000001
10153349106,45.6720294,126.58837650000001
10159596349,45.778267,126.7013089
10159596351,45.7753225,126.7021184
10173682672,45.666202000000006,126.7368139
10173682677,45.663190300000004,126.74750650000001
10173682681,45.6608779,126.75574850000001
10173682682,45.660642100000004,126.7565957
10173796744,45.7516831,126.66708260000001
10174582969,45.76859,126.5641319
10174583013,45.769351300000004,126.56224490000001
10174583014,45.769440200000005,126.56224490000001
10174583023,45.7693328,126.56484250000001
10175833195,45.7781942,126.55980220000001
10175833196,45.7774608,126.5608019
10175833197,45.777949,126.56052000000001
10175833207,45.777722700000005,126.56002660000001
10175860521,45.777535,126.5607051
10175860524,45.7776775,126.56078090000001
10175860549,45.7812804,126.55790660000001
10175860567,45.7771957,126.5486388
10180385043,45.8300758,126.6718165
10185783283,45.7142794,126.5220642
10186899347,45.696339200000004,126.55381580000001
10188945704,45.7044282,126.51358990000001
10188953328,45.699531500000006,126.5230319
10188953331,45.697260400000005,126.5241364
10188953332,45.695623700000006,126.52547620000001
10188983289,45.6870823,126.52027120000001
10188983290,45.6872033,126.52014140000001
10189213265,45.696713700000004,126.5188399
10189213266,45.6997787,126.51690610000001
10189213267,45.6999835,126.51677140000001
10189213268,45.7030984,126.5148005
10196865474,45.6676639,126.63057660000001
10196865475,45.6666241,126.62777960000001
10196865477,45.666046900000005,126.63093230000001
10196865478,45.6668059,126.63752040000001
10197965112,45.804237300000004,126.50409210000001
10197977920,45.8039318,126.5042794
10197977923,45.804326800000005,126.50330710000001
10197977924,45.8050786,126.50283460000001
10197977925,45.8044643,126.50104560000001
10201821871,45.8386336,126.52967210000001
10201821876,45.834697500000004,126.53305970000001
10201821877,45.833608600000005,126.53435850000001
10201821880,45.822516500000006,126.5425041
10201821882,45.8226236,126.54317640000001
10201821883,45.8235874,126.54225070000001
10201821884,45.8234591,126.54211880000001
10202423412,45.7667512,126.70053460000001
10202423418,45.7656107,126.70095520000001
10202423438,45.7676509,126.70361910000001
10202423453,45.7669778,126.6967424
10202423477,45.7663905,126.69366400000001
10202423488,45.766589,126.699893
10202423493,45.7711723,126.69889400000001
10202423497,45.768556100000005,126.6996718
10202423498,45.7686118,126.69978950000001
10202423504,45.771214900000004,126.6992852
10208151012,45.650049,126.61958960000001
10208151013,45.6500829,126.619859
10208151014,45.6507817,126.6266762
10208151016,45.651858600000004,126.63657260000001
10208169117,45.6518898,126.6368475
10233012792,45.6926718,126.56343410000001
10233012793,45.693167300000006,126.56349600000001
10251352202,45.6895522,126.6727651
10251421313,45.6866816,126.67401140000001
10251421321,45.6808023,126.6619742
10251421332,45.6855927,126.6675421
10251421348,45.6898533,126.6721076
10251421360,45.6870946,126.67380270000001
10251421361,45.6867037,126.67420620000001
10251421374,45.6900168,126.67251080000001
10251421382,45.681245700000005,126.67532010000001
10251421385,45.6866931,126.6741128
10251421386,45.686449200000006,126.67396400000001
10251421389,45.6864263,126.67407580000001
10251421395,45.6912869,126.6711563
10251421402,45.6921102,126.66582910000001
10257626753,45.8079423,126.7065874
10262345835,45.8310711,126.5520259
10262345836,45.8290747,126.5535533
10262345837,45.8246271,126.5569437
10262345839,45.827119100000004,126.55461890000001
10262345840,45.8272478,126.5549582
10262345841,45.828971900000006,126.55851860000001
10262345842,45.831775900000004,126.56517430000001
10262345849,45.824763100000006,126.55685390000001
10271226901,45.8000199,126.71813960000001
10271227959,45.8055013,126.71297600000001
10271227978,45.8052117,126.7125908
10271362685,45.725539700000006,126.7098057
10271709296,45.842065700000006,126.6464377
10271788893,45.817164600000005,126.63941080000001
10271788894,45.8172128,126.63959930000001
10280842821,45.742836200000006,126.62876130000001
10298178523,45.762879600000005,126.63041190000001
10298605541,45.7656027,126.67532860000001
10298605542,45.766078300000004,126.6793028
10298605543,45.765962200000004,126.67933000000001
10298605544,45.7660094,126.67977130000001
10298605547,45.764658600000004,126.6801734
10298605549,45.765530500000004,126.6799239
10298605550,45.765617400000004,126.6806487
10298605552,45.7664879,126.68088900000001
10298605557,45.7662837,126.6763537
10298605558,45.7657383,126.6764615
10298605559,45.765132200000004,126.676596
10298605560,45.765198700000006,126.67715220000001
10298605561,45.765803600000005,126.67700710000001
10298605562,45.765267400000006,126.6777253
10298605563,45.7658707,126.6775683
10298605564,45.766477200000004,126.67741360000001
10298605568,45.7664483,126.68044370000001
10298605569,45.766701100000006,126.68038130000001
10298605570,45.766619000000006,126.67963200000001
10298605571,45.766834200000005,126.6795745
10298605572,45.7667705,126.67914160000001
10298605573,45.765936,126.6781134
10298605574,45.766577500000004,126.67797
10298605575,45.765331100000004,126.6782574
10298605576,45.7654007,126.67883950000001
10298605577,45.766006000000004,126.67869800000001
10298605578,45.766679,126.67853280000001
10298605579,45.7654726,126.6794402
10298605580,45.765669900000006,126.6758903
10298605581,45.7650658,126.6760414
10314256969,45.7220686,126.5065603
10340980140,45.692665000000005,126.562903
10340980141,45.693012,126.5633126
10543771386,45.711665,126.5463387
10543771387,45.7116586,126.54863470000001
10543771399,45.7128801,126.5515431
10543771400,45.714615300000006,126.55533740000001
10544104146,45.6788431,126.5552961
10544104153,45.6810697,126.5638114
10544104154,45.6812284,126.5637918
10544243182,45.692159200000006,126.5865978
10544243189,45.691543700000004,126.59090200000001
10544243190,45.692186,126.5907636
10544243191,45.6919819,126.59019740000001
10544243192,45.692058700000004,126.59041040000001
10544243202,45.6914395,126.58764020000001
10544243203,45.691365100000006,126.5874974
10544243214,45.6925113,126.5876094
10544243215,45.692613400000006,126.58751910000001
10544243223,45.692763500000005,126.58854160000001
10544243226,45.6929621,126.58849780000001
10544243243,45.7103939,126.56932110000001
10544243244,45.7109308,126.56996330000001
10544243245,45.710237,126.5693447
10544243246,45.710784700000005,126.56998770000001
10548076543,45.786290300000005,126.5689681
10554956233,45.6938802,126.5588958
10554956234,45.6964197,126.56124170000001
10554956235,45.6993663,126.56393340000001
10554956236,45.6996302,126.5641657
10554956237,45.699963800000006,126.5644728
10554956238,45.700251,126.564734
10554956241,45.703787500000004,126.5680832
10554956242,45.7038652,126.5681552
10555746381,45.6926719,126.5975186
10555746382,45.692919800000006,126.5980566
10558523753,45.7628423,126.63045360000001
10558670782,45.838326900000006,126.6420963
10567830040,45.6942529,126.53294620000001
10582582645,45.703352,126.5278016
10582582654,45.7066512,126.5386873
10582582656,45.7066163,126.5385349
10582582667,45.707654700000006,126.5418872
10582582668,45.7076865,126.54198400000001
10582582703,45.7114844,126.5340082
10582582830,45.715637300000004,126.5341525
10582582836,45.713922700000005,126.53346630000001
10582582850,45.7111146,126.5336199
10582582851,45.7116607,126.53375700000001
10582582852,45.7110378,126.53360620000001
10582582868,45.7065688,126.53838150000001
10582582869,45.7065026,126.53849170000001
10582582870,45.7069185,126.53800100000001
10582582878,45.706436100000005,126.53784110000001
10582582880,45.706364900000004,126.53794710000001
10582582886,45.7061475,126.53911020000001
10582582887,45.7066876,126.53883540000001
10582582895,45.7105534,126.5348855
10582582902,45.711065100000006,126.53513210000001
10582582903,45.710914700000004,126.534311
10582582904,45.710572600000006,126.5343521
10582582905,45.710783400000004,126.53456700000001
10582582908,45.7111456,126.5351985
10582582923,45.713925800000005,126.533917
10582582927,45.7156025,126.53428240000001
10582582930,45.714616400000004,126.5337597
10582582931,45.714475500000006,126.53356210000001
10582582932,45.714032100000004,126.53393360000001
10582582933,45.7142715,126.5338195
10582582949,45.706174700000005,126.539392
10582582955,45.706746200000005,126.53930760000001
10582582956,45.7068431,126.53935800000001
10582582961,45.7069738,126.5385251
10582583013,45.704531100000004,126.54613780000001
10582583020,45.704133600000006,126.5457193
10582659321,45.708125800000005,126.53374520000001
10582659335,45.706110100000004,126.53566810000001
10582659342,45.705891900000005,126.5358267
10582659343,45.708399400000005,126.53366380000001
10582659344,45.7083729,126.53360540000001
10582659355,45.7082746,126.5339481
10582659356,45.7083193,126.53393480000001
10582659358,45.708389000000004,126.5338528
10582659370,45.709534000000005,126.53111150000001
10582659371,45.7096643,126.5312202
10582659394,45.7089918,126.5358221
10582659395,45.7090796,126.5357307
10582659396,45.7086868,126.53466270000001
10582659397,45.7086048,126.5347361
10582659400,45.706237900000005,126.53707800000001
10589762739,45.748091300000006,126.7495344
10589762741,45.748901800000006,126.75846510000001
10592101928,45.794864800000006,126.499577
10592101930,45.793753900000006,126.4994738
10592101931,45.793084400000005,126.50081610000001
10592101932,45.7935444,126.50230210000001
10592101933,45.7946815,126.5025006
10592101934,45.793112900000004,126.50089580000001
10592101935,45.7926013,126.5011245
10592101938,45.793515400000004,126.50220730000001
10592101939,45.7930178,126.50248330000001
10592101940,45.7947678,126.5025272
10592101941,45.7954105,126.5049082
10592101942,45.7949726,126.5034373
10592101943,45.7954084,126.5011594
10592101947,45.797366000000004,126.50184200000001
10592101948,45.7965962,126.50232270000001
10592101949,45.7950086,126.5033035
10592101950,45.7949453,126.50334930000001
10592101951,45.793558000000004,126.50420500000001
10592361202,45.6714168,126.55872880000001
10592361203,45.669498100000006,126.55703620000001
10592377037,45.6702098,126.56791600000001
10592377038,45.6699925,126.56735160000001
10592377126,45.6701306,126.5555566
10592377130,45.673807100000005,126.5547059
10592388182,45.720809,126.5238515
10592388185,45.7212284,126.52572900000001
10596341790,45.7980442,126.53567720000001
10596341791,45.797827500000004,126.5344625
10596341810,45.795996,126.52622930000001
10596341811,45.7982024,126.5346387
10596341822,45.797866500000005,126.53514270000001
10599322142,45.6811902,126.5536129
10599521296,45.749138200000004,126.6614679
10599521304,45.749548700000005,126.6611323
10599559208,45.7495063,126.66154650000001
10599559209,45.749788900000006,126.66194600000001
10599559215,45.7499655,126.6616058
10599559220,45.749234400000006,126.66133500000001
10599559221,45.7491538,126.6614557
10602305138,45.7032177,126.4986635
10602305139,45.698942200000005,126.50136
10608569012,45.6930354,126.7750366
10612067036,45.7420899,126.51841940000001
10612067044,45.7421814,126.51903290000001
10612339043,45.712946900000006,126.58008480000001
10612339044,45.712841600000004,126.57996700000001
10612339046,45.7131812,126.57981240000001
10612339047,45.713066500000004,126.5796768
10617265498,45.7167551,126.63808290000001
10651788089,45.695644900000005,126.52738070000001
10651788095,45.692692,126.52764760000001
10651788098,45.695129400000006,126.5257744
10651998367,45.657178800000004,126.53889120000001
10651998368,45.6565821,126.5384102
10651998372,45.656638300000004,126.53782550000001
10651998451,45.655853400000005,126.54002030000001
10651999213,45.6505822,126.54185120000001
10651999214,45.6546528,126.54515970000001
10651999215,45.654737100000006,126.54522460000001
10651999217,45.6604571,126.54981670000001
10652030682,45.653182300000005,126.548803
10652030685,45.6531308,126.5489304
10652661096,45.65431,126.5460089
10652661106,45.6527715,126.5447752
10682155489,45.720768400000004,126.65513030000001
10682220124,45.7528717,126.6379522
10682220133,45.753418200000006,126.6385865
10682235416,45.7446507,126.62575170000001
10682235422,45.744175500000004,126.62659160000001
10682235449,45.7476232,126.62875690000001
10682235451,45.748390500000006,126.62859610000001
10682235452,45.748265200000006,126.6288164
10682235454,45.7489338,126.62921560000001
10682235455,45.749688000000006,126.6300793
10682235456,45.7494778,126.6304716
10682235457,45.748986,126.62993030000001
10682235458,45.750018600000004,126.6311459
10688853135,45.808789700000005,126.5480816
10688853136,45.808738500000004,126.54838860000001
10688853137,45.808922200000005,126.5482324
10688853145,45.8081552,126.54923350000001
10690648155,45.750320900000006,126.5618924
10690648157,45.7508196,126.5618433
10711070373,45.775539900000005,126.77008620000001
10711070384,45.775215700000004,126.77338970000001
10711070391,45.775306500000006,126.7750687
10711070393,45.775913300000006,126.77315170000001
10711070394,45.7758793,126.77287840000001
10711070395,45.7752271,126.7730401
10711070401,45.775550800000005,126.77017850000001
10711070402,45.775268000000004,126.7733469
10711070403,45.775192700000005,126.77330920000001
10727602897,45.6980604,126.4979459
10727602898,45.698198100000006,126.49841550000001
10727602899,45.6990665,126.50128160000001
10727602900,45.699902300000005,126.5039438
10727602901,45.6999647,126.5041681
10727602902,45.7014967,126.50914080000001
10727602903,45.7016496,126.5095974
10727602904,45.7031755,126.51455410000001
10727609405,45.7032256,126.51472380000001
10727609406,45.704692900000005,126.5194981
10727609407,45.704761100000006,126.51972070000001
10727609409,45.7065503,126.5255377
10801939355,45.741967,126.7246616
10801939362,45.7420337,126.7281238
10801939363,45.741964700000004,126.7281243
10801939364,45.741966500000004,126.72636940000001
10836131821,45.815882,126.5375109
10836131822,45.816378300000004,126.53931820000001
10836154737,45.810011200000005,126.55922070000001
10836154738,45.810006800000004,126.55913670000001
10836154745,45.8178678,126.55979190000001
10890307628,45.737738900000004,126.67425650000001
10897536908,45.8222497,126.54675320000001
10960157787,45.699114900000005,126.71991080000001
10963651858,45.6834283,126.5403292
10963651860,45.6835109,126.54028550000001
10963651861,45.683421,126.54020550000001
10963651863,45.683395000000004,126.5321243
10963651864,45.6862725,126.53608320000001
10963651865,45.686224,126.53602810000001
10963651866,45.6862166,126.53616760000001
10963651867,45.6861678,126.536112
10963651868,45.6832579,126.5322175
10963991841,45.7670066,126.60024680000001
10963991842,45.7658354,126.59953610000001
10963991843,45.7646479,126.59877870000001
10963991844,45.762436300000005,126.59738100000001
10963991862,45.759993400000006,126.59667870000001
10963991863,45.759911300000006,126.59659110000001
10963991873,45.7574143,126.59069740000001
10963991874,45.758290900000006,126.5930479
10963991878,45.7605443,126.59703970000001
10963991889,45.7605888,126.59629790000001
10965068381,45.6803796,126.68048300000001
10965068383,45.678580700000005,126.68447870000001
10965068385,45.6805709,126.682252
10965068386,45.678397000000004,126.6827506
10965068387,45.6784892,126.68361970000001
10965068389,45.6801608,126.6832433
10965068395,45.679401000000006,126.68515430000001
10965068396,45.6795021,126.6861374
10965068397,45.6792129,126.68345670000001
10965068398,45.6791141,126.68258610000001
10965068399,45.678907200000005,126.68079680000001
10965068402,45.679623,126.6806442
10965068403,45.6798231,126.68242350000001
10965068495,45.6793063,126.68429970000001
10965275974,45.7182394,126.75349150000001
10965275975,45.7190528,126.74773250000001
10965275976,45.719075100000005,126.747577
10965275978,45.712311,126.7349635
10965275979,45.7120492,126.7384159
10965275980,45.712139400000005,126.73842570000001
10965275983,45.7115376,126.74661580000001
10965275984,45.711704100000006,126.7444765
10965275985,45.7116939,126.7445981
10965275988,45.711231600000005,126.7505885
10965275994,45.7121063,126.7389641
10965275995,45.7120934,126.73921980000001
10965276000,45.714235900000006,126.72956230000001
10965276001,45.713960300000004,126.73134820000001
10965276002,45.7135204,126.7343742
10965276003,45.713580400000005,126.72936920000001
10965276004,45.713314100000005,126.7312244
10965295408,45.713996,126.7357707
10965295409,45.713902700000006,126.7364041
10965295412,45.71331,126.73572850000001
10965295413,45.7142974,126.7335872
10965295414,45.7136646,126.7334057
10965295415,45.7130225,126.7332229
10965295416,45.7125878,126.7330867
10965295434,45.7134865,126.7345928
10965295436,45.7162349,126.73415910000001
10965295569,45.713412700000006,126.73506780000001
10965295570,45.712850200000005,126.73441650000001
10965295571,45.7211827,126.7335675
10965295898,45.7167358,126.7304991
10965295906,45.7214272,126.7274007
10965295909,45.720612,126.7288304
10965295912,45.720857300000006,126.72724430000001
10965295913,45.721204400000005,126.729005
10965295914,45.7203736,126.73077140000001
10965295916,45.717826300000006,126.7309347
10965295917,45.7176069,126.73248720000001
10965295919,45.7203503,126.73094800000001
10965295921,45.7184814,126.7311195
10965597355,45.7503893,126.77115520000001
10965597357,45.7455153,126.77238100000001
10977614392,45.8316527,126.54542300000001
10977614393,45.8325649,126.5481086
10977614394,45.8337261,126.551461
10977620806,45.8337865,126.5535145
10977620811,45.832849800000005,126.55567300000001
10977620812,45.832693000000006,126.555981
10977620813,45.8332623,126.5503597
10977620814,45.833152000000005,126.55002350000001
10979361381,45.820873600000006,126.608355
10979361382,45.8262985,126.62284020000001
10979361385,45.8262489,126.6228808
10979361404,45.8208299,126.62603750000001
10979372805,45.821022500000005,126.6265484
10979372806,45.817397,126.6285158
10979372807,45.8175791,126.6289902
10979372808,45.8172811,126.62861810000001
10979372809,45.817454500000004,126.6290783
10979372810,45.8127348,126.63449250000001
10979372811,45.8126509,126.6341953
10979372812,45.8124948,126.63366280000001
10979372823,45.8299401,126.6192611
10979372824,45.8298787,126.6192929
10979372825,45.830153300000006,126.619854
10979372826,45.8301036,126.6199026
10979372847,45.8318917,126.62685610000001
10979372852,45.831727400000005,126.62624650000001
10979372894,45.8300433,126.62754340000001
10979372900,45.8302812,126.62810320000001
10979372917,45.8300197,126.6240482
10979372918,45.829934,126.62382070000001
10979372919,45.8297186,126.624273
10979372920,45.829640100000006,126.624048
10979372969,45.8317221,126.6242876
10979372970,45.831305,126.6246026
10979372971,45.8313417,126.62470210000001
10979372972,45.8317567,126.62438010000001
10980362290,45.796179,126.6847912
10980362291,45.796066800000006,126.6854684
10980362292,45.795726200000004,126.68526320000001
10980362295,45.795083000000005,126.68580670000001
10980365615,45.803454,126.71503390000001
10980365616,45.8032988,126.7141668
10980437260,45.6675028,126.73235190000001
10980437270,45.6686479,126.7337265
10980437272,45.6686649,126.73499290000001
10980501707,45.678021300000005,126.73639510000001
10980501708,45.668901700000006,126.7366355
10980501709,45.669546700000005,126.73494570000001
10980501718,45.6679588,126.7314831
10980501723,45.6693251,126.73089390000001
10980501724,45.6691135,126.7298944
10980501725,45.668065500000004,126.7303421
10980501726,45.6710446,126.72805050000001
10980501727,45.6714531,126.72997620000001
10980501728,45.671855900000004,126.7318836
10992671788,45.8299639,126.6710912
10995295170,45.8349862,126.6148014
10995295171,45.8353393,126.61579270000001
10995295172,45.8349357,126.61483690000001
10997353226,45.828395500000006,126.61530920000001
10997353227,45.828429400000005,126.61539730000001
11002943282,45.817042900000004,126.72252420000001
11002943283,45.818522900000005,126.72277330000001
11002943285,45.811656600000006,126.72052950000001
11002943289,45.821773400000005,126.7231481
11002943290,45.8190636,126.72285230000001
11002943308,45.797404500000006,126.70664000000001
11002943309,45.7973341,126.7065304
11002943337,45.8145292,126.7171699
11002943356,45.8132766,126.72003690000001
11002943366,45.8176178,126.722693
11002943367,45.818349500000004,126.7229035
11002943368,45.8183555,126.72273940000001
11002943381,45.829721500000005,126.7263015
11002943382,45.8291053,126.72535560000001
11002943383,45.829030700000004,126.72545640000001
11002943384,45.829642500000006,126.7264083
11002943391,45.8337445,126.73759550000001
11002943398,45.833831,126.7374884
11002943399,45.8340764,126.7375025
11002943420,45.8280204,126.72479740000001
11002943453,45.828524,126.72466010000001
11002943481,45.822495800000006,126.72336050000001
11002943493,45.8333407,126.7657314
11002943510,45.8377716,126.79696320000001
11002943530,45.833615,126.76570650000001
11005652337,45.838612100000006,126.54962270000001
11005652339,45.835838,126.5422027
11005652340,45.8357759,126.54203980000001
11005652341,45.835919600000004,126.5557294
11005652356,45.8365978,126.5539992
11005652357,45.8358852,126.5556384
11005652359,45.838580300000004,126.54954180000001
11005652360,45.8384944,126.54975300000001
11005652362,45.8357697,126.55597420000001
11005652363,45.8349065,126.55791
11005652364,45.8347782,126.55821630000001
11005652365,45.8397803,126.5425871
11005652366,45.8368204,126.54486030000001
11005652367,45.838366900000004,126.5436818
11005652368,45.8396358,126.54714310000001
11005652369,45.8396702,126.54722620000001
11005652370,45.8374079,126.54102460000001
11005652371,45.834969900000004,126.54287640000001
11005652389,45.837357600000004,126.55232170000001
11005652390,45.837405200000006,126.55238510000001
11005652392,45.8330909,126.562222
11005652393,45.830684000000005,126.5600797
11005652395,45.8300226,126.56162730000001
11005652396,45.8307348,126.5601261
11005652397,45.834158200000005,126.55979190000001
11005652398,45.8318577,126.5577492
11005652399,45.8317977,126.55769350000001
11005652400,45.831782100000005,126.553983
11005652402,45.827964,126.55689620000001
11005821231,45.666827000000005,126.5286798
11005821232,45.6686962,126.52792230000001
11005821236,45.6713894,126.53440640000001
11005821237,45.6704084,126.5370072
11005821239,45.6726484,126.53164480000001
11005821240,45.672103500000006,126.53113150000001
11005821241,45.6696656,126.53636510000001
11005821242,45.6707759,126.53398910000001
11005821243,45.6685627,126.53187770000001
11005821245,45.6698749,126.5290324
11005821246,45.6693878,126.5300765
11005821247,45.671609100000005,126.5321957
11005821248,45.6708483,126.5314699
11005821249,45.670022700000004,126.53327060000001
11005821250,45.670162600000005,126.5308157
11005821251,45.6693317,126.53261140000001
11005821252,45.6680627,126.53288590000001
11005821253,45.6702864,126.53504260000001
11005821254,45.666892000000004,126.5317732
11005821255,45.663749900000006,126.52880420000001
11005829400,45.666746,126.53518690000001
11010633753,45.7490528,126.77148340000001
11015490495,45.8337963,126.50172590000001
11015490496,45.8338011,126.5018644
11015490498,45.833677900000005,126.5017248
11015490499,45.8336829,126.50186300000001
11019853656,45.70942,126.51611360000001
11019853659,45.7071662,126.5060993
11019853660,45.707022,126.5056229
11019853661,45.7054965,126.50069320000001
11019853662,45.7054364,126.5004909
11019853663,45.7037142,126.4949864
11019853664,45.703564400000005,126.49449460000001
11019853667,45.7016092,126.48810440000001
11019853684,45.709479300000005,126.5164943
11019853685,45.709526100000005,126.5167794
11026141125,45.6955213,126.5193646
11026141126,45.692636500000006,126.5211654
11026141127,45.692572500000004,126.5212037
11026149991,45.6919288,126.5152992
11026149994,45.692967700000004,126.5146502
11026149995,45.696533200000005,126.51240750000001
11026149996,45.6979355,126.51151780000001
11026162612,45.6940444,126.52551480000001
11026162631,45.692628000000006,126.52137730000001
11026162638,45.6854774,126.4982296
11026162639,45.6874528,126.5045975
11026162640,45.6876157,126.5051452
11026162641,45.689295900000005,126.5105898
11026162642,45.689369400000004,126.5108378
11026162644,45.6908757,126.51566880000001
11026162650,45.694921300000004,126.52578340000001
11026162664,45.7010425,126.5218265
11026162666,45.6997544,126.52265530000001
11026162674,45.6947515,126.52569050000001
11026162681,45.6998255,126.5229743
11026162682,45.6981162,126.5240986
11026162683,45.6979927,126.52368630000001
11027994760,45.7959077,126.68460630000001
11027994761,45.796107500000005,126.6851369
11027994762,45.7961174,126.68498960000001
11027994782,45.7906726,126.70159280000001
11027994833,45.7941559,126.6891997
11027994836,45.7941331,126.689018
11027994838,45.7906398,126.69180630000001
11027994844,45.7933383,126.7009196
11027994845,45.7921956,126.70120510000001
11027994847,45.791048100000005,126.70149060000001
11027994848,45.791718200000005,126.69097160000001
11028239079,45.8055353,126.712828
11028244230,45.796063600000004,126.68505150000001
11028391216,45.770595900000004,126.64830230000001
11028391223,45.762668700000006,126.6310737
11028391234,45.762709300000004,126.6317609
11028391237,45.7575395,126.6257068
11028391268,45.753950100000004,126.63059750000001
11028391309,45.745147100000004,126.62456800000001
11028391317,45.745082100000005,126.6241428
11028391320,45.745257900000006,126.62469290000001
11032465801,45.7765077,126.77667040000001
11032468812,45.7822334,126.77204680000001
11032468813,45.7822419,126.7721554
11032468814,45.782482800000004,126.77513280000001
11032468828,45.7861677,126.76998680000001
11032468906,45.7821373,126.77210310000001
11032468907,45.786053100000004,126.77445700000001
11032468909,45.7824666,126.7749328
11032468910,45.7823785,126.77495440000001
11035831449,45.729458,126.7057257
11042701303,45.7140385,126.6554646
11042701306,45.715225800000006,126.65234670000001
11042701324,45.714995800000004,126.6522271
11042701325,45.7144435,126.6534089
11042701326,45.714074000000004,126.6544729
11042701327,45.7137594,126.65575260000001
11042701329,45.7208996,126.63808580000001
11042701330,45.7205348,126.6395116
11042701331,45.7255284,126.62501400000001
11042701332,45.7251884,126.6255888
11042953012,45.697476900000005,126.5782935
11042953019,45.697528500000004,126.57775910000001
11042953020,45.698695900000004,126.58440610000001
11042953028,45.698261900000006,126.5841283
11042953029,45.7019029,126.58805910000001
11042953036,45.702071800000006,126.5886049
11042953037,45.7007404,126.58413660000001
11042953052,45.7009022,126.5844476
11048173905,45.714923500000005,126.5885916
11048173933,45.719045,126.59016240000001
11048173934,45.7195497,126.59081990000001
11114411376,45.782525400000004,126.72016380000001
11114411721,45.781066700000004,126.7204925
11114417366,45.781552700000006,126.7104917
11114417367,45.781490700000006,126.71050760000001
11118655750,45.688470300000006,126.67624570000001
11118655756,45.690148,126.67944630000001
11123381738,45.6844559,126.71252030000001
11123381741,45.681544200000005,126.715326
11124980188,45.8278708,126.61167760000001
11124980197,45.828602200000006,126.6119807
11125420996,45.708412700000004,126.59231810000001
11127346214,45.809951700000006,126.70679810000001
11127346215,45.8097554,126.70649540000001
11127346216,45.8096948,126.706383
11127346286,45.8096173,126.70650450000001
11127346287,45.809691,126.70659520000001
11127346288,45.8098765,126.70687380000001
11127386620,45.6775585,126.53631940000001
11127386638,45.672738200000005,126.54897980000001
11127386651,45.673498900000006,126.5486142
11127386652,45.6736583,126.54845370000001
11127386654,45.673483100000006,126.54820190000001
11127386664,45.6735272,126.54863750000001
11127386684,45.673694000000005,126.54848290000001
11128446250,45.787279000000005,126.57383600000001
11128446266,45.7850149,126.5654016
11128446267,45.7847014,126.5646365
11128446273,45.782356300000004,126.56401410000001
11128446277,45.780815700000005,126.56539090000001
11132551062,45.631304400000005,126.61548200000001
11134620938,45.754843,126.7402734
11161386136,45.7468665,126.754568
11161386142,45.7489703,126.76274850000001
11161413120,45.740695200000005,126.7573354
11161413123,45.7417175,126.76565570000001
11161413124,45.7411511,126.7600201
11161413467,45.7484984,126.7672498
11161413468,45.745209800000005,126.76994970000001
11161431176,45.746278200000006,126.77828810000001
11161431178,45.749095800000006,126.7774021
11161431179,45.7510813,126.7767278
11163197251,45.830736200000004,126.6177533
11165403351,45.7005952,126.5908643
11165403354,45.699215200000005,126.58950580000001
11166702910,45.7131583,126.7233616
11166702911,45.713095900000006,126.72417200000001
11166702918,45.713930500000004,126.7315554
11166702920,45.713302000000006,126.73130760000001
11166702921,45.712701300000006,126.73117160000001
11166702922,45.714423100000005,126.73272750000001
11166702923,45.7137851,126.73256730000001
11166702924,45.7131412,126.73240960000001
11166717106,45.685323000000004,126.70740590000001
11167387744,45.734079200000004,126.75908510000001
11167387747,45.7339594,126.759082
11170054738,45.7705168,126.72896200000001
11170054746,45.762504500000006,126.7385998
11170057493,45.772265600000004,126.74330920000001
11170057501,45.7590008,126.74757880000001
11170057502,45.7682906,126.7391053
11170057506,45.7651492,126.7425338
11170057514,45.7594944,126.74745440000001
11170057515,45.763420700000005,126.74315870000001
11170057516,45.7638182,126.7463687
11170057519,45.77131,126.74098070000001
11170057520,45.7716086,126.7434946
11170057521,45.771958700000006,126.74082220000001
11170057522,45.770633100000005,126.74115350000001
11170057523,45.770977300000006,126.7439485
11170057664,45.7576425,126.7266991
11170057668,45.7591869,126.73918510000001
11170057675,45.761473800000005,126.73514870000001
11170057676,45.758850900000006,126.7359296
11170057678,45.754401800000004,126.73727930000001
11170057679,45.755451300000004,126.74433300000001
11170057686,45.762472200000005,126.73837340000001
11170057687,45.7586755,126.7347438
11170057688,45.7545784,126.7359995
11170057695,45.7600068,126.73558550000001
11170057697,45.7583251,126.7323717
11170057699,45.7528767,126.7408841
11170057700,45.7534538,126.7447977
11178860407,45.6851914,126.5375918
11178860409,45.684578200000004,126.53728740000001
11178860410,45.6839505,126.5382428
11178860412,45.684227,126.5390533
11184290606,45.7261566,126.7245934
11184290607,45.722408800000004,126.7233942
11184290608,45.724168000000006,126.7239571
11184290609,45.7239255,126.72563650000001
11184290611,45.726379400000006,126.72557570000001
11184290612,45.726025500000006,126.7254738
11184290613,45.7240624,126.72468860000001
11184290616,45.7221927,126.719492
11184290893,45.7897842,126.7515764
11195959933,45.796816400000004,126.78900580000001
11195959981,45.798943300000005,126.7790808
11195960020,45.7976121,126.78430800000001
11202750154,45.745430500000005,126.772576
11202750156,45.744460000000004,126.76452370000001
11202750157,45.7440282,126.76109340000001
11202750158,45.743407000000005,126.75609730000001
11202750159,45.745412800000004,126.77240830000001
11219299868,45.746633,126.6741817
11223074164,45.833619000000006,126.5238094
11232758471,45.7805234,126.773065
11232758496,45.7616013,126.7305534
11232758504,45.7705065,126.72887800000001
11232758510,45.7652316,126.7299741
11232758515,45.7610125,126.73147180000001
11232758517,45.7561194,126.75848560000001
11232758518,45.7560246,126.758448
11232758520,45.7556512,126.759049
11232758523,45.7688575,126.77220940000001
11232758524,45.7686049,126.7722281
11232758525,45.7688014,126.77479600000001
11232758526,45.768966600000006,126.77477390000001
11233659428,45.804858200000005,126.698733
11233659436,45.7938105,126.67874010000001
11233678539,45.788627000000005,126.70377180000001
11233678540,45.7887107,126.70446000000001
11233678542,45.7869181,126.70154350000001
11233678543,45.7870228,126.70151740000001
11233678544,45.7869674,126.7015312
11233693782,45.7689254,126.7162373
11233693795,45.719231,126.76941550000001
11233693797,45.715453000000004,126.7680663
11233693798,45.7154711,126.76796010000001
11233693800,45.7109353,126.75163760000001
11234025729,45.8008539,126.7169197
11234025730,45.8013045,126.71734550000001
11234025732,45.7954519,126.71152330000001
11238395259,45.677848100000006,126.5868169
11238395260,45.6776008,126.589804
11238395261,45.6777572,126.58791420000001
11238395270,45.6765721,126.5896589
11238395298,45.673550600000006,126.61259210000001
11238395299,45.6784588,126.5850891
11238395321,45.6787481,126.58154250000001
11238395322,45.6769137,126.5812444
11238395326,45.677570800000005,126.5790396
11238395327,45.6773796,126.58132010000001
11238395328,45.6769411,126.58647470000001
11238395329,45.67895,126.579222
11238395330,45.6788576,126.58024750000001
11238395331,45.677488600000004,126.58002
11238395334,45.6780874,126.58011950000001
11238395335,45.6787671,126.5813095
11238395336,45.6773996,126.5810811
11238395337,45.6769345,126.58100710000001
11238395338,45.6799431,126.57936350000001
11238395340,45.6798834,126.5767093
11238395341,45.677052800000006,126.57630950000001
11238395343,45.680603700000006,126.57723680000001
11238395344,45.66147,126.58600460000001
11238395345,45.6609654,126.58597890000001
11238395347,45.659249200000005,126.5859951
11238395350,45.6569589,126.5841819
11238395351,45.6585558,126.58411690000001
11238395352,45.6585672,126.5859077
11238395353,45.6604085,126.58597970000001
11238395367,45.6552852,126.5835926
11238395369,45.655521500000006,126.583679
11238395372,45.6550239,126.58743980000001
11238395373,45.654784600000006,126.58741350000001
11238395378,45.658487300000004,126.58199270000001
11238395379,45.660309000000005,126.587292
11238395385,45.6560354,126.58690990000001
11238395390,45.6559587,126.5847267
11238395391,45.655644800000005,126.58464090000001
11238395394,45.655961500000004,126.5883043
11238395397,45.655846600000004,126.58930280000001
11238395398,45.661259,126.58746140000001
11238395399,45.659131900000006,126.58710710000001
11238395400,45.6601501,126.58476200000001
11238395402,45.6585617,126.58503560000001
11238395403,45.6569422,126.58502770000001
11238395404,45.657737100000006,126.58415020000001
11238395405,45.6577545,126.58503160000001
11238395406,45.6577688,126.58591070000001
11238395407,45.6585922,126.58324280000001
11238395408,45.6570072,126.58328750000001
11238395410,45.657347900000005,126.58327790000001
11238395411,45.6573368,126.58416650000001
11238395412,45.657334000000006,126.58502960000001
11238395413,45.6573226,126.5859123
11238395414,45.6572231,126.58591270000001
11238395415,45.657194700000005,126.5869564
11238395416,45.6582887,126.58590880000001
11238395417,45.6582656,126.58700970000001
11238395418,45.6579421,126.5859101
11238395419,45.657902,126.5869916
11238395420,45.6570577,126.5824371
11238395421,45.658146300000006,126.5832553
11238395422,45.6581637,126.58413290000001
11238395423,45.6581722,126.58503370000001
11238395424,45.6581666,126.5859092
11238395425,45.6598004,126.58598780000001
11238395426,45.6597298,126.58720100000001
11238395427,45.6569416,126.5850597
11238395428,45.656268700000005,126.5825458
11238395431,45.6562357,126.58482060000001
11238395438,45.661272200000006,126.5819012
11238395554,45.661194200000004,126.5759694
11238395555,45.6614367,126.57645520000001
11238395608,45.6555909,126.58370160000001
11238395609,45.66125,126.576103
11246154380,45.8304698,126.6789126
11246154391,45.8271834,126.67677900000001
11246154401,45.8289069,126.6833704
11246154402,45.8356652,126.67557590000001
11246154404,45.8338387,126.68110270000001
11246154406,45.8298726,126.68013350000001
11246154415,45.8347398,126.678307
11246154416,45.8309408,126.6766702
11246154417,45.8303457,126.67871070000001
11246154419,45.8460497,126.68468460000001
11246154420,45.8431902,126.67009010000001
11246154436,45.8354105,126.66581780000001
11246154437,45.8352799,126.6656334
11246154438,45.8418027,126.6690676
11246154441,45.8375799,126.6703468
11246154442,45.8387819,126.6674976
11250365510,45.7237342,126.59603750000001
11250365511,45.739495500000004,126.609543
11250365512,45.7391998,126.609987
11250365513,45.7400357,126.61102910000001
11250365514,45.7399092,126.61004720000001
11250365515,45.7396301,126.61052330000001
11250365516,45.739344300000006,126.61100950000001
11250441167,45.7310815,126.5833819
11250441169,45.7324373,126.5859559
11250441170,45.734394,126.58904190000001
11251604843,45.738128800000005,126.51036330000001
11251604844,45.7391851,126.50997720000001
11251604845,45.7391998,126.51006640000001
11252949064,45.8366003,126.57224500000001
11252949065,45.8397093,126.56924430000001
11254987027,45.751081500000005,126.56522210000001
11255051060,45.7504439,126.56185210000001
11255181545,45.780207600000004,126.6225376
11255181546,45.777407800000006,126.62374870000001
11255181547,45.7773447,126.62377140000001
11255181552,45.7751615,126.6247732
11255181553,45.775063700000004,126.6248283
11255181559,45.759883800000004,126.62862150000001
11255181569,45.758807700000006,126.628746
11255181578,45.756922700000004,126.62767600000001
11255181579,45.7570757,126.6273005
11255181580,45.7571858,126.62736160000001
11255181595,45.754696200000005,126.6264014
11255181596,45.7543888,126.6263933
11255181598,45.752855000000004,126.6261149
11276079035,45.740458100000005,126.50765620000001
11276079039,45.7285406,126.50231660000001
11276079040,45.7285522,126.50241620000001
11276079041,45.7111213,126.5270777
11375718752,45.7291748,126.5599322
11378602377,45.7461925,126.77844870000001
11378602382,45.7461762,126.77832240000001
11378602383,45.7420252,126.77957980000001
11675699270,45.795967600000004,126.6520998
11702574367,45.6773861,126.6415223
11702574368,45.677353800000006,126.6412344
11702603807,45.6720595,126.6151976
11702603808,45.6722516,126.6145819
11702603810,45.6737401,126.6142569
11702603811,45.673751,126.6143665
11702603812,45.675110600000004,126.61408600000001
11702603820,45.674987900000005,126.6129611
11702603821,45.675031000000004,126.61295030000001
11702603822,45.6760357,126.613915
11702603828,45.668727800000006,126.615458
11702603832,45.675296700000004,126.6144517
11702603837,45.672881600000004,126.61985190000001
11702603838,45.6722811,126.61995280000001
11702603839,45.7572259,126.69087350000001
11702603840,45.7573457,126.6908389
11702603859,45.7136269,126.6839822
11702603860,45.713593200000005,126.6843412
11702603861,45.713657000000005,126.6837775
11702627481,45.678564,126.61335480000001
11702627482,45.678488,126.61270510000001
11760540398,45.7445201,126.62755410000001
11760540400,45.7447267,126.6278025
11760540403,45.7452362,126.62840170000001
11764042462,45.746512800000005,126.6320687
11764042465,45.7473578,126.6328378
11764063093,45.7397062,126.63135890000001
11764105164,45.729308800000005,126.6674323
11764105165,45.724628900000006,126.66930660000001
11764105166,45.7276467,126.66809800000001
11764105167,45.726789100000005,126.66844150000001
11774618469,45.7314341,126.56249460000001
11802193604,45.700838000000005,126.6969875
11802193605,45.700993000000004,126.69681510000001
11802193633,45.837962000000005,126.5106908
11802193646,45.838945100000004,126.52885590000001
11802193650,45.8382906,126.51072330000001
11802193651,45.8374097,126.50195000000001
11802193653,45.837928100000006,126.51021290000001
11802193654,45.837941300000004,126.51041090000001
11802193655,45.8370528,126.49620960000001
11802193656,45.8373926,126.50171750000001
11802193657,45.8374043,126.50186360000001
11802209674,45.8382536,126.5102305
11802209675,45.8382627,126.5104194
11805305838,45.818086400000006,126.63866820000001
11805305839,45.8178719,126.63900860000001
11805305840,45.817798800000006,126.63926160000001
11805305841,45.818214000000005,126.6392739
11911783751,45.7521068,126.61276040000001
11911783752,45.7520615,126.61230510000001
11911783753,45.753477200000006,126.6089709
11911783757,45.7530036,126.61021210000001
11911783762,45.752164500000006,126.61213040000001
11911783763,45.7520496,126.61232450000001
11911783765,45.7523351,126.61200140000001
11911785781,45.7541792,126.6072979
11911785782,45.754377600000005,126.60746010000001
11911785801,45.7562457,126.60861030000001
11911785804,45.7562176,126.6089242
11911785830,45.7394212,126.61819860000001
11911785846,45.7380125,126.63735270000001
11939750104,45.7801637,126.5554388
11939750105,45.7802202,126.5555614
11968527796,45.6607259,126.6175946
11968527798,45.6623311,126.62245630000001
11978246603,45.7179918,126.7618927
11978246604,45.7199256,126.76607320000001
11978246605,45.7094479,126.77182570000001
11978246606,45.712994200000004,126.7724927
11978246620,45.718581500000006,126.7724642
11978246627,45.713182,126.72418730000001
11978246628,45.713242,126.7234602
11978246630,45.713151700000004,126.7234439
11978246631,45.715484800000006,126.7240924
11978246635,45.692138500000006,126.7141048
11978246646,45.6867931,126.7094081
11980455301,45.7493531,126.72819940000001
11980455302,45.748682900000006,126.7227838
11980532822,45.827545,126.76626100000001
11980532847,45.824340500000005,126.75829470000001
11980532848,45.8205329,126.74655290000001
11980551282,45.821632,126.76824020000001
12023266182,45.6755579,126.64237370000001
12023266184,45.675477900000004,126.64467200000001
12023266192,45.6770816,126.64601230000001
12023266193,45.676610200000006,126.64611350000001
12023266195,45.6756192,126.6429909
12023266196,45.6763691,126.64372050000001
12023266197,45.675705900000004,126.6438638
12023266201,45.6757105,126.64391040000001
12023266202,45.676140700000005,126.64227670000001
12023266203,45.676363800000004,126.6420793
12023266204,45.676225300000006,126.6417729
12023266205,45.6760474,126.6419664
12023266206,45.676576000000004,126.64203160000001
12023266207,45.677029100000006,126.6420834
12023266208,45.677117900000006,126.641756
12023266209,45.676796800000005,126.64164950000001
12023266269,45.652197,126.7448485
12023266270,45.654707200000004,126.7460645
12036261816,45.6431951,126.61817230000001
12039496736,45.6805109,126.5913924
12039496737,45.8368261,126.53194540000001
12039496738,45.837779700000006,126.53154620000001
12043067733,45.834503700000006,126.6349718
12043067736,45.8359028,126.63404360000001
12043067737,45.8365997,126.6336263
12043067738,45.8367124,126.63343760000001
12044917965,45.8358131,126.6337836
12055627549,45.6953784,126.76687260000001
12055627552,45.6921119,126.77162200000001
12055627561,45.6855441,126.7672036
12055627566,45.6873116,126.76944940000001
12055676138,45.691817,126.71778660000001
12055676139,45.691610600000004,126.7177415
12059609416,45.8003385,126.5142184
12059609417,45.794812,126.51775330000001
12059609426,45.8011338,126.5139742
12059609427,45.800117900000004,126.5144233
12059609428,45.7995566,126.5147824
12059609433,45.794659100000004,126.51844840000001
12059609434,45.8020748,126.51314520000001
12059609435,45.801439300000006,126.5137842
12059609436,45.8013921,126.51404620000001
12059609437,45.8021687,126.5137787
12059609438,45.8031396,126.5124947
12059609439,45.802725900000006,126.5129845
12059609440,45.8028038,126.51315690000001
12059609441,45.8032216,126.51309280000001
12072047527,45.771610700000004,126.560991
12072047538,45.7724831,126.56415670000001
12072047542,45.7735725,126.56605850000001
12072047543,45.7743036,126.56724270000001
12072047545,45.771586400000004,126.56121820000001
12072047546,45.7715468,126.56099660000001
12072047547,45.7735836,126.56592690000001
12072047548,45.773535100000004,126.56599860000001
12072047552,45.7691334,126.57190870000001
12072047553,45.7688908,126.57223400000001
12072047554,45.7684469,126.57282780000001
12072047559,45.7678364,126.5736926
12072047572,45.780677100000005,126.5888323
12088349746,45.6542995,126.5332829
12088349757,45.675142,126.6144014
12088379054,45.6852067,126.65075610000001
12088379055,45.685234900000005,126.65104120000001
12088379056,45.6843117,126.6509534
12088379057,45.6843317,126.6512457
12097810331,45.8359387,126.7596735
12097810342,45.839083300000006,126.7596785
12097810343,45.8391266,126.7595637
12098234587,45.7083932,126.55051830000001
12103116438,45.6501463,126.54284530000001
12103116464,45.6476247,126.54332330000001
12103116627,45.682684800000004,126.5803099
12103116638,45.680949500000004,126.5811683
12103116640,45.689386500000005,126.5714418
12103116641,45.687078,126.57741490000001
12103116650,45.6992452,126.57437270000001
12103116728,45.714235900000006,126.5683731
12103163219,45.6808386,126.56199050000001
12103163222,45.6852838,126.56198880000001
12103163225,45.6854388,126.5639646
12103163231,45.6840549,126.5675808
12103163236,45.6823733,126.5672251
12103163240,45.6869316,126.568026
12103163241,45.6839858,126.5675532
12103163243,45.6833442,126.57034410000001
12103163259,45.6990965,126.57000900000001
12112115345,45.692747000000004,126.49368930000001
12122476497,45.6798906,126.7065295
12122476498,45.679984000000005,126.70640200000001
12135554701,45.7107175,126.72299770000001
12135554703,45.7067102,126.721715
12135554705,45.705099100000005,126.72114750000001
12135554710,45.7070537,126.72222110000001
12135554712,45.709859,126.72291650000001
12135554713,45.7759927,126.72200230000001
12135554717,45.765993900000005,126.72433860000001
12135554719,45.760929000000004,126.72533100000001
12135554728,45.735003400000004,126.72980770000001
12135554729,45.734108400000004,126.72970570000001
12135554730,45.7311181,126.7286942
12135554733,45.729671700000004,126.72820360000001
12136130559,45.7126273,126.52284200000001
12136130563,45.7048496,126.52642530000001
12136130565,45.703926,126.52678970000001
12136130566,45.703726700000004,126.5276348
12136130568,45.7049809,126.5269614
12136130572,45.7127112,126.52339350000001
12136130574,45.7144313,126.5226463
12136130575,45.710123800000005,126.5239973
12136130576,45.7095089,126.52448290000001
12136130577,45.7095198,126.52471500000001
12136130578,45.710223000000006,126.5245869
12136130579,45.7081579,126.5251025
12136130580,45.7072426,126.52533340000001
12136130581,45.707239300000005,126.5259568
12136130582,45.7080512,126.5253935
12136130583,45.677258900000005,126.53758020000001
12136158706,45.7472195,126.72880970000001
12136158709,45.749216600000004,126.72823600000001
12136158716,45.7479133,126.7290954
12137855980,45.713687500000006,126.7240196
12137855982,45.7195605,126.7258917
12137855986,45.7200435,126.725586
12137855989,45.713701400000005,126.7238935
12137855991,45.7292489,126.72864650000001
12137855993,45.7310797,126.72908360000001
12137855998,45.760980200000006,126.72578580000001
12137856000,45.764358400000006,126.72485850000001
12137886902,45.771556200000006,126.73619190000001
12141249843,45.782652000000006,126.656272
12141249844,45.7823067,126.65648870000001
12141249845,45.782433100000006,126.6564094
12141249849,45.786325700000006,126.6646422
12141249854,45.8064752,126.59929570000001
12148179277,45.7012906,126.5717834
12148205688,45.8372516,126.4877577
12148328510,45.703894000000005,126.58478590000001
12148328511,45.7036972,126.58483290000001
12148328512,45.7035272,126.58461720000001
12148328513,45.703299200000004,126.5849192
12148328515,45.7039636,126.5853886
12148328518,45.7038457,126.58603450000001
12148328519,45.7040324,126.5859853
12148328523,45.7037702,126.58544180000001
12148328524,45.703181,126.585076
12148328525,45.6980859,126.57700910000001
12148328526,45.6980451,126.5769477
12148328527,45.697896400000005,126.577145
12148328529,45.6954428,126.58042970000001
12148328530,45.695358000000006,126.580539
12148328531,45.693902400000006,126.5824656
12148328532,45.693819700000006,126.5825686
12151598256,45.827482700000004,126.5616018
12151598263,45.8261247,126.5618105
12151598268,45.8274503,126.56190760000001
12151598274,45.8260639,126.5612923
12153686367,45.803202000000006,126.56492940000001
12153686378,45.8156072,126.5783502
12153686379,45.8152381,126.57841610000001
12153686380,45.8150768,126.5784411
12153686381,45.814881400000004,126.578479
12153686382,45.8147637,126.57849920000001
12153686383,45.8141729,126.57858270000001
12153686384,45.8140882,126.5785943
12159404962,45.7709277,126.6477694
12159404963,45.7708463,126.64770960000001
12177809530,45.7140701,126.62839140000001
12177809531,45.713992100000006,126.62760270000001
12177809532,45.7140391,126.62809990000001
12177809557,45.718719500000006,126.62500050000001
12177809567,45.721429300000004,126.62345300000001
12177809569,45.7225667,126.62421880000001
12177809570,45.722884900000004,126.62323880000001
12177809571,45.7218858,126.6226412
12177809581,45.7232873,126.62197
12177809582,45.722889300000006,126.6213826
12177809583,45.7228069,126.6216653
12177809584,45.7234441,126.62358
12177809587,45.7229065,126.62317050000001
12177816627,45.7200836,126.6315675
12177816628,45.719506100000004,126.63329390000001
12177816634,45.7169444,126.6236968
12177816639,45.716227700000005,126.62430560000001
12177816640,45.716765,126.62484780000001
12177816641,45.716151700000005,126.62452730000001
12177816644,45.7241325,126.6223628
12177816654,45.719496,126.626907
12177816655,45.719702000000005,126.6272665
12177816671,45.72214,126.63450610000001
12177816672,45.7217824,126.63427000000001
12177816698,45.7174546,126.6164729
12177816706,45.7170095,126.6162132
12178313873,45.7371217,126.5485649
12178313882,45.737403300000004,126.5484682
12178313883,45.7374821,126.54905710000001
12178313893,45.737200400000006,126.54915600000001
12178314433,45.7363487,126.54125690000001
12178314442,45.736068800000005,126.5413755
12178314443,45.7359135,126.5408299
12178314452,45.7361767,126.54061360000001
12178314567,45.732048600000006,126.5322175
12178314578,45.7322542,126.53136260000001
12178314579,45.730952200000004,126.53079220000001
12178314588,45.7307932,126.53174910000001
12178382301,45.749543200000005,126.56646010000001
12178382312,45.750041,126.56609040000001
12178382315,45.7500446,126.5657235
12178382326,45.7497083,126.56529200000001
12178382337,45.7494692,126.56618630000001
12179684175,45.7196963,126.633414
12179684177,45.7195849,126.63334560000001
12185803730,45.701911,126.6014547
12185803731,45.702289500000006,126.6013659
12185803736,45.7035623,126.6000271
12185803737,45.7037866,126.60208990000001
12185803738,45.705674800000004,126.59954520000001
12185803739,45.705899900000006,126.60164510000001
12185803740,45.7063828,126.5993837
12185803741,45.706621000000005,126.6014933
12185803767,45.6875263,126.602163
12185803768,45.687448100000005,126.60220770000001
12185803769,45.687469500000006,126.60232970000001
12185803771,45.6875445,126.60226750000001
12185803772,45.6875993,126.6026504
12185803773,45.689377500000006,126.61092710000001
12186318952,45.7506593,126.7712527
12186318953,45.7506391,126.77108840000001
12192144284,45.745943700000005,126.5733376
12192144291,45.7449486,126.5736361
12216232916,45.7596287,126.585717
12216232919,45.7605805,126.58757510000001
12216232933,45.7601122,126.5887862
12216232934,45.792842,126.6538608
12216232937,45.790517200000004,126.65519110000001
12216232938,45.789631400000005,126.6556393
12227874707,45.779163100000005,126.5671494
12227874733,45.7779298,126.56846290000001
12227874734,45.7774665,126.56797580000001
12227874735,45.777781700000006,126.5686206
12227874736,45.776202500000004,126.57030800000001
12227874740,45.7762528,126.5702552
12229415748,45.684318000000005,126.53339790000001
12229415749,45.684235300000005,126.5335256
12229415750,45.681399000000006,126.53798520000001
12229415751,45.6813239,126.5381021
12231823693,45.709374700000005,126.73859750000001
12231850909,45.7033058,126.72835020000001
12231850910,45.7035867,126.73158070000001
12231850911,45.703597900000005,126.73169580000001
12232827641,45.7462001,126.57481990000001
12238489690,45.7000564,126.60856390000001
12238489691,45.6996568,126.60523800000001
12238489692,45.6985485,126.60554300000001
12238489693,45.6984337,126.60450460000001
12238489695,45.696351,126.6056956
12238489696,45.695274100000006,126.6059486
12238489697,45.698610800000004,126.60609090000001
12238489698,45.6953681,126.60682800000001
12238489699,45.696441400000005,126.6065851
12241697688,45.7059463,126.6175869
12241697689,45.7062043,126.6201144
12241697691,45.708244,126.6221294
12241697696,45.7110173,126.62082310000001
12241697697,45.7113639,126.62073470000001
12241697698,45.7075146,126.6222958
12241697699,45.707266600000004,126.61988980000001
12241697718,45.709984000000006,126.62099380000001
12241697753,45.705371,126.6172796
12241697754,45.7059743,126.62011290000001
12241697757,45.704297800000006,126.62181070000001
12241697758,45.704320300000006,126.62204670000001
12241697789,45.704345100000005,126.6220715
12241697878,45.6768701,126.67581930000001
12241697879,45.673288500000005,126.68109190000001
12254590679,45.646474100000006,126.63779280000001
12254590690,45.6495,126.6392153
12254590692,45.650205,126.6405134
12254590697,45.6526462,126.64580810000001
12254590699,45.653216300000004,126.64761200000001
12254590701,45.650355000000005,126.6468703
12254590704,45.6490463,126.6483723
12254590706,45.649440000000006,126.64314200000001
12254590709,45.651049500000006,126.64194490000001
12254590714,45.6490877,126.6487917
12254590720,45.652038700000006,126.64242850000001
12254590721,45.6515155,126.6428003
12254590722,45.649986000000006,126.63716910000001
12254590723,45.650315400000004,126.63840610000001
12254590725,45.6508216,126.63998860000001
12254590730,45.6519016,126.63952730000001
12254590731,45.6503803,126.64249530000001
12254590734,45.6512942,126.64633800000001
12254590735,45.651847700000005,126.64366480000001
12254590737,45.650869400000005,126.6441537
12254590738,45.6504337,126.64436810000001
12254590739,45.6509756,126.64651860000001
12254590740,45.6500124,126.6427675
12254590741,45.6495296,126.6412521
12255865959,45.684924200000005,126.51549130000001
12255865961,45.6814277,126.5088664
12255865962,45.6858293,126.5174585
12255865964,45.684527800000005,126.51535100000001
12255865966,45.680837700000005,126.5080027
12255865969,45.6857254,126.51758500000001
12269408687,45.7600135,126.5889549
12269414453,45.714458,126.54566080000001
12382745973,45.798320800000006,126.4938458
12397448180,45.817965,126.633897
12426941920,45.6547695,126.71813230000001
12426941921,45.652888700000005,126.7204212
12426941922,45.652688600000005,126.7190772
12426941923,45.6594665,126.7215321
12426941924,45.658755500000005,126.7202898
12426941925,45.655449700000005,126.72156310000001
12426941985,45.6555927,126.73946830000001
12426941987,45.6566082,126.7427579
12426981028,45.662046800000006,126.7515786
12426981029,45.6608444,126.7508904
12426981046,45.663106500000005,126.7428189
12426981071,45.665573900000005,126.74900550000001
12426981075,45.663617200000004,126.7482049
12426981119,45.673779,126.74549030000001
12426981179,45.6796414,126.71958020000001
12426981180,45.677593800000004,126.7204267
12426981190,45.678563600000004,126.71854820000001
12426981192,45.678769800000005,126.7199406
12426981193,45.6754058,126.71966680000001
12426981194,45.677314700000004,126.71898990000001
12426981195,45.6770658,126.71770860000001
12426981196,45.677907700000006,126.72191930000001
12426981204,45.6797368,126.7200621
12426981205,45.679950100000006,126.71997950000001
12426981212,45.6815317,126.7189656
12426981216,45.681820300000005,126.71759770000001
12426981217,45.6812604,126.72053960000001
12426981218,45.6823859,126.72087590000001
12426981219,45.682892200000005,126.71782300000001
12426981283,45.6716167,126.68173730000001
12426981284,45.671458300000005,126.6817831
12426981288,45.6733028,126.68126260000001
12426981300,45.678405700000006,126.685173
12426981322,45.678701700000005,126.7516884
12426981325,45.6767375,126.75361880000001
12429467275,45.6695532,126.6815861
12429467282,45.668394400000004,126.68459770000001
12429467299,45.672086400000005,126.67800890000001
12429519916,45.674286,126.6825082
12429519917,45.674163400000005,126.68140760000001
12429519918,45.6751042,126.68108760000001
12429519919,45.673328100000006,126.68157880000001
12429519921,45.6749019,126.68235550000001
12429519922,45.6746714,126.68077470000001
12429519923,45.6748294,126.68236970000001
12429519924,45.674722300000006,126.68128870000001
12429519937,45.674348200000004,126.6813683
12429519943,45.6748236,126.6823111
12429519967,45.6820028,126.6761053
12429519972,45.6772816,126.67733120000001
12429519973,45.6812319,126.6754049
12429519974,45.6796878,126.67585550000001
12429519975,45.6813227,126.67633900000001
12429519976,45.681750300000004,126.67614700000001
12429519977,45.682088,126.67914440000001
12429519987,45.683929600000006,126.67694720000001
12429519988,45.6830371,126.67719670000001
12429519989,45.683357900000004,126.67486380000001
12429519990,45.6836056,126.67703780000001
12429519991,45.6834408,126.6770838
12429519992,45.6836147,126.67882290000001
12429519994,45.6851818,126.67586920000001
12429520001,45.6870811,126.6759588
12429520002,45.686309800000004,126.6739414
12429520004,45.6863751,126.67448750000001
12429520006,45.686344000000005,126.6757561
12429520007,45.685943300000005,126.67406460000001
12429520008,45.6860267,126.67578700000001
12429520009,45.6855862,126.674188
12429520010,45.6856262,126.67582600000001
12429520011,45.685144300000005,126.67434060000001
12429520012,45.685896,126.67112050000001
12429520015,45.6872215,126.67422610000001
12429520020,45.6871079,126.67583400000001
12429520026,45.6870923,126.67482430000001
12429520027,45.686033200000004,126.66444290000001
12429520028,45.686333000000005,126.66500060000001
12429520029,45.6871377,126.6664997
12429520031,45.6856475,126.66732060000001
12429520032,45.6866908,126.66745420000001
12429520034,45.685981500000004,126.66617330000001
12429520038,45.685563,126.6654577
12429520040,45.6862389,126.66853270000001
12429520042,45.685450200000005,126.6669897
12429520044,45.685317700000006,126.6641567
12429520046,45.683542800000005,126.66540200000001
12429520056,45.6841792,126.6660291
12429520057,45.6844103,126.6655013
12429520058,45.684434700000004,126.6655372
12438042787,45.7774182,126.6277984
12438042788,45.777669,126.6289146
12438042789,45.778165,126.62690970000001
12438097700,45.779409900000005,126.63162460000001
12438105631,45.7804647,126.62741260000001
12438105632,45.7812435,126.629896
12438105633,45.7814155,126.6304941
12438729322,45.686948400000006,126.67791030000001
12438729331,45.6856394,126.678234
12438729333,45.686961000000004,126.6779762
12438729344,45.6870296,126.6779479
12453601996,45.800245200000006,126.71812650000001
12453601997,45.800296,126.71807480000001
12453633002,45.800098600000005,126.71844540000001
12453633003,45.800534400000004,126.71799060000001
12453633005,45.800236500000004,126.71778400000001
12453633006,45.7997104,126.71827060000001
12473223085,45.712099800000004,126.72305460000001
12473223087,45.7092697,126.72225040000001
12473223088,45.7092265,126.72295380000001
12473223092,45.7120429,126.72390050000001
12473236809,45.7209311,126.72675310000001
12473236860,45.749297500000004,126.72821440000001
12473236861,45.748945500000005,126.72490560000001
12473236864,45.748926100000006,126.72474940000001
12473236865,45.748868300000005,126.72476440000001
12473236866,45.748887800000006,126.7249204
12473236887,45.7726382,126.722548
12473236888,45.774226000000006,126.72204300000001
12473236903,45.7805265,126.7207185
12473236905,45.782348000000006,126.7202079
12473236914,45.774220500000006,126.72213740000001
12473236917,45.770566200000005,126.7237633
12473236933,45.771141400000005,126.7229336
12473236941,45.7806768,126.72112510000001
12473236959,45.7841332,126.7202704
12473236961,45.7721359,126.7234025
12473236962,45.7762326,126.72214380000001
12473236963,45.7768284,126.7221135
12473236964,45.775221800000004,126.7225181
12473236965,45.775802500000005,126.7222447
12473237059,45.690906600000005,126.5672028
12473237060,45.692166400000005,126.56396620000001
12473257404,45.7569065,126.7262931
12473257412,45.7560578,126.72099170000001
12477063242,45.7667024,126.6999753
12480251754,45.762366500000006,126.70713330000001
12480251756,45.762621300000006,126.70929100000001
12480251761,45.7573847,126.7123054
12480251766,45.7663412,126.70654520000001
12480251768,45.7665461,126.70825420000001
12480251769,45.767915300000006,126.70790260000001
12480251775,45.757561900000006,126.71147330000001
12482390723,45.761174100000005,126.69795970000001
12484207052,45.763853100000006,126.70080290000001
12484207055,45.7633797,126.6991701
12484207056,45.761519,126.6996673
12485440085,45.6914755,126.53703060000001
12485440093,45.6922969,126.53157110000001
12485440098,45.6916333,126.5312327
12485440099,45.691808300000005,126.5312265
12485469076,45.703768200000006,126.6155209
12485469077,45.7038668,126.61641350000001
12485469079,45.7035738,126.61556390000001
12485469080,45.704397900000004,126.6163003
12485469081,45.704301900000004,126.61540280000001
12485469082,45.7044985,126.61749900000001
12485469083,45.705524600000004,126.61513230000001
12485469085,45.705269900000005,126.6162022
12485469086,45.705159300000005,126.6152131
12485469087,45.703520000000005,126.6148727
12485606656,45.712920200000006,126.56551320000001
12485840711,45.708919200000004,126.6159872
12497698577,45.816451900000004,126.61576660000001
12497698578,45.816394,126.61581140000001
12543276079,45.6821521,126.6128621
12545522332,45.7800492,126.71511000000001
12545522362,45.7740936,126.72096780000001
12545522364,45.7736328,126.7167577
12545522365,45.774151800000006,126.72095290000001
12545522366,45.774276300000004,126.72203060000001
12545522380,45.780988300000004,126.74163060000001
12545522381,45.7809242,126.7416934
12549113302,45.834326600000004,126.6647913
12549113304,45.8341165,126.66457310000001
12549113460,45.8269522,126.4955065
12558385277,45.7891847,126.65943920000001
12558454609,45.7868781,126.66151780000001
12558454613,45.7873066,126.66298160000001
12558454617,45.786801600000004,126.661585
12558454673,45.7834378,126.66852580000001
12558454674,45.7834516,126.66846340000001
12558454675,45.7834656,126.66852
12558454676,45.7878209,126.66767270000001
12558454677,45.7877689,126.66768760000001
12558454680,45.786258600000004,126.6679383
12558454681,45.786269600000004,126.66805980000001
12558454682,45.7864373,126.67119330000001
12558454695,45.7892869,126.67312000000001
12558454727,45.7878654,126.66776200000001
12558454732,45.789224600000004,126.6720379
12558454733,45.7892674,126.6728224
12558454748,45.7892937,126.67325790000001
12558454757,45.7740639,126.65192830000001
12558454758,45.7726052,126.65023610000001
12558454763,45.775848800000006,126.65400840000001
12558454764,45.7760982,126.6543077
12558454765,45.7790368,126.6576972
12558454767,45.784136600000004,126.66349790000001
12558454789,45.7701536,126.6492111
12558454790,45.770100600000006,126.64911730000001
12558454795,45.7703086,126.6489655
12558988219,45.7167158,126.61692780000001
12558988220,45.683550000000004,126.59655180000001
12558988221,45.683433400000006,126.59658270000001
12558988227,45.6806004,126.59719670000001
12558988234,45.680359800000005,126.5972488
12565738604,45.6844553,126.72490590000001
12565738613,45.6882509,126.72700270000001
12565738616,45.6866933,126.7283689
12565738619,45.6853872,126.72775390000001
12565738620,45.685807200000006,126.7274976
12565738624,45.6848976,126.7251298
12565738637,45.6865752,126.73122090000001
12565738644,45.687111200000004,126.7309852
12565738645,45.68865,126.7290804
12565738647,45.6876813,126.7275539
12565738649,45.686830900000004,126.726065
12565738650,45.684542500000006,126.7254166
12565738653,45.6841917,126.72610660000001
12565738661,45.6845889,126.72912670000001
12565738663,45.685330900000004,126.7292608
12565738668,45.683785500000006,126.7264363
12565738677,45.6937597,126.77956490000001
12565738681,45.6945576,126.77971160000001
12565738690,45.693733300000005,126.77601980000001
12565738691,45.693514500000006,126.77939400000001
12565738692,45.7174318,126.7651285
12565739855,45.711345,126.76619760000001
12565739933,45.721699400000006,126.7648896
12565739935,45.720595200000005,126.7699159
12565740102,45.723558800000006,126.7466303
12565740111,45.7231589,126.74932700000001
12565740112,45.7231359,126.74948830000001
12565740113,45.722411,126.75383470000001
12565740124,45.7216741,126.75483990000001
12565740125,45.7228481,126.743919
12565740213,45.7145692,126.72852040000001
12565740215,45.7159573,126.72752030000001
12565740217,45.714544200000006,126.72793490000001
12565740218,45.7138113,126.72773980000001
12565740222,45.714669,126.726904
12565740223,45.715722400000004,126.72876540000001
12565740233,45.7179045,126.72887000000001
12565740294,45.721398400000005,126.71671640000001
12565740295,45.7223618,126.71812530000001
12565740296,45.7223106,126.7184921
12565740312,45.7188451,126.71596770000001
12565740382,45.7188481,126.7156118
12565740383,45.7188789,126.71522590000001
12565740496,45.7186146,126.72574350000001
12565740498,45.7182657,126.7287627
12565740499,45.7182417,126.72818450000001
12565740500,45.718819200000006,126.7283486
12565862538,45.717143300000004,126.72459860000001
12565862602,45.714891200000004,126.71959340000001
12565862604,45.716647900000005,126.71987240000001
12565862618,45.7166593,126.7167079
12565862619,45.7158959,126.71714080000001
12565862620,45.7159038,126.71975080000001
12565862621,45.7143631,126.7195559
12565862625,45.7139923,126.71941100000001
12565862626,45.714080300000006,126.72297300000001
12565862627,45.715422200000006,126.7196751
12565862633,45.714948,126.72392300000001
12565862653,45.7170325,126.7245628
12565862654,45.717228600000006,126.723821
12565862655,45.717123900000004,126.7237956
12573826413,45.683968500000006,126.6299283
12573826414,45.6806196,126.6306538
12574312138,45.6753797,126.5414389
12574312141,45.6772359,126.5367556
12574312142,45.676332200000004,126.5389389
12574312145,45.6753682,126.5411069
12574312152,45.6704621,126.53976540000001
12574312190,45.834106600000005,126.55974320000001
12574312191,45.8330369,126.5621765
12587760716,45.689535,126.5305823
12587760717,45.6894536,126.53141640000001
12590126750,45.837806,126.50625660000001
12590126754,45.837757200000006,126.507399
12590126773,45.8377235,126.5018751
12590126774,45.837712100000005,126.50170000000001
12590126777,45.8183218,126.56215770000001
12590126781,45.8302848,126.60155100000001
12590126782,45.8301919,126.6012817
12590126783,45.8301175,126.60167700000001
12590126784,45.8300226,126.60140960000001
12590126788,45.819939600000005,126.6381154
12590126798,45.8196755,126.63782090000001
12618422180,45.709115100000005,126.59564490000001
12620877436,45.8279136,126.61011420000001
12620877445,45.8277158,126.6111745
12620890104,45.839556800000004,126.5285041
12623517525,45.738449700000004,126.5924662
12623517537,45.738094000000004,126.5914549
12625815853,45.7439623,126.52444340000001
12625815887,45.7401265,126.524894
12660037078,45.8270289,126.5290559
12660037079,45.8271005,126.52934080000001
12660037081,45.826740900000004,126.5292711
12660037083,45.8268494,126.52919010000001
12660053606,45.8337553,126.52039900000001
12662547896,45.686258300000006,126.5261085
12662547898,45.684124600000004,126.5267156
12662547899,45.682946900000005,126.5273087
12662564501,45.684777200000006,126.53063870000001
12662564583,45.6845846,126.515713
12662564599,45.684608600000004,126.5200257
12662564600,45.685853300000005,126.5050662
12662564607,45.6801611,126.50622200000001
12662564608,45.6838135,126.5053541
12662564610,45.6844539,126.50704110000001
12662564611,45.6860907,126.506949
12662564612,45.6863029,126.50843990000001
12662564613,45.6849835,126.50906780000001
12662564618,45.685205800000006,126.51583210000001
12662564619,45.6838181,126.5098126
12662564624,45.6861766,126.5148338
12662564625,45.6839126,126.5056988
12662564628,45.682164300000004,126.50700570000001
12662564629,45.6811439,126.508087
12662564635,45.681978,126.509669
12662564675,45.7140993,126.56894910000001
12662564676,45.7154479,126.56206530000001
12662564677,45.7099313,126.5659645
12662564678,45.7155198,126.5621754
12662564681,45.7129634,126.56557210000001
12662564683,45.7130407,126.56568150000001
12662564684,45.712891400000004,126.5657451
12662564685,45.712822300000006,126.56566020000001
12662564686,45.712767400000004,126.5655966
12662663705,45.6955249,126.7183978
12662663709,45.695745200000005,126.71726050000001
12662663931,45.6853579,126.70733670000001
12662663933,45.6868433,126.70933710000001
12662663934,45.686890600000005,126.70939740000001
12662663949,45.6921547,126.7140143
12676256843,45.666348000000006,126.65262860000001
12676256844,45.6663986,126.653052
12676256845,45.6666296,126.65506920000001
12676341420,45.666964300000004,126.6505262
12676341422,45.666968700000005,126.6510296
12676341423,45.6671519,126.65287930000001
12676341425,45.666500000000006,126.65393770000001
12676341426,45.6654756,126.65070120000001
12676341435,45.6660915,126.65117900000001
12676341533,45.665013900000005,126.6555843
12676341534,45.6652302,126.6574994
12676341535,45.6644529,126.6577089
12676341552,45.6642074,126.66127990000001
12676341564,45.665615700000004,126.65861690000001
12676341565,45.663941200000004,126.65898030000001
12676341566,45.664756700000005,126.657627
12676341567,45.664876,126.6587774
12676341568,45.665134,126.6610708
12676341569,45.6639672,126.6589747
12676341570,45.662866300000005,126.66158440000001
12676341571,45.663700500000004,126.66139500000001
12676341572,45.663791100000005,126.66223430000001
12676341573,45.663319800000004,126.66148140000001
12676341574,45.6634493,126.6626933
12676341575,45.665109900000004,126.65643440000001
12676341795,45.6698023,126.6543273
12676341796,45.669561300000005,126.65216720000001
12676341798,45.6704292,126.64944940000001
12676341800,45.668636600000006,126.65079510000001
12676341801,45.6695055,126.65217940000001
12676341804,45.6697545,126.6499495
12676341805,45.670138,126.64986
12676341806,45.6699752,126.652072
12676341807,45.6693602,126.65080680000001
12676341808,45.6686521,126.6509525
12807888025,45.8318853,126.6317733
12807888026,45.831850900000006,126.63179430000001
12807888027,45.8261303,126.6223863
12807888028,45.826157800000004,126.62246030000001
12807888032,45.826107500000006,126.62249860000001
12807888033,45.826080100000006,126.62242450000001
12807962606,45.8419225,126.6192654
12807962607,45.8418724,126.6192941
12855404890,45.823567700000005,126.50167420000001
12855404892,45.818285,126.50163180000001
12855404893,45.8181219,126.50162830000001
12855404952,45.819168000000005,126.60679
12855404953,45.819195,126.60685550000001
12855404954,45.8199939,126.6090133
12855404955,45.8172281,126.6015615
12855404956,45.817201600000004,126.6014899
12855411391,45.800824600000006,126.708612
12855411392,45.797771100000006,126.70574180000001
12860353624,45.8164735,126.54287910000001
12860353626,45.816724300000004,126.54513060000001
12860472906,45.823506200000004,126.6247074
12860472907,45.823326400000006,126.62484250000001
12870047614,45.6901002,126.68277920000001
12870047615,45.6912352,126.68503340000001
12870047616,45.6909794,126.68534860000001
12870047617,45.691407500000004,126.6848047
12870047618,45.6914523,126.68283020000001
12870047619,45.6894554,126.68166640000001
12870047620,45.6892603,126.68162710000001
12870047621,45.689049700000005,126.68181100000001
12870047623,45.690372100000005,126.6803577
12870047624,45.6918074,126.68452110000001
12870047627,45.6916406,126.6827415
12870047632,45.6914953,126.6814322
12870047635,45.6923096,126.67984550000001
12870047636,45.6912308,126.6811263
12870047639,45.690586200000006,126.6800893
12870047640,45.6902739,126.6804797
12870047641,45.6905105,126.6809312
12870047642,45.689988,126.6808352
12870047643,45.6902041,126.68127030000001
12870047645,45.6925182,126.6800675
12870047646,45.692105500000004,126.6800877
12870047647,45.6922439,126.6803739
12870047648,45.6918218,126.68042460000001
12870047649,45.6919577,126.68067920000001
12870047650,45.691531100000006,126.68076980000001
12870047651,45.691674000000006,126.68101170000001
12870047652,45.6912789,126.68106920000001
12870047663,45.691534000000004,126.6858849
12870047664,45.6913229,126.68609610000001
12870047665,45.6911623,126.6851232
12870047666,45.6901023,126.6800304
12870047667,45.689767800000006,126.6803804
12870047668,45.6897083,126.68118290000001
12870047669,45.6894961,126.68068520000001
12870047670,45.6899437,126.68161380000001
12870047671,45.689067300000005,126.68119340000001
12870047672,45.69093,126.68433950000001
12870047675,45.691106700000006,126.6827121
12870047676,45.6903495,126.68319930000001
12870047678,45.690388500000005,126.6822583
12870047679,45.6903245,126.68322470000001
12870047680,45.6908936,126.68435500000001
12870047681,45.690396500000006,126.6796865
12897313648,45.774945300000006,126.54917490000001
12897313665,45.775722300000005,126.55204020000001
12897313666,45.777722000000004,126.5502455
12897313667,45.777432100000006,126.5504913
12897313688,45.776085300000005,126.55188980000001
12897323923,45.778546500000004,126.55933270000001
12897323998,45.773404400000004,126.5629301
12897323999,45.773360000000004,126.5628623
12897324000,45.7724983,126.5640111
12897324001,45.7724528,126.56408820000001
12984280735,45.7656213,126.62873880000001
12984280736,45.7655394,126.62875530000001
12992193967,45.831714600000005,126.5651246
13001189777,45.776839,126.6767145
13001189781,45.777562,126.6768078
13001229326,45.772867600000005,126.68096070000001
13001229327,45.769261300000004,126.68122760000001
13001229328,45.7727054,126.6765642
13001229330,45.7695957,126.6778517
13001229334,45.780646000000004,126.67799230000001
13001229340,45.7726223,126.67502800000001
13001229341,45.7726613,126.67755620000001
13001229342,45.774937,126.6773555
13001229343,45.7712626,126.67772140000001
13001229344,45.7728836,126.6812223
13001229345,45.771110400000005,126.6743555
13001229357,45.768919000000004,126.67481780000001
13001229358,45.770539400000004,126.67863770000001
13001229359,45.769509400000004,126.67526840000001
13001229365,45.7735003,126.67848610000001
13001229377,45.7726379,126.67604030000001
13001229378,45.772646,126.67656640000001
13001229402,45.7690755,126.67877320000001
13001229403,45.771318300000004,126.67902330000001
13001229404,45.770555,126.6791165
13001229405,45.770352100000004,126.6811469
13001229407,45.770815500000005,126.6811741
13001229408,45.770814400000006,126.68114340000001
13001229409,45.7703775,126.68114500000001
13003864563,45.771723400000006,126.67319660000001
13003864564,45.7710693,126.67326530000001
13003864567,45.7710962,126.67397880000001
13003864570,45.7688952,126.67421540000001
13003864573,45.7716952,126.67236220000001
13003864576,45.772318000000006,126.6735385
13003864577,45.769534400000005,126.67601630000001
13003864578,45.768968900000004,126.67607950000001
13003864579,45.769572800000006,126.6771674
13003864580,45.7690137,126.67721250000001
13003864581,45.769360600000006,126.67787170000001
13003864615,45.770918300000005,126.673989
13003864616,45.7707199,126.67484400000001
13003864617,45.770729,126.67517160000001
13003864636,45.773832500000005,126.67905830000001
13003864658,45.777251,126.6786704
13003864662,45.777632800000006,126.6785674
13003864665,45.777495200000004,126.6746633
13003864678,45.7749375,126.67485470000001
13003864679,45.7750229,126.67734800000001
13003864680,45.775006000000005,126.6768555
13009316797,45.7130918,126.7242363
13013351526,45.7761366,126.6783487
13013351527,45.777140700000004,126.6780188
13013351556,45.773511000000006,126.6791498
13013351564,45.773481100000005,126.67895180000001
13013351566,45.7735697,126.67949300000001
13013351567,45.7734706,126.6786823
13013351590,45.7702268,126.68115610000001
13013351591,45.770493200000004,126.6791228
13013351605,45.770654400000005,126.6831219
13013351607,45.7708382,126.6818188
13013351608,45.769549500000004,126.67872930000001
13013351609,45.769648000000004,126.681199
13013351610,45.7695524,126.67880350000001
13057123257,45.841807700000004,126.6456825
13084170525,45.815462600000004,126.5017061
13084175519,45.8114715,126.63107930000001
13084175526,45.811999,126.62904420000001
13084175534,45.8122008,126.62684440000001
13084175535,45.812256000000005,126.62668140000001
13084175537,45.817751900000005,126.62096030000001
13084175538,45.818363700000006,126.6226235
13084175539,45.818411100000006,126.62275700000001
13084175541,45.8198122,126.6265235
13084175542,45.820135,126.6274053
13084175544,45.8212187,126.6303237
13084175545,45.8212477,126.6304025
13084175547,45.823213,126.63572830000001
13084175548,45.8198908,126.62674190000001
13084175549,45.8200603,126.62721010000001
13084175606,45.818756900000004,126.62027520000001
13084175607,45.819356600000006,126.6219008
13084175608,45.819404000000006,126.62202920000001
13084175609,45.8208003,126.62581290000001
13084175610,45.8211407,126.62668830000001
13084175611,45.822211100000004,126.6295609
13084175612,45.822244000000005,126.62964190000001
13084175613,45.8235478,126.6331969
13084175614,45.8235935,126.63331710000001
13084175615,45.824369000000004,126.6353911
13084175616,45.8208818,126.6260177
13084175617,45.8210752,126.62652620000001
13084175849,45.774168700000004,126.56348940000001
13084175850,45.7744877,126.56307670000001
13084175851,45.774840700000006,126.5636154
13084175852,45.7747131,126.5637882
13084175853,45.774965200000004,126.56417630000001
13084175854,45.7743522,126.563252
13084175857,45.7758132,126.5630297
13084175858,45.7755579,126.56263440000001
13084175859,45.7753978,126.56285340000001
13084175860,45.7747602,126.56188340000001
13084251689,45.7752252,126.5630895
13084251690,45.774584100000006,126.5621213
13084251691,45.7744565,126.5622936
13084251692,45.7750932,126.56327010000001
13084251693,45.774972700000006,126.5634349
13084251694,45.774441700000004,126.5626337
13084251695,45.776656900000006,126.56080820000001
13084264702,45.775899,126.5608318
13084264703,45.776246400000005,126.5613584
13084264704,45.7766279,126.5619281
13084264705,45.7765356,126.56097070000001
13084264706,45.776324300000006,126.56062920000001
13084264707,45.7764529,126.56108160000001
13084264708,45.776189200000005,126.560675
13084264709,45.7763669,126.561197
13084264710,45.776061600000006,126.56071820000001
13084264711,45.776124800000005,126.56152150000001
13084264712,45.7758053,126.56103650000001
13084264713,45.7760054,126.56168160000001
13084264714,45.7757118,126.56124080000001
13084264715,45.7758832,126.56184540000001
13084264716,45.77562,126.5614412
13084264734,45.774268400000004,126.56511830000001
13084264745,45.771879000000006,126.5622077
13084264840,45.7712724,126.5574289
13084264854,45.771433800000004,126.5593882
13084264855,45.7720762,126.5573408
13084264856,45.772182900000004,126.55921570000001
13084264857,45.7717782,126.55737350000001
13084264858,45.771890400000004,126.55933950000001
13084264859,45.7716081,126.5573921
13084264860,45.7717181,126.5593578
13084264861,45.7776695,126.56792220000001
13084264869,45.7789895,126.56639980000001
13084264872,45.776111400000005,126.56710960000001
13084264878,45.775895000000006,126.56738910000001
13088944336,45.6666765,126.52680120000001
13088944337,45.6658169,126.5299894
13088944339,45.666453600000004,126.53135890000001
13118996869,45.790831000000004,126.4983658
13118996873,45.7907409,126.498422
13118996874,45.788568000000005,126.4997668
13118996875,45.7885031,126.4998116
13118996876,45.787944700000004,126.50016550000001
13119031582,45.729303800000004,126.5085339
13119031583,45.7293031,126.50844400000001
13119031584,45.7293808,126.50851180000001
13119031585,45.7293746,126.50842440000001
13119031587,45.735759,126.51508940000001
13119031588,45.7383758,126.5143285
13119031589,45.7357674,126.5151522
13119031590,45.7383869,126.5143888
13119031603,45.7356648,126.52083030000001
13119031604,45.736073700000006,126.52394090000001
13119031609,45.7336432,126.5174276
13119031611,45.735949600000005,126.51678740000001
13119031612,45.7359275,126.5166238
13119031613,45.73362,126.5172558
13119031622,45.794494900000004,126.51792040000001
13119031623,45.7944128,126.5179655
13122996266,45.706624500000004,126.52634470000001
13123010410,45.704448400000004,126.52935260000001
13123010414,45.7043868,126.52921930000001
13123010424,45.7043066,126.52946940000001
13123010431,45.7039099,126.5296921
13123010432,45.704259400000005,126.52931770000001
13123010433,45.7038583,126.5295174
13123010436,45.7011127,126.53476160000001
13123010437,45.701752500000005,126.5342715
13123010439,45.7026453,126.5356086
13123010440,45.7019777,126.5350037
13123010442,45.7018495,126.53274470000001
13123010443,45.701362700000004,126.53289830000001
13123010444,45.7021135,126.53359730000001
13123010445,45.701641900000006,126.533882
13123010953,45.690128200000004,126.52996820000001
13142248867,45.669699800000004,126.58539700000001
13142248868,45.669363800000006,126.5876822
13142248869,45.6697623,126.58540980000001
13142248870,45.669430000000006,126.58769480000001
13142248871,45.669320600000006,126.58795060000001
13142248874,45.6693835,126.5879759
13142248879,45.7160443,126.56644720000001
13142248881,45.718884100000004,126.56729480000001
13142248892,45.6974956,126.53021930000001
13142272502,45.6986622,126.53491840000001
13142272531,45.698686200000004,126.53509500000001
13142272544,45.698106900000006,126.53779870000001
13142272545,45.698407100000004,126.53037440000001
13142272556,45.6978534,126.53364320000001
13142272557,45.693442100000006,126.5339826
13142272561,45.6915427,126.53301230000001
13142272568,45.6916537,126.53283820000001
13142272569,45.6927193,126.53423540000001
13142272570,45.692611400000004,126.53440900000001
13142272571,45.6907191,126.53550960000001
13142272572,45.690535600000004,126.53580050000001
13142272574,45.6923539,126.5329545
13142272575,45.6920379,126.533342
13142272576,45.691911100000006,126.53349370000001
13142272577,45.6925249,126.5327723
13142272579,45.6918595,126.5325155
13142272580,45.692271100000006,126.53305610000001
13142272581,45.6929217,126.5339196
13142272582,45.6928234,126.53407290000001
13142272583,45.6921544,126.53319920000001
13142272584,45.691756100000006,126.53267770000001
13142272585,45.6910079,126.5317002
13142272586,45.689469700000004,126.5312511
13142272587,45.692385200000004,126.5329212
13142272588,45.6919559,126.53236430000001
13142272591,45.6914883,126.5320339
13142272592,45.6913818,126.5321887
13142272593,45.6912784,126.53234040000001
13142272594,45.6911647,126.53250820000001
13142272596,45.6908545,126.53183190000001
13142272603,45.693240700000004,126.5337169
13142272604,45.6928302,126.5343428
